"CHEM_ID","SUPER_PATHWAY","SUB_PATHWAY","CHEMICAL_NAME","SHORT_NAME","CHEMSPIDER","HMDB","PUBCHEM","KEGG","p","acrophase_AD","acrophase_CTL","amplitude_AD","amplitude_CTL","BHQ","Bonf","Log_AD_CTL_ampRatio"
"100000007","Lipid","Carnitine Metabolism","carnitine","carnitine",10455,"HMDB0000062",288,"C00487,C00308",0.759966057177184,"4.96356369153111","5.31731832585971","0.152949475639519","0.133806314084578",0.993369027160036,1,0.133714305229595
"100000039","Amino Acid","Methionine, Cysteine, SAM and Taurine Metabolism","methionine sulfoxide","methionine sulfoxide",139840,"HMDB0002005",158980,"C02989",0.307815561930317,"5.63031907984863","6.24484545841011","0.174388543211338","0.114396711203342",0.921001746264255,1,0.421613486411563
"100000042","Amino Acid","Histidine Metabolism","3-methylhistidine","3-methylhistidine",58494,"HMDB0000479",64969,"C01152",0.118211258005495,"2.4514973855803","2.00233593314004","0.617683752645672","0.195278111686973",0.719118486200095,1,1.15155184310392
"100000096","Amino Acid","Guanidino and Acetamido Metabolism","4-guanidinobutanoate","4-guanidinobutanoate",486,"HMDB0003464",500,"C01035",0.772990168200202,"1.68462944171504","2.18598846593296","0.0791823612922063","0.0864422743647401",0.993369027160036,1,-0.0877232797176536
"100000125","Nucleotide","Pyrimidine Metabolism, Cytidine containing","2'-deoxycytidine","2'-deoxycytidine",13117,"HMDB0000014",13711,"C00881",0.368696438577699,"2.00243557657816","2.17015804950315","0.32208626516518","0.204194389907037",0.927131797424885,1,0.455746982071881
"100000135","Nucleotide","Purine Metabolism, (Hypo)Xanthine/Inosine containing","2'-deoxyinosine","2'-deoxyinosine",58569,"HMDB0000071",135398593,"C05512",0.784467381479942,"5.66212331604175","6.03792631118067","0.140363287164221","0.140465539843663",0.993369027160036,1,-0.000728220710460646
"100000263","Amino Acid","Histidine Metabolism","imidazole lactate","imidazole lactate",389128,"HMDB0002320",793,"C05568",0.832714644201869,"5.06673240099911","5.38199881647926","0.109681205019306","0.146970902677008",0.993369027160036,1,-0.292656604337175
"100000265","Amino Acid","Tryptophan Metabolism","kynurenine","kynurenine",141580,"HMDB0000684",161166,"C00328",0.719533738468227,"4.79176654431836","4.94215935796503","0.349245713762275","0.301654227769255",0.993369027160036,1,0.146494305102032
"100000269","Lipid","Phospholipid Metabolism","glycerophosphorylcholine (GPC)","glycerophosphorylcholine (GPC)",571409,"HMDB0000086",71920,"C00670",0.134943569979836,"4.76544094247055","5.32531539622262","0.209251643592646","0.113240962262924",0.788070448682242,1,0.614019606262036
"100000272","Amino Acid","Glycine, Serine and Threonine Metabolism","allo-threonine","allo-threonine",89699,"HMDB0004041",99289,"C05519",0.818506755287,"5.20488275823577","4.89453425269643","0.1110703279181","0.138498185923623",0.993369027160036,1,-0.220693641987289
"100000275","Carbohydrate","Glycogen Metabolism","maltotetraose","maltotetraose",393830,"HMDB0001296",439639,"C02052",0.655756831615327,"5.57549821047978","5.29941427527483","0.536371769639344","0.347346929074581",0.993369027160036,1,0.434503444626749
"100000276","Carbohydrate","Glycogen Metabolism","maltotriose","maltotriose",388669,"HMDB0001262",439586,"C01835",0.466347415274513,"5.83306327067878","5.22107013505151","0.459788973300453","0.249378060408953",0.982335894227054,1,0.611797570643377
"100000406","Carbohydrate","Pentose Metabolism","ribitol","ribitol",10254628,"HMDB0002917,HMDB0001851,HMDB0000568,HMDB0000508",6912,"C00379,C01904,C00474,C00532",0.525296460922084,"1.17451140117016","1.87809298425967","0.0708905386117167","0.0504518709602862",0.993369027160036,1,0.340117146141136
"100000467","Amino Acid","Tryptophan Metabolism","3-indoxyl sulfate","3-indoxyl sulfate",9840,"HMDB0000682",10258,NA,0.606081583841388,"4.97041043314581","4.38735065894519","0.349693255643532","0.322200877402963",0.993369027160036,1,0.0818811638607979
"100000487","Peptide","Dipeptide","glycylvaline","glycylvaline",2006926,"HMDB0028854",2724807,NA,0.744747249049815,"5.48857357480236","5.79047817486985","0.294225224650771","0.268406214585005",0.993369027160036,1,0.0918439852763695
"100000660","Lipid","Phosphatidylcholine (PC)","1,2-distearoyl-GPC (18:0/18:0)","1,2-distearoyl-GPC (18:0/18:0)",85004,"HMDB0008036",94190,NA,0.0503141506325472,"4.64429585762153","2.70114089170636","0.00587259411796971","0.207237702037314",0.426216279069795,1,-3.56356998914982
"100000665","Lipid","Long Chain Polyunsaturated Fatty Acid (n3 and n6)","docosahexaenoate (DHA; 22:6n3)","docosahexaenoate (DHA; 22:6n3)",393183,"HMDB0002183",445580,"C06429",0.0230231770419052,"2.38952712882278","0.550864242028221","0.314581375820713","0.144979791981572",0.340328023535035,1,0.774648422255141
"100000776","Lipid","Fatty Acid Metabolism (Acyl Carnitine, Long Chain Saturated)","palmitoylcarnitine (C16)","palmitoylcarnitine (C16)",448,"HMDB0000222",461,"C02990",0.647292937672369,"4.97391290500294","4.5749528221318","0.168523012542822","0.196743428694793",0.993369027160036,1,-0.154828174054056
"100000781","Lipid","Fatty Acid Metabolism (Acyl Carnitine, Medium Chain)","hexanoylcarnitine (C6)","hexanoylcarnitine (C6)",4932273,"HMDB0000756",6426853,NA,0.625203014277158,"4.86758256775219","4.21360364860711","0.141687312954055","0.165164625280833",0.993369027160036,1,-0.153320097337897
"100000802","Lipid","Fatty Acid Metabolism (Acyl Carnitine, Short Chain)","acetylcarnitine (C2)","acetylcarnitine (C2)",5406074,"HMDB0000201",7045767,"C02571",0.678243277149609,"4.82369630463383","4.77194442930703","0.0835650357207821","0.12927996535638",0.993369027160036,1,-0.436355127197363
"100000808","Amino Acid","Methionine, Cysteine, SAM and Taurine Metabolism","cysteine s-sulfate","cysteine s-sulfate",102939,"HMDB0000731",115015,"C05824",0.94604938775455,"1.51892368030265","1.37676193917006","0.181369743287862","0.156362271349007",0.993369027160036,1,0.148362160996295
"100000846","Xenobiotics","Food Component/Plant","erythritol","erythritol",13835932,"HMDB0002994",222285,"C00503",0.573169771507831,"5.03846737363976","5.12718781270972","0.0842579105772494","0.0482406799644688",0.993369027160036,1,0.5576798111479
"100000961","Amino Acid","Urea cycle; Arginine and Proline Metabolism","homoarginine","homoarginine",8732,"HMDB0000670",9085,"C01924",0.979362682839691,"1.17150149162547","1.26079959742162","0.245766333252034","0.258994659863449",0.993369027160036,1,-0.0524262235033737
"100000963","Amino Acid","Urea cycle; Arginine and Proline Metabolism","homocitrulline","homocitrulline",58582,"HMDB0000679",65072,"C02427",0.832066864536379,"4.87702041197266","4.69668606538465","0.243745282288944","0.179977728057413",0.993369027160036,1,0.30329064475835
"100000997","Lipid","Fatty Acid, Monohydroxy","3-hydroxydecanoate","3-hydroxydecanoate",24790,"HMDB0002203",26612,NA,0.31082841494836,"5.72068692636325","4.81439411863867","0.0947625703030721","0.0828112474344975",0.921001746264255,1,0.134810612522326
"100001006","Amino Acid","Glycine, Serine and Threonine Metabolism","N-acetylglycine","N-acetylglycine",10507,"HMDB0000532",10972,NA,0.939169803934965,"5.44285216920645","5.29596201852586","0.151348967184514","0.127901117552611",0.993369027160036,1,0.168330765171324
"100001007","Carbohydrate","Pentose Metabolism","ribonate","ribonate",4574162,"HMDB0000867",5460677,"C01685",0.772731415946749,"4.89961666914966","5.29389945696282","0.0579835977826066","0.0439136664836177",0.993369027160036,1,0.277934592644022
"100001051","Amino Acid","Histidine Metabolism","1-methylhistidine","1-methylhistidine",83153,"HMDB0000001",92105,"C01152",0.913862650731353,"5.10952591819456","4.95888608888291","0.258084093475684","0.303571024447122",0.993369027160036,1,-0.162330125551598
"100001054","Lipid","Fatty Acid Metabolism (also BCAA Metabolism)","butyrylcarnitine (C4)","butyrylcarnitine (C4)",184820,"HMDB0002013",439829,"C02862",0.675288099836595,"4.83862963406571","4.39272952270615","0.175246213899344","0.199608617674359",0.993369027160036,1,-0.130166615983307
"100001055","Amino Acid","Leucine, Isoleucine and Valine Metabolism","isobutyrylcarnitine (C4)","isobutyrylcarnitine (C4)",NA,"HMDB0000736",168379,NA,0.764928719286997,"4.93866622049055","5.25821801821499","0.286086448081669","0.261628826018659",0.993369027160036,1,0.0893672264512403
"100001092","Cofactors and Vitamins","Nicotinate and Nicotinamide Metabolism","trigonelline (N'-methylnicotinate)","trigonelline (N'-methylnicotinate)",5369,"HMDB0000875",5570,"C01004",0.5216564685188,"1.7585095219931","1.69849310460162","0.666212527051795","0.403156532049792",0.993369027160036,1,0.502283825793771
"100001112","Lipid","Fatty Acid, Monohydroxy","3-hydroxylaurate","3-hydroxylaurate",85026,"HMDB0000387",94216,NA,0.339065948299013,"5.15456817621064","4.8117328879099","0.0838397897464054","0.151980495064162",0.921001746264255,1,-0.594844477892158
"100001162","Lipid","Fatty Acid Metabolism (also BCAA Metabolism)","propionylcarnitine (C3)","propionylcarnitine (C3)",96904,"HMDB0000824",107738,"C03017",0.651455267475583,"4.95604651781862","4.72753685481995","0.0861914469062063","0.141430546414075",0.993369027160036,1,-0.495237809599059
"100001170","Amino Acid","Leucine, Isoleucine and Valine Metabolism","3-hydroxy-2-ethylpropionate","3-hydroxy-2-ethylpropionate",164207,"HMDB0000396",188979,NA,0.244981552509927,"5.11729959194283","5.65035382146556","0.21066555068787","0.122639653232067",0.900306542400566,1,0.541021401064627
"100001208","Amino Acid","Histidine Metabolism","1-methyl-4-imidazoleacetate","1-methyl-4-imidazoleacetate",68319,"HMDB0002820",75810,"C05828",0.592192830515181,"1.5381759675674","1.88451452492263","0.263234929076667","0.236659984701835",0.993369027160036,1,0.106422452589465
"100001253","Amino Acid","Glutamate Metabolism","N-acetylglutamine","N-acetylglutamine",158492,"HMDB0006029",182230,"C02716",0.475766285683859,"4.67755268149633","5.22506973336167","0.126608510044246","0.078176294188141",0.982335894227054,1,0.4821332691698
"100001258","Peptide","Dipeptide","glycylleucine","glycylleucine",83812,"HMDB0000759",92843,"C02155",0.782477509022162,"5.64677206515475","6.05363829157681","0.283483152615828","0.303150847626061",0.993369027160036,1,-0.067077833572595
"100001270","Lipid","Fatty Acid Metabolism (Acyl Carnitine, Long Chain Saturated)","myristoylcarnitine (C14)","myristoylcarnitine (C14)",4932274,"HMDB000506",6426854,NA,0.950935575101125,"5.05603076694274","4.90860851859194","0.202591940717694","0.207497287106322",0.993369027160036,1,-0.0239244536563972
"100001272","Lipid","Lysophospholipid","1-oleoyl-GPC (18:1)","1-oleoyl-GPC (18:1)",17240641,"HMDB0002815",16081932,"C03916",0.0239832025395311,"2.32941606908544","0.430201161029671","0.201339445853284","0.129130938970467",0.340328023535035,1,0.444165348659203
"100001293","Amino Acid","Histidine Metabolism","N-acetylhistidine","N-acetylhistidine",68142,"HMDB0032055",75619,"C02997",0.0310030144444135,"0.95332169225385","1.9636709242099","0.410932797808424","0.209443155431605",0.340328023535035,1,0.673977324056254
"100001296","Xenobiotics","Food Component/Plant","stachydrine","stachydrine",103115,"HMDB0004827",115244,"C10172",0.32650587687159,"1.18436014067625","1.10154381425475","0.530898229225291","0.210622984198355",0.921001746264255,1,0.924500613674408
"100001300","Amino Acid","Leucine, Isoleucine and Valine Metabolism","alpha-hydroxyisovalerate","alpha-hydroxyisovalerate",90190,"HMDB0000407",99823,NA,0.412383925531575,"4.66809077088338","5.23947890357795","0.292994295327627","0.281490542621479",0.963328850041759,1,0.0400542883118725
"100001310","Cofactors and Vitamins","Nicotinate and Nicotinamide Metabolism","nicotinamide riboside","nicotinamide riboside",NA,"HMDB0000855",439924,"C03150",0.839731912792377,"1.52922595790151","1.30781143583301","0.199023639411247","0.187721215190847",0.993369027160036,1,0.0584656443530577
"100001311","Amino Acid","Glutathione Metabolism","ophthalmate","ophthalmate",7993181,"HMDB0005765",7018721,NA,0.977170674227124,"5.05728966156868","5.1495966430065","0.301710105368227","0.305550612922465",0.993369027160036,1,-0.0126487969422404
"100001315","Xenobiotics","Benzoate Metabolism","p-cresol sulfate","p-cresol sulfate",3806480,"HMDB0011635",4615423,NA,0.860688154514974,"4.97740414497915","4.75994076799553","0.247647891070981","0.191857758136804",0.993369027160036,1,0.25525368880324
"100001320","Carbohydrate","Aminosugar Metabolism","erythronate*","erythronate*",2061231,"HMDB0000613",2781043,NA,0.314947620142503,"4.55921221987886","5.27900994983256","0.0264718013569466","0.0656046594836627",0.921001746264255,1,-0.907566655443758
"100001391","Lipid","Fatty Acid Metabolism (Acyl Carnitine, Long Chain Saturated)","stearoylcarnitine (C18)","stearoylcarnitine (C18)",21233653,"HMDB0000848",3006797,NA,0.350132006163722,"5.13527267128478","4.56963629024211","0.139797779596004","0.18006008116925",0.921001746264255,1,-0.253093632514806
"100001392","Lipid","Fatty Acid Metabolism (Acyl Carnitine, Medium Chain)","laurylcarnitine (C12)","laurylcarnitine (C12)",8602997,"HMDB000225",168381,NA,0.812077496813136,"5.16568225760769","4.87764477973612","0.22059458268518","0.231347920364581",0.993369027160036,1,-0.0475961768480344
"100001393","Amino Acid","Leucine, Isoleucine and Valine Metabolism","isovalerylcarnitine (C5)","isovalerylcarnitine (C5)",4932271,"HMDB0000688",169235,"C20826",0.611894426513703,"4.7998356783004","5.31452882828442","0.299551787673636","0.271244540815041",0.993369027160036,1,0.0992665377514026
"100001407","Lipid","Phospholipid Metabolism","cytidine-5'-diphosphoethanolamine","CDP-ethanolamine",287,"HMDB0001564",123727,"C00570",0.854048889286609,"4.45054060911072","4.38875291996074","0.0759318324318815","0.102751124010522",0.993369027160036,1,-0.30247379648399
"100001409","Nucleotide","Purine Metabolism, (Hypo)Xanthine/Inosine containing","N1-methylinosine","N1-methylinosine",513976,"HMDB0002721",650095,NA,0.80274674882054,"4.58792184439982","4.88956477614131","0.175064492585034","0.162695422954056",0.993369027160036,1,0.0732745530742208
"100001412","Nucleotide","Purine Metabolism, Guanine containing","N2,N2-dimethylguanosine","N2,N2-dimethylguanosine",83878,"HMDB0004824",135501639,NA,0.974268840554581,"4.86396889276053","4.98010438125438","0.179818716512765","0.180212522621604",0.993369027160036,1,-0.00218762275650737
"100001415","Nucleotide","Purine Metabolism, Adenine containing","N6-carbamoylthreonyladenosine","N6-carbamoylthreonyladenosine",141829,"HMDB0041623",161466,NA,0.303533471042593,"4.72261386600303","5.21312456332119","0.0346682144662905","0.0754157633740879",0.921001746264255,1,-0.777193058937396
"100001417","Peptide","Acetylated Peptides","phenylacetylglutamine","phenylacetylglutamine",270643,"HMDB0006344",92258,"C04148",0.768457090522348,"4.98020506208184","4.65279585496154","0.464284719940131","0.43971339944274",0.993369027160036,1,0.0543748348196059
"100001425","Nucleotide","Pyrimidine Metabolism, Uracil containing","5,6-dihydrouridine","5,6-dihydrouridine",85115,"HMDB0000497",94312,NA,0.927497251673738,"5.0744980844043","4.89427028412701","0.200372741718303","0.208055487389712",0.993369027160036,1,-0.0376254698327177
"100001437","Amino Acid","Glutathione Metabolism","cysteine-glutathione disulfide","cysteine-glutathione disulfide",3455404,"HMDB0000656",3080690,"R00900",0.195829449182121,"6.19039142422765","5.18979105971275","0.124780633421959","0.157087896991402",0.879710305232734,1,-0.230248239157521
"100001456","Nucleotide","Purine Metabolism, Guanine containing","7-methylguanine","7-methylguanine",10883,"HMDB0000897",135398679,"C02242",0.664661966657726,"6.11118928224689","5.61425608430931","0.0601042954465983","0.0778796578482955",0.993369027160036,1,-0.259083476530687
"100001462","Lipid","Lysophospholipid","1-stearoyl-GPG (18:0)","1-stearoyl-GPG (18:0)",21403138,NA,NA,NA,0.00291164764936214,"2.13330041504358","0.283732071501774","0.28417006417392","0.162072339813693",0.29997092494313,0.850201113613745,0.561530098833362
"100001467","Nucleotide","Purine Metabolism, Guanine containing","N2-methylguanosine","N2-methylguanosine",2299669,"HMDB0005862",135501934,NA,0.779481042811203,"5.98756550361942","6.23630282651176","0.103963854346279","0.125793546856956",0.993369027160036,1,-0.19059876173841
"100001468","Cofactors and Vitamins","Nicotinate and Nicotinamide Metabolism","N1-Methyl-2-pyridone-5-carboxamide","N1-Methyl-2-pyridone-5-carboxamide",62899,"HMDB0004193",69698,"C05842",0.970052570300667,"4.84025085492402","4.82529289377835","0.287265795089886","0.322941585014242",0.993369027160036,1,-0.117063553042774
"100001485","Peptide","Gamma-glutamyl Amino Acid","gamma-glutamylisoleucine*","gamma-glutamylisoleucine*",21403145,"HMDB0011170",22885096,NA,0.296011780602098,"0.275536817495828","1.13526229174947","0.190476204452598","0.172433080595774",0.921001746264255,1,0.0995180531261859
"100001501","Lipid","Fatty Acid Metabolism (Acyl Carnitine, Monounsaturated)","oleoylcarnitine (C18:1)","oleoylcarnitine (C18:1)",21403150,"HMDB0005065",6441392,NA,0.856008342405061,"4.81523053827615","4.62676206561619","0.207176748539067","0.239390877886055",0.993369027160036,1,-0.144525401716689
"100001509","Amino Acid","Leucine, Isoleucine and Valine Metabolism","2-methylbutyrylcarnitine (C5)","2-methylbutyrylcarnitine (C5)",4932320,"HMDB0000378",6426901,NA,0.570079476026788,"4.65909717964595","5.1107838262369","0.235513908136125","0.255212890044185",0.993369027160036,1,-0.0803280901571072
"100001540","Partially Characterized Molecules","Partially Characterized Molecules","glutamine_degradant*","glutamine_degradant*",NA,NA,NA,NA,0.213565004197016,"5.06112037277037","5.7003848187007","0.142991784108431","0.0810183203213663",0.900306542400566,1,0.568111868916867
"100001571","Lipid","Lysophospholipid","1-arachidonoyl-GPE (20:4n6)*","1-arachidonoyl-GPE (20:4n6)*",21403171,"HMDB0011517",42607465,NA,0.0284874195921189,"2.38680336064179","0.735035268643313","0.215314413367902","0.089593023202625",0.340328023535035,1,0.876821896730669
"100001580","Lipid","Long Chain Polyunsaturated Fatty Acid (n3 and n6)","docosapentaenoate (n6 DPA; 22:5n6)","docosapentaenoate (n6 DPA; 22:5n6)",4945614,"HMDB0001976",6441454,"C16513",0.095105773016776,"2.3797316658559","0.888243016399967","0.298846744638631","0.20959718198619",0.631156493656786,1,0.354743374615891
"100001586","Cofactors and Vitamins","Ascorbate and Aldarate Metabolism","gulonate*","gulonate*",7969943,"HMDB0003290",152304,"C00800",0.441192785105937,"5.46745923587634","4.97889565410028","0.0822971604086948","0.147869075587352",0.982335894227054,1,-0.585990653687483
"100001593","Amino Acid","Lysine Metabolism","glutarylcarnitine (C5-DC)","glutarylcarnitine (C5-DC)",21403175,"HMDB0013130",71317118,NA,0.389258731196938,"5.66031470670837","4.7975679194686","0.114651994810422","0.129237397928665",0.931668438602507,1,-0.119749598831912
"100001594","Amino Acid","Leucine, Isoleucine and Valine Metabolism","beta-hydroxyisovaleroylcarnitine","beta-hydroxyisovaleroylcarnitine",21403176,NA,NA,NA,0.560356767722429,"5.14841819027721","5.07907067285814","0.173435350882615","0.119356844555948",0.993369027160036,1,0.373687212811557
"100001597","Amino Acid","Leucine, Isoleucine and Valine Metabolism","tiglylcarnitine (C5:1-DC)","tiglyl carnitine (C5)",17216200,"HMDB0002366",22833596,NA,0.630225835255041,"5.11943589493374","5.48813019558042","0.171919365280232","0.223092590494119",0.993369027160036,1,-0.260561328917243
"100001609","Lipid","Sterol","7-alpha-hydroxy-3-oxo-4-cholestenoate (7-Hoca)","7-HOCA",2338765,"HMDB0012458",3081085,"C17337",0.898979861059777,"4.92616877325207","4.94013989008168","0.157164566048831","0.119376212978037",0.993369027160036,1,0.275013487951288
"100001620","Lipid","Phospholipid Metabolism","glycerophosphoethanolamine","glycerophosphoethanolamine",110410,"HMDB0000114",123874,"C01233",0.60634871665682,"4.88677740603628","5.28707398948068","0.108101041920653","0.0857843709022171",0.993369027160036,1,0.231229530503199
"100001628","Carbohydrate","Pentose Phosphate Pathway","sedoheptulose-7-phosphate","sedoheptulose-7-phosphate",596,"HMDB0001068",616,"C05382",0.107082750199541,"4.96075891657361","3.70338887761157","0.070166205941034","0.17780763538128",0.694848067961466,1,-0.929835467537762
"100001644","Carbohydrate","Nucleotide Sugar","adenosine-5'-diphosphoglucose","adenosine-5'-diphosphoglucose",193,"HMDB0006557",16500,"C00498",0.455448002881581,"5.35083409377409","5.56796169404016","0.0751512462836768","0.187371733692947",0.982335894227054,1,-0.913591824335991
"100001668","Amino Acid","Histidine Metabolism","1-ribosyl-imidazoleacetate*","1-ribosyl-imidazoleacetate*",4292299,"HMDB0002331",440569,"C05131",0.143308538557017,"5.33448121728075","4.15990361085561","0.229357812185295","0.149922671216836",0.804732562666326,1,0.42516364680273
"100001694","Nucleotide","Purine Metabolism, Adenine containing","adenosine 2'-monophosphate (2'-AMP)","2'-AMP",NA,"HMDB0011617",94136,"C00946",0.983228647579753,"5.27130081535656","5.24924157321309","0.180188104393369","0.195158084428634",0.993369027160036,1,-0.0798085898702882
"100001734","Amino Acid","Lysine Metabolism","N6-acetyllysine","N6-acetyllysine",83801,"HMDB0000206",92832,"C02727",0.0457482589770306,"5.57937510228277","0.0188535477854186","0.211003414309677","0.128024098116917",0.426216279069795,1,0.499655802169486
"100001739","Lipid","Long Chain Polyunsaturated Fatty Acid (n3 and n6)","dihomo-linolenate (20:3n3 or n6)","dihomolinolenate (20:3n3 or 3n6)",4471954,"HMDB0002925",5280581,"C03242",0.0293588276254668,"2.40602591132293","0.401268438611873","0.24310173826081","0.185757495854453",0.340328023535035,1,0.269037994374264
"100001740","Carbohydrate","Fructose, Mannose and Galactose Metabolism","mannitol/sorbitol","mannitol/sorbitol",440,"HMDB0000247,HMDB0000765",57806251,"C00392,C00794",0.446325552174748,"5.30189724333518","5.20905920448868","0.169575061676664","0.111805046861939",0.982335894227054,1,0.416538968965322
"100001810","Amino Acid","Urea cycle; Arginine and Proline Metabolism","dimethylarginine (SDMA + ADMA)","dimethylarginine (ADMA + SDMA)",110375,"HMDB0003334,HMDB0001539",123831169148,"C21189,C03626",0.835619949644095,"5.36502419073379","5.34415137043526","0.187344223745489","0.142840852730206",0.993369027160036,1,0.271216600872341
"100001856","Lipid","Phosphatidylethanolamine (PE)","1-stearoyl-2-oleoyl-GPE (18:0/18:1)","1-stearoyl-2-oleoyl-GPE (18:0/18:1)",NA,"HMDB0008993",9546742,NA,0.0462719476789471,"1.41828280579958","3.24042888590778","0.0485982100861441","0.053343681764849",0.426216279069795,1,-0.093168840109633
"100002102","Nucleotide","Pyrimidine Metabolism, Uracil containing","N-acetyl-beta-alanine","N-acetyl-beta-alanine",68881,"HMDB0061880",76406,"C01073",0.514567763659918,"4.37404324829432","4.71968685397028","0.0533150003917364","0.115632057401867",0.993369027160036,1,-0.774195506141302
"100002103","Amino Acid","Methionine, Cysteine, SAM and Taurine Metabolism","5-methylthioribose**","5-methylthioribose",480,"HMDB0001087",6419710,NA,0.926440334558557,"4.71762766534699","4.74926027790641","0.131717483539795","0.16933042874573",0.993369027160036,1,-0.251192652978599
"100002113","Amino Acid","Methionine, Cysteine, SAM and Taurine Metabolism","cysteine sulfinic acid","cysteine sulfinic acid",107,"HMDB0000996",109,"C00606",0.339996281242903,"0.899878264132984","1.26286735224789","0.0621305921810825","0.156658464742087",0.921001746264255,1,-0.92482955660253
"100002167","Lipid","Eicosanoid","12-HETE","12-HETE",21509475,"HMDB0006111",5283155,"C14777",0.189066534137794,"2.51064164954093","1.79270940056771","0.218994116644292","0.0672269855589445",0.879710305232734,1,1.18097012707896
"100002180","Carbohydrate","Glycolysis, Gluconeogenesis, and Pyruvate Metabolism","fructose 1,6-diphosphate/glucose 1,6-diphosphate/myo-inositol diphosphates","Isobar: hexose diphosphates",NA,"HMDB0001058,HMDB0003514",3.9341243839561e+46,"C01231,C00354,C05378",0.0304378488434191,"1.46612420564545","4.31901583879309","0.0725328676320652","0.210694050643877",0.340328023535035,1,-1.06636727848547
"100002204","Amino Acid","Histidine Metabolism","N-acetyl-3-methylhistidine*","N-acetyl-3-methylhistidine*",19993498,NA,193270,NA,0.113284244383172,"1.84713028682569","1.90131219220692","0.748187242324248","0.321209770868321",0.706488161252301,1,0.845558869112709
"100002284","Lipid","Fatty Acid, Dihydroxy","2S,3R-dihydroxybutyrate","2S,3R-dihydroxybutyrate",9139682,"HMDB0002453",10964471,NA,0.943825494201654,"5.13581251237469","5.23015693540034","0.289691331578238","0.303372410452005",0.993369027160036,1,-0.0461451459471751
"100002285","Lipid","Fatty Acid, Dihydroxy","2,4-dihydroxybutyrate","2,4-dihydroxybutyrate",167259,"HMDB0000360",192742,NA,0.951128662355583,"4.68095907769928","4.88308033141204","0.12879866613048","0.132822062729231",0.993369027160036,1,-0.0307599007658962
"100002458","Amino Acid","Leucine, Isoleucine and Valine Metabolism","3-methylglutaconate","3-methylglutaconate",1267861,"HMDB0000522",1551553,NA,0.154616952224837,"4.50940534310197","5.03787018406287","0.140300465933814","0.188883371161306",0.834337520368461,1,-0.297343432697274
"100002462","Amino Acid","Lysine Metabolism","5-(galactosylhydroxy)-L-lysine","5-(galactosylhydroxy)-L-lysine",NA,NA,66995551,NA,0.693669014130496,"5.04311537568832","4.53605308715362","0.0612599609630506","0.0807411870872501",0.993369027160036,1,-0.276122353737851
"100002500","Amino Acid","Histidine Metabolism","formiminoglutamate","formiminoglutamate",388370,"HMDB0000854",439233,"C00439",0.816723962392541,"4.74721689615145","5.20040681794406","0.139679896061496","0.156440360705307",0.993369027160036,1,-0.11332150762259
"100002528","Xenobiotics","Chemical","sulfate*","sulfate*",1086,"HMDB01448",5152822,"C00059",0.674787842194743,"4.60804767947309","4.96514885746085","0.14981650510734","0.133161321576747",0.993369027160036,1,0.117849908585196
"100002668","Xenobiotics","Drug - Other","N-carbamoylglutamate","N-carbamoylglutamate",108351,"HMDB0062795",3679006,"C05829",0.250357784961638,"5.94518431467498","5.10032851893421","0.100401377614763","0.158501037706742",0.900306542400566,1,-0.456585211915522
"100002733","Nucleotide","Purine Metabolism, Guanine containing","guanosine 2'-monophosphate (2'-GMP)*","guanosine 2'-monophosphate (2'-GMP)*",392466,"HMDB0240586",135460966,NA,0.587205816458799,"5.3373103695628","5.86113615346996","0.218779483311197","0.199412054344158",0.993369027160036,1,0.0926909882262329
"100002769","Amino Acid","Urea cycle; Arginine and Proline Metabolism","argininate*","argininate*",140984,"HMDB0003148",160437,NA,0.300978397056737,"2.59058838597388","1.62890944690014","0.05757304015638","0.106357160750182",0.921001746264255,1,-0.613748466013863
"100003000","Lipid","Lysoplasmalogen","1-(1-enyl-palmitoyl)-GPE (P-16:0)*","1-(1-enyl-palmitoyl)-GPE (P-16:0)*",10471193,"HMDB0011152",NA,NA,0.778141211687869,"5.6433269965378","5.70608128208944","0.0752165244702569","0.0489188151497656",0.993369027160036,1,0.430208856746889
"100003151","Lipid","Fatty Acid Metabolism (Acyl Carnitine, Polyunsaturated)","linoleoylcarnitine (C18:2)*","linoleoylcarnitine (C18:2)*",4952667,"HMDB0006469",6450015,NA,0.955901226455878,"4.80373889639432","4.66645221214559","0.268350931285249","0.269300418401275",0.993369027160036,1,-0.00353198444919206
"100003169","Peptide","Dipeptide","isoleucylglycine","isoleucylglycine",303621,"HMDB0028907",342532,NA,0.353260943772591,"5.47301323512587","6.17669667555125","0.267022057660563","0.411073863917604",0.921001746264255,1,-0.431441647961152
"100003185","Peptide","Dipeptide","leucylglycine","leucylglycine",71402,"HMDB0028929",79070,NA,0.865021299916818,"5.75612912809074","5.79199949182434","0.109594323057559","0.148235004882857",0.993369027160036,1,-0.302013309007947
"100003258","Cofactors and Vitamins","Ascorbate and Aldarate Metabolism","2-O-methylascorbic acid","2-O-methylascorbic acid",90149,"HMDB0240294",54726398,NA,0.857720299302236,"4.54274039822393","4.83958066208222","0.0625446512945248","0.0764918990828255",0.993369027160036,1,-0.201304118505382
"100003588","Peptide","Dipeptide","phenylalanylglycine","phenylalanylglycine",88678,"HMDB0028995",6992304,NA,0.930497256441224,"5.60316687526004","5.77095625035633","0.315660536913906","0.339510550391038",0.993369027160036,1,-0.0728376368840835
"100003598","Peptide","Dipeptide","tyrosylglycine","tyrosylglycine",227627,"HMDB0029105",7021854,NA,0.978046135457645,"5.53766050329327","5.54492006004206","0.215417152290874","0.196348195869498",0.993369027160036,1,0.0926867988582434
"100003674","Peptide","Dipeptide","prolylglycine","prolylglycine",4932143,"HMDB0011178",6426709,NA,0.349509066699211,"6.07709108783255","0.401540739803956","0.0960119068539367","0.151941818686409",0.921001746264255,1,-0.459025462265218
"100003695","Xenobiotics","Food Component/Plant","mannonate*","mannonate*",2496757,NA,3246006,NA,0.245166958295819,"5.32840417005403","4.90451945202696","0.227808715350663","0.12176703212331",0.900306542400566,1,0.62639666264873
"100003823","Xenobiotics","Food Component/Plant","3-hydroxyindolin-2-one","3-hydroxyindolin-2-one",5872,NA,6097,"C11130",0.531853271061069,"5.3621475469868","4.75464883968512","0.233390992690023","0.210944111610755",0.993369027160036,1,0.101121902868834
"100003892","Amino Acid","Methionine, Cysteine, SAM and Taurine Metabolism","lanthionine","lanthionine",88959,NA,98504,NA,0.985312207957912,"4.74707052690064","4.8147012973325","0.119486362534127","0.113583458163125",0.993369027160036,1,0.0506643628829632
"100003926","Lipid","Fatty Acid Metabolism (Acyl Carnitine, Hydroxy)","(R)-3-hydroxybutyrylcarnitine","(R)-3-hydroxybutyrylcarnitine",NA,"HMDB0013127",53481617,NA,0.345527378507192,"5.62889397449255","4.92864614070791","0.223907095055737","0.163751429837569",0.921001746264255,1,0.312881605295539
"100004054","Lipid","Fatty Acid Metabolism (Acyl Carnitine, Long Chain Saturated)","margaroylcarnitine (C17)*","margaroylcarnitine (C17)*",35015987,"HMDB0006210",53477803,NA,0.535749536957302,"5.36895104858979","4.68386970831875","0.200012069378306","0.171944449665349",0.993369027160036,1,0.151206254032331
"100004290","Amino Acid","Tyrosine Metabolism","o-Tyrosine","o-Tyrosine",82607,"HMDB0006050",91482,NA,0.650996267586043,"5.32877584188124","5.64233676830224","0.108598898242253","0.0875661549503637",0.993369027160036,1,0.215266698077055
"100004396","Lipid","Fatty Acid, Dicarboxylate","3-hydroxyadipate","3-hydroxyadipate",133894,"HMDB0000345",151913,NA,0.831704551327648,"4.89870623921082","4.57784450583676","0.304212466441799","0.273244530381894",0.993369027160036,1,0.107359250100849
"100004488","Amino Acid","Urea cycle; Arginine and Proline Metabolism","N-monomethylarginine","N-monomethylarginine",117259,"HMDB0029416",132862,"C03884",0.717812033155707,"6.02582265533889","0.106699946643954","0.142463127646244","0.148731367330117",0.993369027160036,1,-0.0430585620669841
"100004499","Amino Acid","Lysine Metabolism","6-oxopiperidine-2-carboxylate","6-oxopiperidine-2-carboxylate",2282737,"HMDB0061705",3014237,NA,0.184578109728341,"4.96538619316393","5.56923277949414","0.424072418833038","0.134908408987282",0.879710305232734,1,1.14530814354227
"100004541","Amino Acid","Polyamine Metabolism","acisoga","acisoga",114601,"HMDB0061384",129397,NA,0.527422413392351,"4.82278963236856","5.05932480978669","0.42036401506167","0.333688478907299",0.993369027160036,1,0.230913178574394
"100004561","Amino Acid","Tryptophan Metabolism","N-formylanthranilic acid","N-formylanthranilic acid",91624,"HMDB0004089",101399,"C05653",0.665467641057331,"5.5266805505966","5.74991022845345","0.141089410813976","0.107877743262676",0.993369027160036,1,0.268395229564095
"100005383","Xenobiotics","Bacterial/Fungal","N-methylpipecolate","N-methylpipecolate",9461516,NA,11286529,NA,0.572662627978305,"4.53551653057626","4.6714483732653","0.156885916993998","0.320880610970758",0.993369027160036,1,-0.715550227642737
"100005384","Xenobiotics","Chemical","O-sulfo-L-tyrosine","O-sulfo-L-tyrosine",448617,NA,514186,NA,0.933836516388367,"4.79881003001395","4.71919430175381","0.0555852637091897","0.0691089011965842",0.993369027160036,1,-0.21776541371121
"100005805","Lipid","Lysophospholipid","1-palmitoyl-GPS (16:0)*","1-palmitoyl-GPS (16:0)*",7826050,NA,9547100,NA,0.0246017006203552,"2.0590095630772","0.680515613527399","0.278142324103006","0.142551489814564",0.340328023535035,1,0.66842967341428
"100006051","Lipid","Fatty Acid Metabolism (Acyl Carnitine, Monounsaturated)","myristoleoylcarnitine (C14:1)*","myristoleoylcarnitine (C14:1)*",34999520,"HMDB0240588",129691961,NA,0.99174368278394,"4.92427415618685","4.96775632845005","0.244864409329343","0.252754564275689",0.995151736676668,1,-0.0317142901609382
"100006115","Carbohydrate","Pentose Metabolism","arabonate/xylonate","arabonate/xylonate",NA,"HMDB0000539",1220456602431,"C00502,C05411",0.25500220246618,"5.03495770067966","4.84907387204295","0.157550141038484","0.0646345686892928",0.900306542400566,1,0.890994376708405
"100006367","Lipid","Fatty Acid, Monohydroxy","3-hydroxyhexanoate","3-hydroxyhexanoate",133518,"HMDB0061652,HMDB0010718",151492,NA,0.936603525907001,"4.57446888873103","4.35909970816987","0.0844815746746","0.0873530976445565",0.993369027160036,1,-0.033425038997779
"100006435","Carbohydrate","Aminosugar Metabolism","N-acetylglucosamine/N-acetylgalactosamine","N-acetylglucosamine/N-acetylgalactosamine",NA,"HMDB0000212,HMDB0000215",43917484265,"C01074",0.679433957122135,"1.34009317269817","1.07105330136877","0.120126131474768","0.155594868773923",0.993369027160036,1,-0.258713347778306
"100006726","Lipid","Endocannabinoid","linoleoyl ethanolamide","linoleoyl ethanolamide",4446566,"HMDB0012252",5283446,NA,0.00773774367797002,"2.75797426269137","5.71424887015823","0.307250998002163","0.106855405538433",0.307765392721401,1,1.05618842616033
"100008928","Amino Acid","Glutathione Metabolism","2-hydroxybutyrate/2-hydroxyisobutyrate","2-hydroxybutyrate/2-hydroxyisobutyrate",NA,"HMDB0000729,HMDB00008",4408644277439,"C21297,C05984",0.804152943905181,"5.07699225839074","5.28944762055951","0.267600842949676","0.260768569673495",0.993369027160036,1,0.0258631705509127
"100008929","Energy","TCA Cycle","2-methylcitrate/homocitrate","2-methylcitrate/homocitrate",NA,"HMDB0003518,HMDB0000379",439459515,"C01251",0.440564432387597,"4.66431573705029","4.57898630844104","0.0532540168642176","0.12050472070703",0.982335894227054,1,-0.816615692340959
"100008930","Lipid","Long Chain Monounsaturated Fatty Acid","oleate/vaccenate (18:1)","oleate/vaccenate (18:1)",NA,"HMDB0003231,HMDB0000573,HMDB0240219,HMDB0000207",5.28276163751753e+25,"C21944,C08367,C01712,C00712",0.0132388623507662,"2.49804620855523","0.276959013047497","0.224451762433444","0.173250019869069",0.322145650535311,1,0.258925064674599
"100008933","Lipid","Fatty Acid, Monohydroxy","3-hydroxystearate","3-hydroxystearate",4446034,"HMDB10737",5282907,NA,0.00318485065262864,"2.33921312080855","6.14368114530237","0.230665604446028","0.109679594736787",0.29997092494313,0.929976390567563,0.743405721648957
"100008977","Lipid","Phosphatidylethanolamine (PE)","1-stearoyl-2-arachidonoyl-GPE (18:0/20:4)","1-stearoyl-2-arachidonoyl-GPE (18:0/20:4)",4451158,"HMDB0009003",5289133,"C05210",0.44208444023062,"1.65218640789503","2.38895204351785","0.0455926120050809","0.0437172097710374",0.982335894227054,1,0.0420038451145133
"100008990","Lipid","Phosphatidylethanolamine (PE)","1-palmitoyl-2-arachidonoyl-GPE (16:0/20:4)*","1-palmitoyl-2-arachidonoyl-GPE (16:0/20:4)*",7825750,"HMDB0005323",9546800,"C05210",0.225554805083129,"1.59785969416523","2.16598562883032","0.0656129999043378","0.0369629857930294",0.900306542400566,1,0.573856817636517
"100008993","Lipid","Phosphatidylinositol (PI)","1-palmitoyl-2-arachidonoyl-GPI (16:0/20:4)*","1-palmitoyl-2-arachidonoyl-GPI (16:0/20:4)*",24767674,"HMDB0009789",NA,NA,0.381256666005837,"1.73300979598402","2.25830373496896","0.0581956396426143","0.0429628013499378",0.927724553947537,1,0.303475775294213
"100009025","Lipid","Sphingomyelins","sphingomyelin (d18:1/21:0, d17:1/22:0, d16:1/23:0)*","sphingomyelin (d18:1/21:0, d17:1/22:0, d16:1/23:0)*",NA,NA,NA,NA,0.0151673271693271,"0.16193510590846","3.07220522556807","0.053757754896061","0.101454324331324",0.340328023535035,1,-0.635120756873704
"100009075","Lipid","Phosphatidylcholine (PC)","1-palmitoleoyl-2-linoleoyl-GPC (16:1/18:2)*","1-palmitoleoyl-2-linoleoyl-GPC (16:1/18:2)*",24766675,"HMDB0008006",24778768,NA,0.363405870177996,"5.33923124644373","4.48845107834727","0.114632502554772","0.148342719045703",0.927131797424885,1,-0.257793884486586
"100009078","Lipid","Phosphatidylethanolamine (PE)","1-oleoyl-2-linoleoyl-GPE (18:1/18:2)*","1-oleoyl-2-linoleoyl-GPE (18:1/18:2)*",7825703,"HMDB0005349",9546753,NA,0.178769993903806,"5.55221044967078","4.44887974631516","0.148874494405603","0.122425171906436",0.879710305232734,1,0.195603629804693
"100009204","Lipid","Phosphatidylethanolamine (PE)","1,2-dipalmitoyl-GPE (16:0/16:0)*","1,2-dipalmitoyl-GPE (16:0/16:0)*",393103,"HMDB0008923",445468,NA,0.818887507095779,"1.92378008978327","2.31042057645145","0.104205206521005","0.0990265267961793",0.993369027160036,1,0.0509743330040674
"100009232","Xenobiotics","Chemical","thioproline","thioproline",84120,NA,93176,NA,0.272933145867501,"3.37155737244091","2.37364937856539","0.384981436201577","0.45120284832576",0.921001746264255,1,-0.158721897475613
"100009271","Lipid","Fatty Acid Metabolism (Acyl Carnitine, Hydroxy)","(S)-3-hydroxybutyrylcarnitine","(S)-3-hydroxybutyrylcarnitine",NA,"HMDB0013127",71464477,NA,0.909509875700841,"4.73194861454153","4.53508265342934","0.168733406244652","0.179338344181465",0.993369027160036,1,-0.0609542210830784
"100009406","Lipid","Fatty Acid Metabolism (Acyl Carnitine, Monounsaturated)","palmitoleoylcarnitine (C16:1)*","palmitoleoylcarnitine (C16:1)*",28639183,NA,71464547,NA,0.97397321542938,"4.64506111602034","4.64049290632547","0.277583503891928","0.255306479586445",0.993369027160036,1,0.0836570986374118
"100010901","Peptide","Gamma-glutamyl Amino Acid","gamma-glutamyl-alpha-lysine","gamma-glutamyl-alpha-lysine",58747,NA,65254,NA,0.570534154456346,"0.644926745059867","1.10613631536653","0.279891342553144","0.23312326264361",0.993369027160036,1,0.182834127640164
"100010917","Lipid","Diacylglycerol","palmitoyl-oleoyl-glycerol (16:0/18:1) [2]*","palmitoyl-oleoyl-glycerol (16:0/18:1) [2]*",NA,"HMDB0007102",5282283,"C13861",0.567101363477625,"4.48136185982668","5.18835347285316","0.2259832347577","0.242580009431486",0.993369027160036,1,-0.0708707777280573
"100015643","Lipid","Sphingolipid Synthesis","sphingadienine","sphingadienine",4952479,NA,6449795,NA,0.873406288315792,"6.1911405914284","6.10350510537855","0.106299292521429","0.130078694928888",0.993369027160036,1,-0.201880983078764
"100015832","Lipid","Fatty Acid Metabolism (Acyl Carnitine, Long Chain Saturated)","behenoylcarnitine (C22)*","behenoylcarnitine (C22)*",28639204,"HMDB0062468",71464577,NA,0.165080514252024,"5.37133117215243","4.75571179936119","0.17253749597102","0.13238868771451",0.860776967171268,1,0.264872381168417
"100015833","Lipid","Fatty Acid Metabolism (Acyl Carnitine, Long Chain Saturated)","arachidoylcarnitine (C20)*","arachidoylcarnitine (C20)*",28639199,"HMDB0006460",53477833,NA,0.170868540030032,"5.31213573112673","4.59962622057934","0.168882486390765","0.150141175894448",0.875326555943322,1,0.117627102156501
"100015834","Lipid","Fatty Acid Metabolism (Acyl Carnitine, Long Chain Saturated)","lignoceroylcarnitine (C24)*","lignoceroylcarnitine (C24)*",NA,NA,NA,NA,0.00410919075264561,"5.7768315626141","4.4229447388455","0.213888026845632","0.113324828481814",0.29997092494313,1,0.635194355726712
"100015836","Lipid","Fatty Acid Metabolism (Acyl Carnitine, Monounsaturated)","ximenoylcarnitine (C26:1)*","ximenoylcarnitine (C26:1)*",NA,NA,NA,NA,0.792801456785249,"5.16299910457591","5.09268708831406","0.190047524728201","0.134397894127653",0.993369027160036,1,0.346469411758347
"100015837","Lipid","Fatty Acid Metabolism (Acyl Carnitine, Polyunsaturated)","arachidonoylcarnitine (C20:4)","arachidonoylcarnitine (C20:4)",NA,"HMDB0006455",136212424,NA,0.576134372472056,"4.53266499924152","4.24309429757749","0.0878748527378597","0.185550005637938",0.993369027160036,1,-0.747410743576018
"100015838","Lipid","Fatty Acid Metabolism (Acyl Carnitine, Monounsaturated)","eicosenoylcarnitine (C20:1)*","eicosenoylcarnitine (C20:1)*",NA,NA,NA,NA,0.780145719391689,"4.95798729251817","4.69596331645245","0.206745945933523","0.227240168583923",0.993369027160036,1,-0.0945167443972158
"100015839","Lipid","Fatty Acid Metabolism (Acyl Carnitine, Polyunsaturated)","dihomo-linoleoylcarnitine (C20:2)*","dihomo-linoleoylcarnitine (C20:2)*",NA,NA,NA,NA,0.80023299095853,"4.96146029789124","4.68341377248145","0.231327347274311","0.257962330515883",0.993369027160036,1,-0.108979773341283
"100015840","Lipid","Fatty Acid Metabolism (Acyl Carnitine, Polyunsaturated)","dihomo-linolenoylcarnitine (C20:3n3 or 6)*","dihomo-linolenoylcarnitine (C20:3n3 or 6)*",NA,NA,NA,NA,0.707862670081779,"4.89974560914166","4.42285569006698","0.171592793686255","0.173343897738614",0.993369027160036,1,-0.010153278205373
"100015841","Lipid","Fatty Acid Metabolism (Acyl Carnitine, Monounsaturated)","erucoylcarnitine (C22:1)*","erucoylcarnitine (C22:1)*",NA,NA,NA,NA,0.901351645664069,"5.03057207479531","4.91046675967795","0.207625958979463","0.184559747729565",0.993369027160036,1,0.117764939738508
"100015846","Lipid","Fatty Acid Metabolism (Acyl Carnitine, Monounsaturated)","nervonoylcarnitine (C24:1)*","nervonoylcarnitine (C24:1)*",NA,NA,NA,NA,0.622530439408775,"5.29413529460577","4.92139461957138","0.196023724199624","0.158389679803207",0.993369027160036,1,0.213177369240101
"100015848","Lipid","Fatty Acid Metabolism (Acyl Carnitine, Polyunsaturated)","docosadienoylcarnitine (C22:2)*","docosadienoylcarnitine (C22:2)*",NA,NA,71464511,NA,0.869500969873461,"5.12982746108673","4.90333497200477","0.236233463118711","0.241144290663672",0.993369027160036,1,-0.0205749042354381
"100015849","Lipid","Fatty Acid Metabolism (Acyl Carnitine, Polyunsaturated)","docosatrienoylcarnitine (C22:3)*","docosatrienoylcarnitine (C22:3)*",NA,NA,NA,NA,0.676162703201849,"4.87613166736276","4.56865537439259","0.210314151013829","0.141762216676365",0.993369027160036,1,0.39445124653698
"100015850","Lipid","Fatty Acid Metabolism (Acyl Carnitine, Polyunsaturated)","adrenoylcarnitine (C22:4)*","adrenoylcarnitine (C22:4)*",NA,NA,NA,NA,0.720777062795695,"5.16591082369255","4.64238581520644","0.180297276422913","0.174356182293578",0.993369027160036,1,0.0335067926976136
"100016038","Amino Acid","Polyamine Metabolism","(N(1) + N(8))-acetylspermidine","(N(1) + N(8))-acetylspermidine",NA,"HMDB0002189,HMDB0001276",496123689,"C01029,C00612",0.372808711361114,"4.44259507046524","4.37814385479654","0.0778354959241571","0.19672095125304",0.927131797424885,1,-0.92718866051711
"100016069","Lipid","Fatty Acid Metabolism (Acyl Carnitine, Monounsaturated)","5-dodecenoylcarnitine (C12:1)","5-dodecenoylcarnitine (C12:1)",NA,"HMDB13326",91825571,NA,0.911067493844781,"4.91542426790055","4.70010280932584","0.187277355870101","0.180679041425938",0.993369027160036,1,0.0358684990876654
"100019800","Lipid","Fatty Acid Metabolism (Acyl Carnitine, Hydroxy)","3-hydroxypalmitoylcarnitine","3-hydroxypalmitoylcarnitine",NA,"HMDB0013336",126456228,NA,0.915833455301915,"4.82366885394466","5.02487053480588","0.200969981767112","0.209595985994644",0.993369027160036,1,-0.0420262490107408
"100019801","Lipid","Fatty Acid Metabolism (Acyl Carnitine, Hydroxy)","3-hydroxyoleoylcarnitine","3-hydroxyoleoylcarnitine",48061587,NA,129637446,NA,0.804457463245609,"4.69039905734023","5.02713609319053","0.250181134685694","0.199157174699682",0.993369027160036,1,0.228090858663323
"100019957","Lipid","Endocannabinoid","N-stearoylserine*","N-stearoylserine*",15545488,NA,NA,NA,0.00579226398361479,"2.81784496332689","6.18944953873765","0.196791518184308","0.179853475172202",0.307765392721401,1,0.0900023924630421
"100020217","Amino Acid","Urea cycle; Arginine and Proline Metabolism","N,N,N-trimethyl-alanylproline betaine (TMAP)","N,N,N-trimethyl-alanylproline betaine (TMAP)",NA,"HMDB0240365",NA,NA,0.37797702825629,"5.69205234978133","4.82199336069753","0.207754399996616","0.228454445715577",0.927473044124678,1,-0.094980215366851
"100020219","Xenobiotics","Food Component/Plant","3-formylindole","3-formylindole",9838,"HMDB29737",10256,"C08493",0.957706732002542,"5.07461435520556","4.99230342355915","0.0846231588438879","0.0715396632925233",0.993369027160036,1,0.167955947093058
"100020343","Lipid","Long Chain Polyunsaturated Fatty Acid (n3 and n6)","tetradecadienoate (14:2)*","tetradecadienoate (14:2)*",4471834,"HMDB0000560",5312409,NA,0.843794660910478,"5.08347095099878","5.06950272134246","0.12984510608749","0.1901381868354",0.993369027160036,1,-0.381408858509931
"100020361","Amino Acid","Urea cycle; Arginine and Proline Metabolism","3-amino-2-piperidone","3-amino-2-piperidone",4371576,"HMDB0000323",5200225,NA,0.965630154076782,"4.90650628442992","5.04846274817828","0.116105091462332","0.129564109043559",0.993369027160036,1,-0.10968006731825
"100020419","Amino Acid","Phenylalanine Metabolism","1-carboxyethylphenylalanine","1-carboxyethylphenylalanine",19276386,NA,59100900,NA,0.00354670269112692,"5.42357781189653","6.23751492108521","0.254862473495354","0.129458460035794",0.29997092494313,1,0.677364022290319
"100020421","Amino Acid","Tyrosine Metabolism","1-carboxyethyltyrosine","1-carboxyethyltyrosine",NA,NA,NA,NA,0.0247939620107891,"5.25221303523912","6.09129170142014","0.218279407163021","0.17517138857533",0.340328023535035,1,0.220011068419253
"100020423","Amino Acid","Leucine, Isoleucine and Valine Metabolism","1-carboxyethylvaline","1-carboxyethylvaline",NA,NA,NA,NA,0.0310398414091481,"5.41208668065121","0.26013073232626","0.179841118457321","0.17314459707792",0.340328023535035,1,0.0379467192125753
"100020425","Amino Acid","Leucine, Isoleucine and Valine Metabolism","1-carboxyethylleucine","1-carboxyethylleucine",NA,NA,NA,NA,0.0869102287821447,"5.50657278828577","6.18267973438581","0.182104328588887","0.124573196717403",0.590181088474099,1,0.379686288260519
"100020427","Amino Acid","Leucine, Isoleucine and Valine Metabolism","1-carboxyethylisoleucine","1-carboxyethylisoleucine",NA,NA,NA,NA,0.508151204993585,"6.18688090371762","0.342535133019378","0.195460608327614","0.202601821970961",0.993369027160036,1,-0.0358837175278161
"100020825","Lipid","Fatty Acid Metabolism (Acyl Carnitine, Hydroxy)","3-hydroxyhexanoylcarnitine (1)","3-hydroxyhexanoylcarnitine (1)",NA,NA,NA,NA,0.310336307833569,"5.06282455252869","4.2778060299907","0.121035941726361","0.108354571472973",0.921001746264255,1,0.110678621736861
"100020893","Amino Acid","Methionine, Cysteine, SAM and Taurine Metabolism","2,3-dihydroxy-5-methylthio-4-pentenoate (DMTPA)*","2,3-dihydroxy-5-methylthio-4-pentenoate (DMTPA)*",NA,"HMDB0240388",NA,NA,0.242394638276323,"4.35798112008926","5.0843715744717","0.105640693714425","0.144431185096295",0.900306542400566,1,-0.312759512227414
"100020899","Amino Acid","Glutathione Metabolism","3'-dephospho-CoA-glutathione*","3'-dephospho-CoA-glutathione*",NA,NA,NA,NA,0.229311854428306,"4.35792810901222","5.43085873462692","0.131966883803686","0.220721754889777",0.900306542400566,1,-0.514351869792953
"100021770","Cofactors and Vitamins","Nicotinate and Nicotinamide Metabolism","NADHX*","NADHX*",2267,"HMDB0059644",2.52035235692786e+24,"C20482,C04856",0.669322685318022,"2.32991917453447","1.76455563605263","0.128702688336025","0.126483206601351",0.993369027160036,1,0.0173954575602777
"1052","Carbohydrate","Glycolysis, Gluconeogenesis, and Pyruvate Metabolism","glycerate","glycerate",732,"HMDB0000139,HMDB0006372",439194752,"C00258",0.817085460249053,"5.40626724718079","5.16690661088282","0.0485928312811969","0.0639063591901194",0.993369027160036,1,-0.273942858749694
"1053","Nucleotide","Pyrimidine Metabolism, Uracil containing","3-ureidopropionate","3-ureidopropionate",109,"HMDB0000026",111,"C02642",0.440781586839169,"4.76413149569419","5.44325166412303","0.188337143682336","0.126562206965051",0.982335894227054,1,0.397499732254966
"1083","Amino Acid","Methionine, Cysteine, SAM and Taurine Metabolism","N-acetylmethionine","N-acetylmethionine",395338,"HMDB0011745",448580,"C02712",0.450097086267263,"0.190163465877928","6.12601955853065","0.076484530798835","0.104311778721163",0.982335894227054,1,-0.310295778196751
"1084","Amino Acid","Leucine, Isoleucine and Valine Metabolism","N-acetylvaline","N-acetylvaline",60154,"HMDB0011757",66789,NA,0.286099566237681,"4.9781610796595","5.85071550517269","0.0566585204677814","0.0739318447842307",0.921001746264255,1,-0.266101270781333
"1096","Carbohydrate","Nucleotide Sugar","UDP-glucose","UDP-glucose",8308,"HMDB0000286",8629,"C00029",0.128797599762658,"4.96479151560264","5.84533360657425","0.296133116252037","0.282443976622592",0.767528553687676,1,0.0473288522198179
"1105","Cofactors and Vitamins","Tocopherol Metabolism","alpha-tocopherol","alpha-tocopherol",14265,"HMDB0001893",86472,"C02477",0.0314686871076916,"0.867299508750462","4.66626556132119","0.0621213415214339","0.186307577280895",0.340328023535035,1,-1.09830935555725
"111","Amino Acid","Leucine, Isoleucine and Valine Metabolism","3-hydroxyisobutyrate","3-hydroxyisobutyrate",10140307,"HMDB0000023,HMDB0000336",11966314,"C01188,C06001",0.975904828902284,"5.44905976433771","5.42934417471728","0.172798309873162","0.154094019626809",0.993369027160036,1,0.114562142314404
"1110","Amino Acid","Alanine and Aspartate Metabolism","N-acetylalanine","N-acetylalanine",79449,"HMDB0000766",88064,"C02847",0.489714477214607,"5.76123790423408","0.041338003766873","0.0400662257959092","0.0651609966410722",0.993032134351842,1,-0.486327348963929
"1113","Amino Acid","Polyamine Metabolism","4-acetamidobutanoate","4-acetamidobutanoate",17180,"HMDB0003681",18189,"C02946",0.0479586777878978,"0.315360820073725","4.36058461207926","0.079323329738173","0.142883827773431",0.426216279069795,1,-0.588499625581622
"1114","Nucleotide","Pyrimidine Metabolism, Thymine containing","3-aminoisobutyrate","3-aminoisobutyrate",58481,"HMDB0002166",64956,"C05145",0.91182627023388,"5.17033293856648","5.19549533248045","0.12626490924672","0.15472594072986",0.993369027160036,1,-0.203273273392602
"1134","Nucleotide","Purine Metabolism, (Hypo)Xanthine/Inosine containing","urate","urate",NA,"HMDB0000289",1175,"C00366",0.198184985123299,"4.63562720024025","5.16386189547402","0.29322511492886","0.203176568700616",0.879710305232734,1,0.36686522681245
"1212","Carbohydrate","Aminosugar Metabolism","N-acetyl-glucosamine 1-phosphate","N-acetyl-glucosamine 1-phosphate",389323,"HMDB0001367",440364,"C04256",0.747012414210275,"5.05244047804941","5.52117594710046","0.180597220655288","0.202168485833177",0.993369027160036,1,-0.112832186667071
"1213","Carbohydrate","Aminosugar Metabolism","N-acetylglucosamine 6-phosphate","N-acetylglucosamine 6-phosphate",8216065,"HMDB0002817",439219,"C00357",0.965678095028869,"4.32521362245398","4.30749043670993","0.0988632745917696","0.0853865909212138",0.993369027160036,1,0.146548757363827
"1214","Nucleotide","Purine Metabolism, Adenine containing","adenosine 3',5'-diphosphate","adenosine 3',5'-diphosphate",19951095,"HMDB0000061",159296,"C00054",0.294625852959123,"3.43711933904449","4.20770696536814","0.159534894599304","0.0957862662320953",0.921001746264255,1,0.510143357260851
"1220","Lipid","Phospholipid Metabolism","cytidine 5'-diphosphocholine","CDP-choline",21531769,"HMDB0001413",13804,"C00307",0.851871598438099,"4.66323673042107","4.8393110858784","0.123437514346643","0.0999073856622835",0.993369027160036,1,0.211491457846235
"1221","Amino Acid","Creatine Metabolism","creatine","creatine",566,"HMDB0000064",586,"C00300",0.828936203210407,"4.80769382453769","5.12179099488761","0.0283066959745953","0.0231685587000417",0.993369027160036,1,0.200302252465179
"1232","Carbohydrate","Glycolysis, Gluconeogenesis, and Pyruvate Metabolism","fructose-6-phosphate","fructose 6-phosphate",19969987,"HMDB0003971",440641,"C05345",0.574375414256709,"5.35055439124601","4.73458262563377","0.218414536949743","0.214051007781506",0.993369027160036,1,0.0201804620416451
"1242","Nucleotide","Purine Metabolism, Adenine containing","N1-methyladenosine","1-methyladenosine",4573813,"HMDB0003331",27476,"C02494",0.950143146339141,"5.30993156920512","5.21081637969996","0.0720539726407386","0.0822688256036103",0.993369027160036,1,-0.132576787972928
"1256","Lipid","Phospholipid Metabolism","choline","choline",149278,"HMDB0000097",305,"C00114",0.795316443643298,"2.08119670316673","2.25951429030923","0.105629433085925","0.0727703893729909",0.993369027160036,1,0.372627921761133
"1268","Peptide","Gamma-glutamyl Amino Acid","gamma-glutamylleucine","gamma-glutamylleucine",133115,"HMDB0011171",151023,NA,0.917295170075498,"0.508963428195344","0.733536173848694","0.13825287417868","0.131689622584736",0.993369027160036,1,0.0486366201246789
"141","Amino Acid","Glutamate Metabolism","gamma-aminobutyrate (GABA)","gamma-aminobutyrate (GABA)",116,"HMDB0000112",119,"C00334",0.283932622798474,"1.95039775956552","2.55359934442968","0.0597522528413221","0.0608891481125031",0.921001746264255,1,-0.0188480723667665
"1442","Amino Acid","Leucine, Isoleucine and Valine Metabolism","beta-hydroxyisovalerate","beta-hydroxyisovalerate",62571,"HMDB0000754",69362,NA,0.815427330174769,"4.49148001085182","4.79887418834888","0.139501578810249","0.163243666951351",0.993369027160036,1,-0.15716805501061
"1526","Lipid","Phosphatidylethanolamine (PE)","1-palmitoyl-2-oleoyl-GPE (16:0/18:1)","1-palmitoyl-2-oleoyl-GPE (16:0/18:1)",4446615,"HMDB0005320",5283496,NA,0.248841460556187,"1.77015867324748","2.91178704589152","0.0319694984345906","0.0401190118175442",0.900306542400566,1,-0.227068057799457
"1531","Lipid","Phosphatidylserine (PS)","1-palmitoyl-2-oleoyl-GPS (16:0/18:1)","1-palmitoyl-2-oleoyl-GPS (16:0/18:1)",4446618,"HMDB0012357",5283499,"C13880",0.816979598595813,"2.15421136872021","2.05214450952624","0.0891902677055619","0.0650777832248862",0.993369027160036,1,0.315188707732508
"1537","Lipid","Phosphatidylcholine (PC)","1-palmitoyl-2-linoleoyl-GPC (16:0/18:2)","1-palmitoyl-2-linoleoyl-GPC (16:0/18:2)",4450224,"HMDB0007973",5287971,NA,0.374662849644303,"5.42630657821873","4.46657097949767","0.0511656055933927","0.060440065727639",0.927131797424885,1,-0.166584684334003
"1830","Lipid","Fatty Acid Metabolism","acetyl CoA","acetyl-CoA",392413,"HMDB0001206",444493,"C00024",0.0123804225187783,"3.2704561162513","5.35666627777096","0.121325982532593","0.206779218340379",0.322145650535311,1,-0.533170652389626
"194","Amino Acid","Methionine, Cysteine, SAM and Taurine Metabolism","N-formylmethionine","N-formylmethionine",388809,"HMDB0001015",439750,"C03145",0.54756043811129,"4.91774587341233","5.37855201398997","0.0951778854550556","0.120175529635268",0.993369027160036,1,-0.233205801798043
"197","Amino Acid","Methionine, Cysteine, SAM and Taurine Metabolism","S-adenosylhomocysteine (SAH)","S-adenosylhomocysteine (SAH)",16788012,"HMDB00939",439155,"C00021",0.957416210177579,"5.1899209333897","5.25805111731585","0.165968164229368","0.153868023037451",0.993369027160036,1,0.0757007464916166
"2048","Xenobiotics","Drug - Analgesics, Anesthetics","3-(N-acetyl-L-cystein-S-yl) acetaminophen","3-(N-acetyl-L-cystein-S-yl) acetaminophen",75765,NA,83967,NA,0.256114466765899,"3.96225462233458","4.05752244488755","1.10193098148307","0.38660583057072",0.900306542400566,1,1.04741370919536
"2050","Lipid","Long Chain Polyunsaturated Fatty Acid (n3 and n6)","eicosapentaenoate (EPA; 20:5n3)","eicosapentaenoate (EPA; 20:5n3)",393682,"HMDB0001999",446284,"C06428",0.00823694649871233,"2.46781721981822","6.15636107820139","0.277054634544136","0.0945160192447548",0.307765392721401,1,1.07544538740916
"2054","Amino Acid","Leucine, Isoleucine and Valine Metabolism","ethylmalonate","ethylmalonate",11263,"HMDB0000622",11756,NA,0.580770631236453,"4.83318297229243","4.42346703314893","0.129152892255033","0.0942466734053223",0.993369027160036,1,0.315081383561607
"209","Nucleotide","Purine Metabolism, Adenine containing","adenosine 5'-monophosphate (AMP)","AMP",10239183,"HMDB0000045",6083,"C00020",0.587782070626463,"5.86731875506588","5.46228580496304","0.101483127920669","0.139891311931969",0.993369027160036,1,-0.320973220473704
"212","Amino Acid","Polyamine Metabolism","5-methylthioadenosine (MTA)","5-methylthioadenosine (MTA)",388321,"HMDB0001173",439176,"C00170",0.880174362703118,"4.77945048089755","4.61505421413874","0.147875190952033","0.177693483221664",0.993369027160036,1,-0.183691447960807
"229","Lipid","Long Chain Polyunsaturated Fatty Acid (n3 and n6)","arachidonate (20:4n6)","arachidonate (20:4n6)",392692,"HMDB0001043",444899,"C00219",0.0125484577546196,"2.44806791756096","0.401058881892577","0.283922655470149","0.15543003526781",0.322145650535311,1,0.60250616477656
"231","Amino Acid","Urea cycle; Arginine and Proline Metabolism","arginine","arginine",227,"HMDB0000517",6322,"C00062",0.566091145443543,"5.82853267221883","6.1820304579662","0.0949991072486827","0.110516605864658",0.993369027160036,1,-0.151298294811076
"240","Amino Acid","Tyrosine Metabolism","3-(4-hydroxyphenyl)lactate","3-(4-hydroxyphenyl)lactate (HPLA)",9010,"HMDB0000755",9378,"C03672",0.389021607808206,"5.03364966724471","5.50194130655594","0.23521267125249","0.176597440359235",0.931668438602507,1,0.286617294883378
"249","Amino Acid","Histidine Metabolism","carnosine","carnosine",388363,"HMDB0000033",439224,"C00386",0.670274667502535,"5.86771895708554","5.33634193428397","0.220459665953093","0.240187462157883",0.993369027160036,1,-0.0857049534654594
"267","Lipid","Phospholipid Metabolism","choline phosphate","phosphocholine",119298,"HMDB0001565",1014,"C00588",0.225525252535907,"1.69164516487383","2.78967299838962","0.059455011328773","0.0424625051750973",0.900306542400566,1,0.336598459071952
"269","Amino Acid","Glutathione Metabolism","CoA-glutathione*","CoA-glutathione*",10128089,NA,46873828,"C00920",0.454014158587141,"4.08247627398517","4.52054267286439","0.110635397047653","0.223802594492659",0.982335894227054,1,-0.704524305194582
"275","Amino Acid","Creatine Metabolism","creatinine","creatinine",568,"HMDB0000562",588,"C00791",0.785241684301909,"5.33006565891882","4.97535897576974","0.0706388965824582","0.0745358028703797",0.993369027160036,1,-0.0536986495073784
"290","Carbohydrate","Aminosugar Metabolism","glucosamine-6-phosphate","glucosamine-6-phosphate",8013767,"HMDB0001254",440997,"C00352",0.178928014560515,"5.97933935032402","4.64075140064872","0.114747633677888","0.173941473596987",0.879710305232734,1,-0.415983656810701
"294","Carbohydrate","Fructose, Mannose and Galactose Metabolism","mannose-6-phosphate","mannose 6-phosphate",19969422,"HMDB0001078",439198,"C00275",0.807226920824451,"5.58468654413881","5.24883980914227","0.145907490436065","0.198613932255202",0.993369027160036,1,-0.308390107761342
"297","Lipid","Sphingosines","sphingosine","sphingosine",4510275,"HMDB0000252",5280335,"C00319",0.803004861481098,"5.49141713940296","5.77216795857227","0.0934525118448829","0.083633580751471",0.993369027160036,1,0.111008289497882
"301","Cofactors and Vitamins","Ascorbate and Aldarate Metabolism","dehydroascorbate","dehydroascorbate",812,"HMDB0001264",440667,"C05422",0.915661358144359,"5.0985773077315","5.06355742986445","0.182385764965176","0.156208215723166",0.993369027160036,1,0.154934198158805
"302","Lipid","Secondary Bile Acid Metabolism","deoxycholate","deoxycholate",389318,"HMDB0000626",222528440355,"C04483",0.510758603793969,"5.22207972480558","5.1127573343172","0.606052512394532","0.305140370742534",0.993369027160036,1,0.686194733755544
"331","Peptide","Gamma-glutamyl Amino Acid","gamma-glutamylglutamate","gamma-glutamylglutamate",83831,"HMDB0011737",92865,"C05282",0.688235552866514,"1.95267656414572","1.81370094455036","0.138047868322052","0.0856121916977501",0.993369027160036,1,0.477772797528375
"335","Carbohydrate","Nucleotide Sugar","guanosine 5'-diphospho-fucose","guanosine 5'-diphospho-fucose",NA,NA,NA,NA,0.638447541121393,"4.97077054992501","5.52358584184557","0.157178881760137","0.159129628651943",0.993369027160036,1,-0.012334613582536
"339","Lipid","Fatty Acid, Dicarboxylate","glutarate (C5-DC)","glutarate (C5-DC)",3618533,"HMDB0000661",7434418048,"C00489",0.347411614354263,"5.40357009193168","4.55705067289215","0.096455752331974","0.107802482129866",0.921001746264255,1,-0.111216305400334
"348","Nucleotide","Purine Metabolism, Guanine containing","2'-deoxyguanosine","2'-deoxyguanosine",163230,"HMDB0000085",135398592,"C00330",0.908370518567537,"5.69468950697072","5.87584184353696","0.120190182284793","0.100167529774955",0.993369027160036,1,0.182231258610435
"355","Amino Acid","Histidine Metabolism","histidine","histidine",752,"HMDB0000177",6274,"C00135",0.449334098701684,"5.61320071594094","6.21332630220573","0.0651210680540472","0.0418835810355627",0.982335894227054,1,0.441354233476961
"370","Lipid","Inositol Metabolism","inositol 1-phosphate (I1P)","inositol 1-phosphate (I1P)",17215924,"HMDB0000213",440194,"C01177",0.782333477715015,"5.43045067217699","5.86412029297706","0.106874102251617","0.116005988055294",0.993369027160036,1,-0.0819902837035916
"376","Amino Acid","Leucine, Isoleucine and Valine Metabolism","isoleucine","isoleucine",769,"HMDB0000172",6306,"C06418,C00407,C16424",0.336095367051037,"6.01734201377251","0.125435596122399","0.0978437123597335","0.120245486296778",0.921001746264255,1,-0.206163938458952
"381","Amino Acid","Lysine Metabolism","2-aminoadipate","2-aminoadipate",456,"HMDB0000510",92136,"C00956",0.0569261468620617,"4.66280997809988","5.52081117369361","0.364497162075907","0.190370048804478",0.426216279069795,1,0.649548962334324
"397","Amino Acid","Leucine, Isoleucine and Valine Metabolism","leucine","leucine",NA,"HMDB0000687",6106,"C00123",0.255784487889974,"5.77355925136955","6.26808147046618","0.0946073951078386","0.108778224743679",0.900306542400566,1,-0.139575528777746
"407","Amino Acid","Lysine Metabolism","lysine","lysine",5747,"HMDB0003405",5962,"C00739,C00047",0.273397365223897,"5.7661781787393","0.0254221902098329","0.100498041289864","0.0846505826282621",0.921001746264255,1,0.171606246309606
"41","Amino Acid","Histidine Metabolism","homocarnosine","homocarnosine",8418848,"HMDB0000745",8923510243361,"C00884",0.157152615137895,"1.58739012283795","2.69330300505514","0.223092094356316","0.161041698404711",0.834337520368461,1,0.325921337630731
"415","Amino Acid","Methionine, Cysteine, SAM and Taurine Metabolism","methionine","methionine",5907,"HMDB0000696",6137,"C00073",0.30690476267766,"5.90237168580648","0.0749618915597686","0.0906310890325086","0.108033810711244",0.921001746264255,1,-0.175646940029671
"418","Lipid","Fatty Acid Metabolism (also BCAA Metabolism)","methylmalonate (MMA)","methylmalonate (MMA)",473,"HMDB0000202",487,"C02170",0.296953518729736,"5.846315912501","5.12608200708798","0.0717508130841941","0.134974735315998",0.921001746264255,1,-0.631888428357634
"424","Lipid","Long Chain Saturated Fatty Acid","palmitate (16:0)","palmitate (16:0)",960,"HMDB0000220",985,"C00249",0.0176641473719379,"2.368938753572","0.303539706430146","0.200712628626469","0.138503260458278",0.340328023535035,1,0.37098031015961
"428","Cofactors and Vitamins","Nicotinate and Nicotinamide Metabolism","nicotinamide adenine dinucleotide reduced (NADH)","NADH",388299,"HMDB0001487",439153,"C00004",0.866882655024774,"5.69427581801672","6.02498142003262","0.116991404524627","0.115506995137002",0.993369027160036,1,0.012769374412895
"432","Cofactors and Vitamins","Nicotinate and Nicotinamide Metabolism","nicotinamide","nicotinamide",911,"HMDB0001406",936,"C00153",0.477711291028225,"3.91084068476885","4.31150160828306","0.0380708813914837","0.0671601732415369",0.982335894227054,1,-0.567630689749548
"439","Lipid","Long Chain Saturated Fatty Acid","stearate (18:0)","stearate (18:0)",5091,"HMDB0000827",5281,"C01530",0.0171449511118636,"2.37443635464634","0.259878117361198","0.183952577173531","0.121621000227073",0.340328023535035,1,0.413768337780575
"448","Amino Acid","Glutathione Metabolism","glutathione, oxidized (GSSG)","glutathione, oxidized (GSSG)",58835,"HMDB0003337",65359,"D00031,C00127",0.938297290724051,"3.85103129772693","4.03045719943711","0.152763314907968","0.168574046950256",0.993369027160036,1,-0.0984853388131195
"460","Amino Acid","Phenylalanine Metabolism","phenylalanine","phenylalanine",5910,"HMDB0000159",6140,"C00079",0.0256930183904453,"5.29906713799096","5.91310831469927","0.164540661451314","0.114502492130229",0.340328023535035,1,0.362561133648884
"480","Amino Acid","Urea cycle; Arginine and Proline Metabolism","proline","proline",128566,"HMDB0000162,HMDB0003411",8988145742614,"C00148,C000763",0.228186040596553,"0.125020415644061","0.600439558725264","0.0634895628876026","0.121754785023298",0.900306542400566,1,-0.651133534815158
"482","Carbohydrate","Glycolysis, Gluconeogenesis, and Pyruvate Metabolism","lactate","lactate",592,"HMDB0000190",612,"C00186",0.325312226684116,"4.77369557433356","5.33237011763398","0.0679259873306883","0.0309798913909867",0.921001746264255,1,0.785080361603402
"50","Amino Acid","Polyamine Metabolism","spermidine","spermidine",1071,"HMDB0001257",1102,"C00315",0.0523341613899205,"3.70251929743587","2.18309631026966","0.226175609841451","0.230550232205138",0.426216279069795,1,-0.0191570335974848
"501","Xenobiotics","Drug - Topical Agents","salicylate","salicylate",331,"HMDB0001895",338,"C00805",0.011548914099826,"2.52026272941941","1.74347689886917","0.0956419945365238","0.606500474303322",0.322145650535311,1,-1.84709351341766
"503","Amino Acid","Glycine, Serine and Threonine Metabolism","serine","serine",5736,"HMDB0000187",5951,"C00065",0.249561850528781,"6.05274333615522","0.312910146636073","0.050791332551949","0.092018810929756",0.900306542400566,1,-0.594267301805144
"507","Amino Acid","Polyamine Metabolism","spermine","spermine",1072,"HMDB0001256",1103,"C00750",0.055873222256316,"3.08607529398994","2.05921132840694","0.357046861941315","0.656046463020747",0.426216279069795,1,-0.608364575104372
"533","Amino Acid","Urea cycle; Arginine and Proline Metabolism","urea","urea",1143,"HMDB0000294",1176,"C00086",0.97344585018541,"5.01669732443528","5.04953956224158","0.314041680634625","0.29538314646832",0.993369027160036,1,0.0612524027594024
"536","Nucleotide","Pyrimidine Metabolism, Uracil containing","2'-deoxyuridine","2'-deoxyuridine",13118,"HMDB0000012",13712,"C00526",0.258992293019341,"1.71375271085207","1.49225817956573","0.218132320193551","0.126619955126088",0.900306542400566,1,0.543911731302551
"563","Amino Acid","Glutamate Metabolism","glutamine","glutamine",5746,"HMDB0000641",5961,"C00064",0.477334044044057,"4.83851393821538","4.93621627329397","0.175125395418959","0.109050250884106",0.982335894227054,1,0.473693469300027
"564","Amino Acid","Glycine, Serine and Threonine Metabolism","threonine","threonine",6051,"HMDB0000167",6288,"C00188",0.190167808430591,"5.59775463800301","0.0313332245296092","0.0886082348590437","0.110478980216533",0.879710305232734,1,-0.220600481053118
"565","Amino Acid","Tryptophan Metabolism","tryptophan","tryptophan",6066,"HMDB0000929",6305,"C00078",0.206743179256282,"5.30677223174533","5.83224652727464","0.157945540783898","0.131613252901174",0.900306542400566,1,0.18238257527204
"566","Amino Acid","Leucine, Isoleucine and Valine Metabolism","valine","valine",6050,"HMDB0000883",6287,"C00183",0.113715560201569,"5.65625163223731","0.0482682420498316","0.0997998402108","0.114599360742197",0.706488161252301,1,-0.138275643877313
"568","Cofactors and Vitamins","Vitamin B6 Metabolism","pyridoxamine","pyridoxamine",1023,"HMDB0001431",1052,"C00534",0.236338122004871,"0.425986847926316","1.20227849648208","0.0490162344787193","0.105928335917589",0.900306542400566,1,-0.770611230090434
"572","Carbohydrate","Glycolysis, Gluconeogenesis, and Pyruvate Metabolism","glucose","glucose",71358,"HMDB0000122",5793,"C00031",0.372685775564862,"5.7279314801697","5.29674212138707","0.306586506303644","0.152376203202357",0.927131797424885,1,0.69914747062371
"799","Amino Acid","Glycine, Serine and Threonine Metabolism","betaine","betaine",19951173242,"HMDB0000043",247,"C00719",0.14320874120505,"1.71828343151299","1.95639511590464","0.326631970332879","0.183848982574509",0.804732562666326,1,0.57471939035459
"811","Amino Acid","Alanine and Aspartate Metabolism","alanine","alanine",5735,"HMDB0000161",5950,"C00041",0.469013747068534,"5.94014383890991","0.248505749656084","0.0522233286763728","0.0498918265797813",0.982335894227054,1,0.0456721112182624
"815","Amino Acid","Tyrosine Metabolism","tyrosine","tyrosine",5833,"HMDB0000158",6057,"C00082",0.039296264084545,"5.45288871904629","6.11199453458347","0.13764799386852","0.125951198852578",0.409803896881684,1,0.0888051361008623
"821","Nucleotide","Pyrimidine Metabolism, Uracil containing","pseudouridine","pseudouridine",21403010,"HMDB0000767",15047,"C02067",0.847649752093376,"5.08147570866668","4.82126455269404","0.199274873079539","0.218011682092758",0.993369027160036,1,-0.0898635055321082
"823","Carbohydrate","Glycolysis, Gluconeogenesis, and Pyruvate Metabolism","pyruvate","pyruvate",96901,"HMDB0000243",1060,"C00022",0.342983858968843,"1.49117119749203","1.68912889329832","0.221605960397403","0.0839270851847155",0.921001746264255,1,0.97095246324283
"827","Nucleotide","Pyrimidine Metabolism, Cytidine containing","cytidine","cytidine",5940,"HMDB0000089",6175,"C00475",0.337441110567305,"2.08158857545724","2.82163847198091","0.154477018262221","0.0980737864619853",0.921001746264255,1,0.454325217714049
"828","Carbohydrate","Pentose Metabolism","arabinose","arabinose",59687,"HMDB0029942",66308,"C00216",0.474684378866091,"5.0457358595195","4.69568965511523","0.146442197887459","0.102094609735119",0.982335894227054,1,0.360730867129481
"873","Cofactors and Vitamins","Thiamine Metabolism","thiamin (Vitamin B1)","thiamin (Vitamin B1)",NA,"HMDB0000235",1130,"DG00125,C00378,D08580",0.996601795245051,"1.78815566115034","1.78561916994077","0.106883350486557","0.102473718454044",0.996601795245051,1,0.042131697037638
"878","Carbohydrate","Fructose, Mannose and Galactose Metabolism","fructose","fructose",5764,"HMDB0000660",2723872,"C00095",0.487407443633231,"5.30687277780896","4.94221881086984","0.207498853541137","0.138745444823758",0.993032134351842,1,0.402484892563952
"880","Nucleotide","Purine Metabolism, Adenine containing","adenine","adenine",185,"HMDB0000034",190,"C00147",0.308558692385191,"3.81427684443701","4.63798543610951","0.121609083414666","0.154135364697412",0.921001746264255,1,-0.237019541992437
"891","Lipid","Long Chain Saturated Fatty Acid","margarate (17:0)","margarate (17:0)",10033,"HMDB0002259",10465,NA,0.0192793763573129,"2.4131553488513","0.227601142744794","0.184543902526137","0.112980933736195",0.340328023535035,1,0.490668312767309
"917","Amino Acid","Alanine and Aspartate Metabolism","asparagine","asparagine",6031,"HMDB0000168",6267,"C00152",0.395802839591071,"6.22034740956726","0.227998153366842","0.0716318467544564","0.113058786776537",0.936550967980942,1,-0.456368158244948
"935","Carbohydrate","Disaccharides and Oligosaccharides","sucrose","sucrose",5768,"HMDB0000258",5988,"C00089",0.86870822602428,"5.54845748750278","5.31332406994299","0.321618039697675","0.269095188100794",0.993369027160036,1,0.178299453199695
"98","Amino Acid","Tryptophan Metabolism","kynurenate","kynurenate",3712,"HMDB0000715",3845,"C01717",0.757941188128387,"4.79146683107583","5.010387812818","0.247228038504095","0.281878207104655",0.993369027160036,1,-0.131163944426296
"999910445",NA,NA,"X - 10445","X - 10445",NA,NA,NA,NA,0.0542472047155611,"2.12563224930603","3.70608416616531","0.103464848670961","0.104552632725571",0.426216279069795,1,-0.0104586784033637
"999912100",NA,NA,"X - 12100","X - 12100",NA,NA,NA,NA,0.536356847313773,"5.19739421531245","5.42175154827963","0.166850912655588","0.107663771948594",0.993369027160036,1,0.4380875268323
"999912101",NA,NA,"X - 12101","X - 12101",NA,NA,NA,NA,0.857310235299855,"4.92034406465197","4.69076573556809","0.231814644777293","0.194140667946807",0.993369027160036,1,0.177355118594183
"999912462",NA,NA,"X - 12462","X - 12462",NA,NA,NA,NA,0.703552550186763,"6.04160513708411","5.67059231604958","0.173294850875458","0.228298171739286",0.993369027160036,1,-0.275658061274865
"999913007",NA,NA,"X - 13007","X - 13007",NA,NA,NA,NA,0.789905764037745,"5.30977648000475","5.61701976007368","0.149932515264918","0.119604993857581",0.993369027160036,1,0.225990699320922
"999913835",NA,NA,"X - 13835 - retired for 1-methyl-5-imidazolelactate","X - 13835 - retired for 1-methyl-5-imidazolelactate",NA,NA,NA,NA,0.35649393195601,"2.1939635844956","1.54297359064531","0.422442704541254","0.204538003382804",0.921205558682787,1,0.725300033217749
"999914837",NA,NA,"X - 14837","X - 14837",NA,NA,NA,NA,0.762305001634107,"4.83268565141375","4.88242977893695","0.152465476898885","0.203268483592735",0.993369027160036,1,-0.287589495050266
"999914904",NA,NA,"X - 14904","X - 14904",NA,NA,NA,NA,0.613835082971034,"5.21931395429158","5.70208315340698","0.180327938662938","0.144294948103361",0.993369027160036,1,0.222917619249705
"999915161",NA,NA,"X - 15161","X - 15161",NA,NA,NA,NA,0.638307803803749,"0.469216392389488","0.01527613134098","0.182232354207959","0.195365454496533",0.993369027160036,1,-0.0695893859076593
"999915666",NA,NA,"X - 15666 - retired for oxindolylalanine","X - 15666 - retired for oxindolylalanine",NA,NA,NA,NA,0.193463472556458,"4.983434371397","5.94390499587882","0.125261050121871","0.0780374652680401",0.879710305232734,1,0.473210925279135
"999922162",NA,NA,"X - 22162","X - 22162",NA,NA,NA,NA,0.858000431463362,"4.95102694995536","4.69455135751383","0.21791400525247","0.251049858439617",0.993369027160036,1,-0.141551044961425
"999922810",NA,NA,"X - 22810","X - 22810",NA,NA,NA,NA,0.901748948362721,"5.57698892615724","5.71637080158886","0.178726226063852","0.158856695728105",0.993369027160036,1,0.117852660597263
"999923593",NA,NA,"X - 23593","X - 23593",NA,NA,NA,NA,0.150009197312122,"1.60123655338759","2.19732628559571","0.18606469642064","0.080601223774881",0.826465766323389,1,0.836580610744293
"999923639",NA,NA,"X - 23639","X - 23639",NA,NA,NA,NA,0.0714906590633056,"1.65033699055051","2.40742637117902","0.41723680808024","0.213067381717157",0.50915298649964,1,0.672045483925106
"999923918",NA,NA,"X - 23918","X - 23918",NA,NA,NA,NA,0.795819807472809,"5.31133582181207","5.55920057472095","0.268623399509614","0.286000734836729",0.993369027160036,1,-0.0626839833150852
"999924428",NA,NA,"X - 24428","X - 24428",NA,NA,NA,NA,0.336014415713875,"5.23100494723354","5.22119012543741","0.204767610910143","0.11839451616137",0.921001746264255,1,0.547853325632897
"999925047",NA,NA,"X - 25047","X - 25047",NA,NA,NA,NA,0.0423677413162938,"1.92719501029123","2.73875668762954","0.379229459105391","0.166091914227833",0.426216279069795,1,0.825600119588729
"999925244",NA,NA,"X - 25244","X - 25244",NA,NA,NA,NA,0.00843192856770961,"3.47571796098814","2.02247373296845","0.44067623107102","0.577387260508607",0.307765392721401,1,-0.270202767534392
"999925422",NA,NA,"X - 25422","X - 25422",NA,NA,NA,NA,0.857320577664379,"5.08201074199801","4.83253532736108","0.236507850527799","0.283150752902226",0.993369027160036,1,-0.179998049577024
"999925828",NA,NA,"X - 25828","X - 25828",NA,NA,NA,NA,0.462420598065044,"1.14713511951465","1.98154514028169","0.0433958105822875","0.0607478971695475",0.982335894227054,1,-0.336369561043552
"999925936",NA,NA,"X - 25936","X - 25936",NA,NA,NA,NA,0.078392238711629,"4.858596200984","5.14499083240649","0.246043667561369","0.108512579775916",0.54501270723323,1,0.818642921696466
"999925957",NA,NA,"X - 25957","X - 25957",NA,NA,NA,NA,0.39771342475903,"3.08184489700387","2.27381880563619","0.562612138177517","0.625539299660735",0.936550967980942,1,-0.106023686157428
"AAAs",NA,NA,NA,NA,NA,NA,NA,NA,0.0547448295379193,"5.34777602160031","5.95332293016191","0.458523949491593","0.36954270353172",0.426216279069795,1,0.215746219935987
"BCAAs",NA,NA,NA,NA,NA,NA,NA,NA,0.198838630634796,"5.81972421505471","0.0604633941663681","0.290631265239657","0.341777166474221",0.879710305232734,1,-0.162103630765104
"BCAAs/AAAs",NA,NA,NA,NA,NA,NA,NA,NA,0.256200049870158,"1.68907206216354","1.66597748307209","0.0898690423667478","0.0513218429339368",0.900306542400566,1,0.560237076111825
"BCAAs/Ala",NA,NA,NA,NA,NA,NA,NA,NA,0.431875343763615,"5.77811202660843","6.17296634148934","0.15326730383113","0.221148639486773",0.982335894227054,1,-0.366651571422291
"GSH/GSSG",NA,NA,NA,NA,NA,NA,NA,NA,0.0503750366907254,"0.441034288196337","0.803554115875292","0.103542752342577","0.614503247301414",0.426216279069795,1,-1.78082961992438
"KYN/TRY",NA,NA,NA,NA,NA,NA,NA,NA,0.986565129713734,"4.59524697823434","4.57360415242083","0.240307917676723","0.252169962657733",0.993369027160036,1,-0.0481822238270007
"PYRUV/LAC",NA,NA,NA,NA,NA,NA,NA,NA,0.0595455181357437,"1.50809131183997","2.011868047574","0.323309109615927","0.133866058843803",0.434682282390929,1,0.881769122119482
