ID,Phase,Error,Magnitude,ProjectionX,ProjectionY,Inner_Error,Circular_Error,Modified_Inner_Error,Modified_Error,Out_of_Plane_Error,Out_of_Plane_Reconstruction_Error,Input_Magnitude,Dense_Input_Magnitude,Decoding_Dense_Output_Magnitude,Model_Output_Magnitude,Modified_Decoding_Dense_Output_Magnitude,Modified_Model_Output_Magnitude,Covariate_D,Covariate_D_1,Phases_MA
20998065,2.748199462890625,0.03832078352570534,2.9836349487304688,-2.7557263374328613,1.143700361251831,0.03832077607512474,1.9674038887023926,0.730320394039154,0.730320394039154,0.5789730548858643,0.5789729952812195,0.8591317534446716,1.2949328422546387,1.3518106937408447,0.92851322889328,2.6019527912139893,2.4011588096618652,cond_0,cond_0,3.4527451989070297
10218339,2.9504666328430176,0.12379229068756104,4.168598175048828,-4.092691898345947,0.7918853759765625,0.12379229068756104,5.02000617980957,1.64911687374115,1.64911687374115,1.5923267602920532,1.5923267602920532,1.1483912467956543,1.662498116493225,1.482415795326233,0.8910170197486877,3.752474069595337,3.350446939468384,cond_0,cond_0,3.250478028954637
10205244,3.254735533391134,0.1862386167049408,1.2936636209487915,-1.285392165184021,-0.1460566520690918,0.1862386167049408,0.043119169771671295,0.2657914459705353,0.26579147577285767,0.01496981456875801,0.01496981456875801,0.7559904456138611,1.3208116292953491,1.6447539329528809,0.8262946009635925,1.8554878234863281,1.050760269165039,cond_0,cond_0,2.9462091284065206
20240514,3.1508269945727747,0.36100059747695923,1.298397421836853,-1.2983421087265015,-0.011989593505859375,0.36100053787231445,0.04452051967382431,0.436720609664917,0.43672069907188416,0.015053835697472095,0.015053835697472095,1.149322509765625,1.5364501476287842,1.5943015813827515,0.8498589396476746,1.7990325689315796,1.0752432346343994,cond_0,cond_0,3.05011766722488
15712086,3.4869871775256556,0.08831054717302322,3.1695284843444824,-2.98234224319458,-1.0731010437011719,0.08831054717302322,2.3534274101257324,1.023188591003418,1.023188591003418,0.8484693169593811,0.8484693169593811,0.9052523970603943,1.7438217401504517,1.7374582290649414,0.7666962742805481,3.486806869506836,2.550297975540161,cond_0,cond_0,2.713957484271999
11331231,2.4296083450317383,0.1736171543598175,6.539400577545166,-4.95076322555542,4.272435188293457,0.1736171543598175,15.34247875213623,3.2071197032928467,3.2071197032928467,4.041162967681885,4.041162967681885,1.5975052118301392,1.5203027725219727,1.117063283920288,0.9837388396263123,4.60386323928833,4.95994234085083,cond_0,cond_0,3.7713363167659164
10277308,3.5520289579974573,0.17457430064678192,1.4540294408798218,-1.3332675695419312,-0.5801715850830078,0.17457428574562073,0.10307134687900543,0.31157124042510986,0.31157124042510986,0.037338633090257645,0.037338633090257645,0.6990989446640015,1.386738657951355,1.7582765817642212,0.7480998039245605,2.1160895824432373,1.1070923805236816,cond_0,cond_0,2.6489157038001974
11631558,1.453487515449524,0.05077186971902847,4.411463260650635,0.5163173079490662,4.381144046783447,0.050771862268447876,5.819040775299072,1.5214207172393799,1.5214207172393799,1.6690443754196167,1.6690443754196167,1.3700345754623413,0.6547364592552185,0.37110447883605957,1.1350841522216797,2.3487138748168945,3.7172563076019287,cond_0,cond_0,4.747457146348131
20221273,3.6916242281543177,0.3903481364250183,6.579685688018799,-5.60923433303833,-3.4392952919006348,0.3903481364250183,15.566444396972656,4.55240535736084,4.55240535736084,5.646913051605225,5.646913051605225,1.6493903398513794,2.5921790599823,1.7951955795288086,0.7052351832389832,6.461356163024902,5.39371919631958,cond_0,cond_0,2.509320433643337
20944237,2.431471347808838,0.3358149230480194,4.5306315422058105,-3.435499668121338,2.9536356925964355,0.335814893245697,6.23267936706543,1.840388298034668,1.840388298034668,1.6425501108169556,1.642549991607666,1.5622261762619019,1.5830901861190796,1.1185181140899658,0.9834209680557251,3.2007765769958496,3.506617784500122,cond_0,cond_0,3.769473313988817
21145876,3.486138168965475,0.13616487383842468,3.8566293716430664,-3.629971504211426,-1.302649974822998,0.13616487383842468,4.080165386199951,1.6022608280181885,1.6022608280181885,1.4708842039108276,1.4708842039108276,1.0284841060638428,1.868174433708191,1.7371714115142822,0.766933262348175,4.057462692260742,3.1294965744018555,cond_0,cond_0,2.71480649283218
21117192,2.2114853858947754,0.1088499128818512,2.985414981842041,-1.784525752067566,2.393359661102295,0.1088499128818512,1.9709362983703613,0.7037305235862732,0.7037305235862732,0.4954998195171356,0.4954998195171356,1.0837715864181519,1.0866618156433105,0.942226767539978,1.0208629369735718,1.8609826564788818,2.408562421798706,cond_0,cond_0,3.9894592759028793
20996621,5.844215426837103,0.093394435942173,1.813724160194397,1.6417648792266846,-0.770845890045166,0.093394435942173,0.331073522567749,0.3097560405731201,0.3097560405731201,0.09576376527547836,0.09576376527547836,0.641965389251709,1.1657962799072266,1.2638983726501465,0.7565118074417114,1.691975712776184,1.3314634561538696,cond_0,cond_0,0.356729234960552
20139850,3.9751270453082483,0.07166951894760132,5.35359525680542,-3.5990257263183594,-3.963331699371338,0.07166952639818192,9.476896286010742,2.7386364936828613,2.7386364936828613,3.3224873542785645,3.3224873542785645,1.0091475248336792,2.2271220684051514,1.8375276327133179,0.6066505908966064,5.446676731109619,4.204293251037598,cond_0,cond_0,2.2258176164894063
50301963,5.778591756020681,0.15998002886772156,1.3034566640853882,1.1410082578659058,-0.6301584243774414,0.15998002886772156,0.046042975038290024,0.22795933485031128,0.22795931994915009,0.012996304780244827,0.012996307574212551,0.7708433866500854,1.3045176267623901,1.3003087043762207,0.7229792475700378,1.4477237462997437,0.9274843335151672,cond_0,cond_0,0.4223529057769735
50101785,2.125213861465454,0.0587187334895134,3.659498453140259,-1.9265364408493042,3.1113321781158447,0.0587187334895134,3.536466598510742,0.9582465291023254,0.9582465291023254,0.8820710182189941,0.8820711374282837,1.1496113538742065,1.0772342681884766,0.8713871240615845,1.0354759693145752,2.174933671951294,2.89650297164917,cond_0,cond_0,4.075730800332201
20610726,1.787297248840332,0.01074665691703558,4.147160053253174,-0.8908661603927612,4.050344944000244,0.010746655985713005,4.952308654785156,1.1962058544158936,1.1962056159973145,1.2762916088104248,1.2762914896011353,1.184289813041687,0.6120390295982361,0.5964384078979492,1.0905961990356445,2.1833267211914062,3.3465864658355713,cond_0,cond_0,4.413647412957323
50303145,2.8249309062957764,0.1415146291255951,3.2817952632904053,-3.1186251640319824,1.0219380855560303,0.1415146291255951,2.603294849395752,1.050136923789978,1.050136923789978,0.7886705994606018,0.7886705994606018,1.0862542390823364,1.5411946773529053,1.4032821655273438,0.914641261100769,2.9169745445251465,2.6360833644866943,cond_0,cond_0,3.3760137555018783
20154287,2.9864559173583984,0.2457943558692932,2.6697797775268555,-2.637716770172119,0.4125218391418457,0.2457943558692932,1.3940823078155518,0.8190217018127441,0.8190217018127441,0.44776496291160583,0.44776496291160583,1.1939215660095215,1.6328009366989136,1.5038647651672363,0.88397616147995,2.66060471534729,2.1692557334899902,cond_0,cond_0,3.2144887444392563
20730959,4.55432635942568,0.050346970558166504,3.343953847885132,-0.5263561010360718,-3.3022685050964355,0.050346966832876205,2.7470600605010986,0.9295087456703186,0.9295087456703186,0.8001075983047485,0.8001075983047485,0.537461519241333,1.7853442430496216,1.7956658601760864,0.3994690179824829,3.5762085914611816,2.1809659004211426,cond_0,cond_0,1.6466183023719747
50105725,5.3208317200290125,0.1517113894224167,3.7055423259735107,2.1180522441864014,-3.0405426025390625,0.1517113894224167,3.6599793434143066,1.0899137258529663,1.0899137258529663,0.9167090654373169,0.9167090654373169,0.9414950013160706,1.7682567834854126,1.5318379402160645,0.49095314741134644,3.2808074951171875,2.3493809700012207,cond_0,cond_0,0.8801129417686422
10478041,2.4827373027801514,0.25607120990753174,4.939717769622803,-3.9058027267456055,3.0241551399230957,0.25607120990753174,7.760686874389648,2.0489819049835205,2.0489816665649414,2.0771567821502686,2.0771565437316895,1.5509395599365234,1.6811866760253906,1.1582247018814087,0.9746650457382202,3.569760799407959,3.8123393058776855,cond_0,cond_0,3.7182073590175033
21407511,5.369564179574148,0.0731590986251831,2.3360707759857178,1.4270656108856201,-1.8495163917541504,0.0731590986251831,0.8925425410270691,0.4280071258544922,0.4280071258544922,0.2248932272195816,0.2248932272195816,0.5142236351966858,1.3336730003356934,1.5092720985412598,0.513757586479187,2.331446409225464,1.412109613418579,cond_0,cond_0,0.8313804822235067
20177982,4.7259830872165125,0.0095851244404912,2.9653756618499756,0.04031026363372803,-2.965101718902588,0.009585120715200901,1.931350827217102,0.6476929187774658,0.6476929187774658,0.5283878445625305,0.5283878445625305,0.22311441600322723,1.6035243272781372,1.7541221380233765,0.36543264985084534,3.18867826461792,1.815898060798645,cond_0,cond_0,1.4749615745811422
20602974,3.793034617100851,0.16845978796482086,3.4250271320343018,-2.7236170768737793,-2.076709270477295,0.16845978796482086,2.940378189086914,1.2513139247894287,1.2513139247894287,1.0595993995666504,1.0595993995666504,1.0291712284088135,1.9086216688156128,1.8153457641601562,0.671620786190033,3.8243839740753174,2.6788852214813232,cond_0,cond_0,2.407910044696804
50101659,3.1390938758850098,0.05693328008055687,1.9628907442092896,-1.962884545326233,0.004904747009277344,0.05693328380584717,0.4635792672634125,0.3679327964782715,0.3679327964782715,0.1562342792749405,0.1562342792749405,0.617318868637085,1.3640282154083252,1.588269591331482,0.8524144887924194,2.2747251987457275,1.5998069047927856,cond_0,cond_0,3.061850785912645
50105437,3.7461944262133997,0.1047840416431427,5.006410598754883,-4.118916988372803,-2.8458166122436523,0.1047840490937233,8.025663375854492,2.4762704372406006,2.4762706756591797,2.903324604034424,2.903324604034424,1.152204155921936,2.2120392322540283,1.8067361116409302,0.6873972415924072,5.145934581756592,4.036284923553467,cond_0,cond_0,2.454750235584255
50107583,4.201101605092184,0.3450733423233032,2.737027883529663,-1.3392289876937866,-2.3870038986206055,0.3450733423233032,1.5086328983306885,1.0046486854553223,1.0046486854553223,0.49868470430374146,0.49868470430374146,1.2459874153137207,2.094412088394165,1.8407119512557983,0.5209435820579529,3.2435271739959717,1.9057343006134033,cond_0,cond_0,1.9998430567054708
11440263,4.868200723324911,0.03814302384853363,3.414478302001953,0.5298657417297363,-3.373115062713623,0.03814302012324333,2.9148528575897217,0.8511834144592285,0.8511834144592285,0.7629182934761047,0.7629182934761047,0.4781675934791565,1.6800299882888794,1.7111845016479492,0.3606269955635071,3.417285680770874,2.099165201187134,cond_0,cond_0,1.3327439384727437
33411712,4.866594735776083,0.18400141596794128,3.763758897781372,0.578095555305481,-3.71909761428833,0.18400141596794128,3.8191816806793213,1.1948626041412354,1.1948626041412354,1.0000540018081665,1.0000540018081665,0.9716439247131348,1.9928845167160034,1.7117093801498413,0.3605450689792633,3.6685237884521484,2.352154016494751,cond_0,cond_0,1.3343499260215719
11310844,4.652952376996176,0.13863146305084229,3.8502109050750732,-0.22870886325836182,-3.843411922454834,0.1386314481496811,4.061850070953369,1.235192894935608,1.235192894935608,1.1403779983520508,1.1403779983520508,0.8078433871269226,1.8865923881530762,1.7732373476028442,0.376664936542511,3.893184185028076,2.508246898651123,cond_0,cond_0,1.547992284801479
15176592,5.356233839188711,0.40739569067955017,1.4356483221054077,0.8617837429046631,-1.1482224464416504,0.4073956608772278,0.09489472210407257,0.49711140990257263,0.497111439704895,0.0238666869699955,0.0238666869699955,1.1952942609786987,1.6272804737091064,1.515499472618103,0.5074277520179749,1.7709665298461914,0.7877438068389893,cond_0,cond_0,0.8447108226089437
20249897,5.377856198941366,0.17630928754806519,3.3518078327178955,2.069495677947998,-2.636627197265625,0.17630928754806519,2.765500068664551,0.9396278858184814,0.9396278858184814,0.6976699233055115,0.6976699233055115,0.9049845933914185,1.596142292022705,1.5053777694702148,0.5177268981933594,3.0009329319000244,2.128787040710449,cond_0,cond_0,0.8230884628562887
10460587,4.758009258900778,0.17731812596321106,4.079509735107422,0.1860436201095581,-4.075265407562256,0.17731812596321106,4.741690158843994,1.3778891563415527,1.3778891563415527,1.283341407775879,1.283341407775879,0.8953769207000732,1.9344130754470825,1.7450956106185913,0.36228296160697937,3.982715606689453,2.623990535736084,cond_0,cond_0,1.442935402896877
20983400,4.342910710965292,0.2556031048297882,3.737037181854248,-1.3495525121688843,-3.484846591949463,0.2556031346321106,3.7456865310668945,1.4543668031692505,1.4543668031692505,1.1805028915405273,1.1805028915405273,1.1466665267944336,2.1695024967193604,1.829606056213379,0.46785593032836914,3.9961025714874268,2.6200978755950928,cond_0,cond_0,1.858033950832363
70883578,4.240720812474386,0.06772374361753464,5.329108238220215,-2.421402931213379,-4.7472310066223145,0.06772372871637344,9.370589256286621,2.514714002609253,2.514714002609253,3.0585644245147705,3.0585644245147705,0.9055063128471375,2.207970380783081,1.8385956287384033,0.5058686137199402,5.324375629425049,3.973771095275879,cond_0,cond_0,1.9602238493232687
50197261,4.250917498265402,0.14059986174106598,5.202312469482422,-2.3164138793945312,-4.658141613006592,0.14059987664222717,8.829715728759766,2.5009870529174805,2.5009870529174805,2.872391700744629,2.872391700744629,1.0560743808746338,2.2905540466308594,1.8379255533218384,0.5020092725753784,5.216256141662598,3.8626532554626465,cond_0,cond_0,1.950027163532253
15218541,3.9628642241107386,0.050934042781591415,4.724969387054443,-3.21907901763916,-3.458737850189209,0.05093405023217201,6.937698841094971,2.116511583328247,2.116511583328247,2.4382448196411133,2.4382448196411133,0.8908364176750183,2.0722358226776123,1.8365925550460815,0.6111838221549988,4.923658847808838,3.686654806137085,cond_0,cond_0,2.238080437686916
33477756,4.29263955751528,0.01601117104291916,3.1217854022979736,-1.2722264528274536,-2.8507866859436035,0.016011176630854607,2.2509868144989014,0.8397814035415649,0.8397814035415649,0.7220450043678284,0.7220450043678284,0.4091323912143707,1.7063199281692505,1.8346565961837769,0.48634621500968933,3.52716326713562,2.1627418994903564,cond_0,cond_0,1.908305104282375
21001933,4.969068829213278,0.075325608253479,2.7361931800842285,0.6946388483047485,-2.6465506553649902,0.075325608253479,1.50718355178833,0.5783225297927856,0.5783225297927856,0.3850015103816986,0.3850014805793762,0.49733009934425354,1.530346155166626,1.6764872074127197,0.37207967042922974,2.867403268814087,1.5974596738815308,cond_0,cond_0,1.231875832584377
50301387,1.5075827836990356,0.6325551867485046,2.504096031188965,0.15818727016448975,2.4990947246551514,0.6325551867485046,1.1311525106430054,1.0797126293182373,1.0797126293182373,0.31801220774650574,0.31801220774650574,1.7720654010772705,1.5765352249145508,0.40031731128692627,1.1290088891983032,0.9365171194076538,2.256026268005371,cond_0,cond_0,4.693361878098619
21138877,5.235981647168295,0.07637999206781387,4.201096057891846,2.1005258560180664,-3.6382689476013184,0.07637999206781387,5.123508453369141,1.275995135307312,1.275995135307312,1.2763676643371582,1.2763675451278687,0.7806684374809265,1.7732751369476318,1.5697684288024902,0.45387229323387146,3.682122230529785,2.6641347408294678,cond_0,cond_0,0.96496301462936
20297791,6.213883262370722,0.009756158106029034,3.3595094680786133,3.351445198059082,-0.2326345443725586,0.009756157174706459,2.783642292022705,1.0199108123779297,1.0199108123779297,0.9196066856384277,0.9196066856384277,0.860697329044342,0.9967702031135559,1.0459622144699097,0.9289667010307312,2.517338514328003,2.791323661804199,cond_0,cond_0,6.270246706606519
86408244,0.5478246808052063,0.17656061053276062,3.5666208267211914,3.044679880142212,1.8576083183288574,0.17656062543392181,3.293771743774414,1.4099905490875244,1.4099905490875244,1.1949421167373657,1.1949421167373657,1.338524341583252,0.9118656516075134,0.6431130766868591,1.115938663482666,2.30548095703125,3.272343635559082,cond_0,cond_0,5.653119980992448
482428,5.126736823712484,0.23392310738563538,4.716065406799316,1.8986552953720093,-4.31698751449585,0.23392310738563538,6.904571056365967,1.7214782238006592,1.7214782238006592,1.7247121334075928,1.7247121334075928,1.0694611072540283,1.9519338607788086,1.6158839464187622,0.4127795398235321,4.124633312225342,3.0025625228881836,cond_0,cond_0,1.0742078380851705
20956867,6.116555620227949,0.2047349512577057,2.7892730236053467,2.7506399154663086,-0.4626278877258301,0.2047349214553833,1.6007492542266846,0.8645715713500977,0.8645715117454529,0.5121147632598877,0.5121147632598877,1.0893856287002563,1.2450737953186035,1.105358362197876,0.8870118856430054,2.1559159755706787,2.264108180999756,cond_0,cond_0,0.08438904156970573
15115927,5.452077929173605,0.01669633761048317,4.119247913360596,2.7766125202178955,-3.0427989959716797,0.01669633761048317,4.864853858947754,1.1991889476776123,1.1991889476776123,1.2438045740127563,1.2438045740127563,0.6394605040550232,1.5237016677856445,1.4698387384414673,0.5541911721229553,3.4733726978302,2.716456174850464,cond_0,cond_0,0.7488667326240499
20767628,1.9578155279159546,0.0006072220858186483,3.8153810501098633,-1.4400385618209839,3.533188581466675,0.0006072224350646138,3.9631848335266113,0.9818971753120422,0.9818972945213318,0.992316484451294,0.992316722869873,1.0768104791641235,0.7391843795776367,0.7335290908813477,1.0634205341339111,2.087709426879883,3.0466392040252686,cond_0,cond_0,4.2431291338817
87779516,3.848809067402975,0.2297622412443161,1.0141899585723877,-0.7709602117538452,-0.6589398384094238,0.2297622412443161,0.0001006777019938454,0.23367467522621155,0.23367469012737274,3.605086021707393e-5,3.605086021707393e-5,0.7443382143974304,1.4335126876831055,1.8240406513214111,0.652302086353302,1.8355249166488647,0.6631492376327515,cond_0,cond_0,2.35213559439468
64493027,4.055380646382467,0.031635832041502,4.25492525100708,-2.5986990928649902,-3.369147300720215,0.0316358283162117,5.297269821166992,1.6975542306900024,1.6975542306900024,1.8239573240280151,1.8239573240280151,0.7408745288848877,1.9773424863815308,1.8416860103607178,0.5765663981437683,4.5183892250061035,3.2366175651550293,cond_0,cond_0,2.1455640154151876
92613520,4.010289017354147,0.2772256135940552,3.8115768432617188,-2.461601734161377,-2.9100918769836426,0.27722567319869995,3.952482223510742,1.5584959983825684,1.5584959983825684,1.3753610849380493,1.3753610849380493,1.2541899681091309,2.1501240730285645,1.8397668600082397,0.5935519933700562,4.158124923706055,2.8965089321136475,cond_0,cond_0,2.190655644443508
50103129,3.9526246229754847,0.1493474245071411,4.902096748352051,-3.3763222694396973,-3.554011821746826,0.1493474245071411,7.6131792068481445,2.4386634826660156,2.4386634826660156,2.6809535026550293,2.6809535026550293,1.1190569400787354,2.2448017597198486,1.8357503414154053,0.614953875541687,5.072685718536377,3.8412399291992188,cond_0,cond_0,2.24832003882217
89001223,3.6604586283313196,0.13415437936782837,3.1361610889434814,-2.723386287689209,-1.555208683013916,0.13415437936782837,2.2815921306610107,1.083709716796875,1.083709716796875,0.828296959400177,0.828296959400177,0.8864254951477051,1.7521898746490479,1.7878750562667847,0.7151533365249634,3.543572187423706,2.4810729026794434,cond_0,cond_0,2.540486033466335
22868024,4.740358297024862,0.17056013643741608,3.7466211318969727,0.10477697849273682,-3.7451558113098145,0.17056013643741608,3.771963596343994,1.1800066232681274,1.1800066232681274,1.026918888092041,1.026918888092041,0.860931932926178,1.8696796894073486,1.7501180171966553,0.36387762427330017,3.752378463745117,2.3869576454162598,cond_0,cond_0,1.4605863647727926
50500136,3.8894317785846155,0.07648703455924988,4.169613838195801,-3.0569944381713867,-2.835571765899658,0.07648702710866928,5.023227214813232,1.7354964017868042,1.7354964017868042,1.788338303565979,1.788338303565979,0.8712084293365479,1.9712759256362915,1.8293131589889526,0.6378899812698364,4.461292266845703,3.2623987197875977,cond_0,cond_0,2.311512883213039
15844425,4.239016834889547,0.2868194282054901,4.006781101226807,-1.8266524076461792,-3.5661797523498535,0.28681936860084534,4.520366668701172,1.7259207963943481,1.7259207963943481,1.4762698411941528,1.4762698411941528,1.167628526687622,2.1564674377441406,1.8387025594711304,0.5065144896507263,4.2582597732543945,2.908125162124634,cond_0,cond_0,1.9619278269081075
10516762,3.3570998350726526,0.12036453932523727,3.433192014694214,-3.3537755012512207,-0.734163761138916,0.12036453932523727,2.9602112770080566,1.2695900201797485,1.2695900201797485,1.048952579498291,1.048952579498291,0.9607601761817932,1.7381649017333984,1.6891008615493774,0.8012852072715759,3.6137301921844482,2.787228584289551,cond_0,cond_0,2.843844826725002
50109477,5.117149297391073,0.13084760308265686,2.9847095012664795,1.175374150276184,-2.7435355186462402,0.13084758818149567,1.9695360660552979,0.7263773679733276,0.7263773679733276,0.4923466742038727,0.4923466742038727,0.7251504063606262,1.6112656593322754,1.6197763681411743,0.40961501002311707,2.93698787689209,1.7810580730438232,cond_0,cond_0,1.0837953644065816
20656964,2.1665492057800293,0.1363496035337448,5.42194938659668,-3.0424304008483887,4.487889766693115,0.1363496035337448,9.77681827545166,2.122096061706543,2.122096061706543,2.4458041191101074,2.4458041191101074,1.4603811502456665,1.1276686191558838,0.905396044254303,1.0284841060638428,3.4077651500701904,4.1332926750183105,cond_0,cond_0,4.034395456017625
10901987,5.2374789158450525,0.05709638446569443,4.580237865447998,2.2960314750671387,-3.9631829261779785,0.05709638446569443,6.40905237197876,1.4719480276107788,1.4719480276107788,1.5966840982437134,1.5966840982437134,0.7036473155021667,1.7126041650772095,1.5691146850585938,0.4544922709465027,3.9419829845428467,2.9313957691192627,cond_0,cond_0,0.9634657459526021
21411459,5.005070034657614,0.29647332429885864,4.009737491607666,1.1568905115127563,-3.8392186164855957,0.29647332429885864,4.529260158538818,1.391565203666687,1.391564965248108,1.1490083932876587,1.1490083932876587,1.1228848695755005,1.959208607673645,1.6633087396621704,0.3790786564350128,3.732388973236084,2.5018157958984375,cond_0,cond_0,1.1958746271400411
20311676,4.451807681714193,0.1705969125032425,1.7480089664459229,-0.45036113262176514,-1.6889967918395996,0.1705969125032425,0.2797587215900421,0.3740905523300171,0.3740905523300171,0.08470620214939117,0.08470620214939117,0.6709659695625305,1.506869912147522,1.8146207332611084,0.4301653802394867,2.3939783573150635,1.0029181241989136,cond_0,cond_0,1.7491369800834615
11615242,3.6071341673480433,0.28316763043403625,4.015360355377197,-3.5880398750305176,-1.8025226593017578,0.28316763043403625,4.546198844909668,1.8917253017425537,1.8917253017425537,1.65021550655365,1.65021550655365,1.2641481161117554,2.061634063720703,1.7741193771362305,0.7316602468490601,4.258692264556885,3.2401297092437744,cond_0,cond_0,2.5938104944496114
85065193,4.454623524342672,0.19646301865577698,5.195018291473389,-1.324316382408142,-5.023385524749756,0.1964629888534546,8.799090385437012,2.394597053527832,2.394597053527832,2.661396026611328,2.661396026611328,1.1015006303787231,2.302339792251587,1.8141615390777588,0.42924898862838745,5.069652080535889,3.6778926849365234,cond_0,cond_0,1.7463211374549825
94722642,4.642264429722921,0.204722061753273,2.5869932174682617,-0.18126308917999268,-2.5806350708007812,0.204722061753273,1.2592737674713135,0.6881822347640991,0.6881822347640991,0.35492798686027527,0.35492798686027527,0.8411182761192322,1.7001323699951172,1.7758591175079346,0.37874385714530945,2.9564075469970703,1.5662964582443237,cond_0,cond_0,1.5586802320747335
51668135,4.674325768147604,0.11787502467632294,4.36050271987915,-0.16593503952026367,-4.357344150543213,0.11787502467632294,5.646488666534424,1.5514187812805176,1.5514187812805176,1.5730689764022827,1.5730689764022827,0.8255226016044617,2.0173499584198,1.7678582668304443,0.3728272318840027,4.257236957550049,2.8773767948150635,cond_0,cond_0,1.5266188936500509
8132197,4.766344134007589,0.13690590858459473,5.126392364501953,0.2764608860015869,-5.118932247161865,0.13690589368343353,8.513557434082031,2.0210142135620117,2.0210142135620117,2.2978973388671875,2.2978973388671875,0.8980145454406738,2.0869932174682617,1.7426836490631104,0.36165279150009155,4.741620063781738,3.3891100883483887,cond_0,cond_0,1.4346005277900655
36830117,5.246631924306051,0.12010472267866135,4.826930046081543,2.457822561264038,-4.154318332672119,0.12010473012924194,7.322696685791016,1.704798698425293,1.704798698425293,1.824813723564148,1.824813723564148,0.9473292231559753,1.910468339920044,1.5651054382324219,0.45831215381622314,4.105194568634033,3.1081762313842773,cond_0,cond_0,0.9543127374916036
20233939,5.611835245286123,0.09430607408285141,4.362850666046143,3.4160361289978027,-2.713883399963379,0.0943060889840126,5.654382705688477,1.4816917181015015,1.4816919565200806,1.5075138807296753,1.5075138807296753,0.9768115878105164,1.6421724557876587,1.389428973197937,0.6362556219100952,3.546062469482422,3.0162086486816406,cond_0,cond_0,0.5891094165115316
64358179,1.028178334236145,0.07436184585094452,3.3736696243286133,1.74209463596344,2.8890745639801025,0.07436184585094452,2.817153215408325,1.0635614395141602,1.0635615587234497,0.940172016620636,0.9401721358299255,1.2443263530731201,0.7790066003799438,0.354892760515213,1.1590700149536133,1.7828724384307861,3.087099313735962,cond_0,cond_0,5.17276632756151
52509923,2.2466988563537598,0.2622949481010437,0.7643530368804932,-0.47818052768707275,0.5963044166564941,0.2622949481010437,0.02776474505662918,0.22078783810138702,0.2207878679037094,0.007015697658061981,0.007015697658061981,0.9607841968536377,1.2831121683120728,0.9709475040435791,1.0148810148239136,0.9417070150375366,0.8548166751861572,cond_0,cond_0,3.954245805443895
20569910,3.9837127367602747,0.1845998466014862,3.869811773300171,-2.576840400695801,-2.8870983123779297,0.1845998466014862,4.117909908294678,1.6264760494232178,1.6264760494232178,1.4411433935165405,1.4411433935165405,1.0338722467422485,2.057380437850952,1.8381346464157104,0.6034656167030334,4.2089691162109375,2.96020245552063,cond_0,cond_0,2.21723192503738
21140119,5.132003490124838,0.12966716289520264,5.404508113861084,2.2018418312072754,-4.935645580291748,0.12966714799404144,9.699844360351562,2.087216377258301,2.087216377258301,2.422034740447998,2.422034740447998,0.9581879377365112,2.0179812908172607,1.613734483718872,0.41455110907554626,4.599292755126953,3.4888830184936523,cond_0,cond_0,1.068941171672817
21101658,3.8001630941974085,0.20931462943553925,4.995854377746582,-3.9510607719421387,-3.0573973655700684,0.20931462943553925,7.983426094055176,2.644887685775757,2.644887685775757,2.8748912811279297,2.8748912811279297,1.280032992362976,2.3149709701538086,1.8165512084960938,0.6691832542419434,5.1478962898254395,4.003769874572754,cond_0,cond_0,2.400781567600246
20726273,4.034772221242086,0.05312108248472214,2.551741123199463,-1.5997835397720337,-1.9879827499389648,0.05312107503414154,1.2039501667022705,0.6392078995704651,0.6392078995704651,0.41660356521606445,0.41660356521606445,0.4817503094673157,1.6061965227127075,1.840941071510315,0.5843526124954224,3.113569736480713,1.839753270149231,cond_0,cond_0,2.1661724405555685
11200645,4.040774170552389,0.087059885263443,4.622607231140137,-2.8764214515686035,-3.618659496307373,0.087059885263443,6.561640739440918,2.078453540802002,2.078453540802002,2.267305612564087,2.267305612564087,0.9325147271156311,2.1237614154815674,1.8411810398101807,0.5820887684822083,4.825803756713867,3.550935983657837,cond_0,cond_0,2.1601704912452657
24039289,5.358387891446249,0.002284806687384844,3.5116405487060547,2.113994836807251,-2.8040409088134766,0.002284805988892913,3.1541690826416016,0.8496696352958679,0.8496696352958679,0.7935230135917664,0.7935230135917664,0.45226478576660156,1.4679652452468872,1.514495849609375,0.5084460973739624,3.1225900650024414,2.2312123775482178,cond_0,cond_0,0.8425567703514059
15138884,4.816654745732443,0.1948138028383255,2.13012433052063,0.2216968536376953,-2.118556022644043,0.1948137730360031,0.6385904550552368,0.4958561658859253,0.4958561658859253,0.1696496456861496,0.1696496456861496,0.7837799191474915,1.600813627243042,1.7275863885879517,0.359578937292099,2.530374526977539,1.178637981414795,cond_0,cond_0,1.384289916065212
50101523,3.7647226492511194,0.22914449870586395,3.7136828899383545,-3.0157179832458496,-2.1672301292419434,0.22914449870586395,3.682037591934204,1.4972788095474243,1.4972788095474243,1.33017897605896,1.33017897605896,1.2099701166152954,2.0629143714904785,1.8102847337722778,0.6812070608139038,4.0606842041015625,2.933908462524414,cond_0,cond_0,2.4362220125465353
50404163,3.864065710698263,0.11509819328784943,0.8641736507415771,-0.6482795476913452,-0.5714278221130371,0.11509819328784943,0.00922439992427826,0.08170684427022934,0.08170684427022934,0.0032962928526103497,0.0032962928526103497,0.3325884938240051,1.211975336074829,1.8261253833770752,0.6469218134880066,1.7164440155029297,0.5455648303031921,cond_0,cond_0,2.3368789510993917
20143248,4.895978275929586,0.1212131455540657,3.347414016723633,0.6111028790473938,-3.2911601066589355,0.1212131455540657,2.755176305770874,0.9139880537986755,0.9139880537986755,0.7158249020576477,0.7158249020576477,0.760337769985199,1.8078635931015015,1.7019659280776978,0.3625467121601105,3.349156141281128,2.044435501098633,cond_0,cond_0,1.3049663858680685
5689621,4.333448354397909,0.13472062349319458,4.874468803405762,-1.8032439947128296,-4.528659343719482,0.13472062349319458,7.505753040313721,2.1385064125061035,2.1385064125061035,2.3735220432281494,2.3735220432281494,0.9537210464477539,2.158846139907837,1.830648422241211,0.4712965190410614,4.904129981994629,3.529949903488159,cond_0,cond_0,1.8674963073997457
21411323,1.9380475282669067,0.4065539538860321,4.434534072875977,-1.592225432395935,4.138829708099365,0.4065539538860321,5.898012161254883,1.7382261753082275,1.7382259368896484,1.479898452758789,1.4798980951309204,1.7154624462127686,1.3874949216842651,0.7173599600791931,1.0666577816009521,2.485105514526367,3.4908788204193115,cond_0,cond_0,4.262897133530748
65001607,3.494122568761007,0.07712356001138687,3.122117042541504,-2.9301137924194336,-1.0779833793640137,0.07712356746196747,2.251690149307251,1.0002137422561646,1.0002137422561646,0.8123221397399902,0.8123221397399902,0.8132492899894714,1.6630890369415283,1.7398536205291748,0.7646985650062561,3.4517662525177,2.5091352462768555,cond_0,cond_0,2.7068220930366476
20270768,3.5901458899127405,0.17205274105072021,6.426981449127197,-5.791195392608643,-2.787139415740967,0.1720527708530426,14.726064682006836,4.149421215057373,4.149421215057373,5.343161106109619,5.343161106109619,1.3980538845062256,2.403390884399414,1.7694112062454224,0.7367956042289734,6.285539627075195,5.292079925537109,cond_0,cond_0,2.610798771884914
22776575,3.9720972220050257,0.02395259216427803,5.007514953613281,-3.377584934234619,-3.6969075202941895,0.023952588438987732,8.0300874710083,2.347428321838379,2.347428321838379,2.8169808387756348,2.8169808387756348,0.8864997625350952,2.134561777114868,1.837303876876831,0.6077724099159241,5.158339977264404,3.9170384407043457,cond_0,cond_0,2.228847439792629
17929065,4.470156017933981,0.052284762263298035,4.256105899810791,-1.0209163427352905,-4.131847858428955,0.052284762263298035,5.301113128662109,1.5179030895233154,1.5179033279418945,1.5940262079238892,1.5940262079238892,0.6818456053733826,1.980870008468628,1.8115659952163696,0.4242604374885559,4.329807281494141,2.936690092086792,cond_0,cond_0,1.730788643863674
82684406,4.097798172627584,0.02573150023818016,3.07405686378479,-1.7725759744644165,-2.511533260345459,0.02573150210082531,2.150855541229248,0.8625189065933228,0.8625189065933228,0.7325791120529175,0.7325791120529175,0.5357640385627747,1.7258142232894897,1.8425244092941284,0.5604421496391296,3.537661075592041,2.237264394760132,cond_0,cond_0,2.1031464891700704
11165535,4.36097485223879,0.04871976375579834,4.674415111541748,-1.609054446220398,-4.388746738433838,0.04871976375579834,6.750662326812744,1.8782579898834229,1.8782579898834229,2.113792657852173,2.113792657852173,0.7681748270988464,2.0881073474884033,1.8274990320205688,0.4613477289676666,4.728250026702881,3.348693609237671,cond_0,cond_0,1.8399698095588644
21157370,3.8601320425616663,0.0789387971162796,5.262652397155762,-3.9615559577941895,-3.4643301963806152,0.0789387971162796,9.085102081298828,2.7226223945617676,2.7226223945617676,3.2482874393463135,3.2482874393463135,1.063299298286438,2.228949546813965,1.8255999088287354,0.6483126878738403,5.378407001495361,4.198781490325928,cond_0,cond_0,2.3408126192359884
50106578,2.023975372314453,0.17754098773002625,3.6028616428375244,-1.5774258375167847,3.2391881942749023,0.17754098773002625,3.3874447345733643,1.0423800945281982,1.0423799753189087,0.8442956805229187,0.8442955017089844,1.3528753519058228,1.221132516860962,0.7879049777984619,1.0524721145629883,2.0173749923706055,2.8783421516418457,cond_0,cond_0,4.176969289483202
67185070,2.9596152305603027,0.15365448594093323,4.639331817626953,-4.562726020812988,0.839601993560791,0.15365450084209442,6.622368812561035,2.0429484844207764,2.0429484844207764,2.107354164123535,2.107354164123535,1.2957957983016968,1.8415621519088745,1.4879220724105835,0.8892399072647095,4.1284003257751465,3.725837230682373,cond_0,cond_0,3.241329431237352
50108886,3.6942599455462855,0.13079124689102173,3.2935843467712402,-2.8032593727111816,-1.7289981842041016,0.13079123198986053,2.6302645206451416,1.2134119272232056,1.2134119272232056,0.9540724158287048,0.9540724158287048,0.9168851971626282,1.8589797019958496,1.7957903146743774,0.7043873071670532,3.68750262260437,2.6036272048950195,cond_0,cond_0,2.5066847162513692
17219510,4.426790181790487,0.08074446022510529,4.399418830871582,-1.2394577264785767,-4.221211910247803,0.08074446022510529,5.778023719787598,1.6270842552185059,1.6270842552185059,1.7659655809402466,1.7659655809402466,0.7817148566246033,2.004120349884033,1.8185429573059082,0.4384538531303406,4.469903945922852,3.0806450843811035,cond_0,cond_0,1.7741544800071676
10436131,2.097527503967285,0.028712868690490723,4.877571105957031,-2.4520058631896973,4.216440200805664,0.028712868690490723,7.51777982711792,1.6180518865585327,1.6180521249771118,1.8729851245880127,1.8729851245880127,1.2838643789291382,0.9816930294036865,0.8485649228096008,1.0401452779769897,2.9501073360443115,3.759518623352051,cond_0,cond_0,4.1034171578303695
86903794,5.529049400483267,0.09541238099336624,4.957223415374756,3.6131391525268555,-3.394008159637451,0.09541237354278564,7.829809188842773,1.8321583271026611,1.8321583271026611,2.0385854244232178,2.0385854244232178,0.9371696710586548,1.6330857276916504,1.431739330291748,0.5933277606964111,4.0070719718933105,3.3736190795898438,cond_0,cond_0,0.671895261314388
20280666,3.9529853502856653,0.09590096026659012,5.260256290435791,-3.6216282844543457,-3.81498384475708,0.09590097516775131,9.07489013671875,2.684278726577759,2.684278726577759,3.195469617843628,3.195469617843628,1.0849214792251587,2.2746338844299316,1.8357809782028198,0.6148212552070618,5.37204122543335,4.140945911407471,cond_0,cond_0,2.2479593115119894
45566083,4.541898790990011,0.13440361618995667,4.164571762084961,-0.706584095954895,-4.10419225692749,0.13440361618995667,5.007256031036377,1.5017435550689697,1.5017435550689697,1.4652884006500244,1.4652884006500244,0.9143282771110535,2.085188388824463,1.7982052564620972,0.4028609097003937,4.210091590881348,2.815370559692383,cond_0,cond_0,1.6590458708076437
21403733,3.032474994659424,0.02333604358136654,3.778660297393799,-3.7561869621276855,0.4115009307861328,0.023336045444011688,3.86047625541687,1.2638508081436157,1.2638508081436157,1.2592087984085083,1.2592087984085083,0.9396587610244751,1.5842727422714233,1.5304489135742188,0.8747668266296387,3.5590386390686035,3.0552585124969482,cond_0,cond_0,3.168469667138231
21274866,4.458528701459066,0.299589604139328,4.606479644775391,-1.156882643699646,-4.458842754364014,0.299589604139328,6.503348350524902,2.0519187450408936,2.0519187450408936,1.9641298055648804,1.9641298055648804,1.2369446754455566,2.3076794147491455,1.8135192394256592,0.42798444628715515,4.60953950881958,3.2173357009887695,cond_0,cond_0,1.7424159603385885
61029627,1.664010763168335,0.36479172110557556,1.0934815406799316,-0.10178077220916748,1.0887343883514404,0.36479175090789795,0.004369397647678852,0.3829243779182434,0.3829243779182434,0.0011647162027657032,0.0011647202773019671,1.2430346012115479,1.3890796899795532,0.5033119916915894,1.1087523698806763,0.4790070056915283,1.1768921613693237,cond_0,cond_0,4.53693389862932
10510090,5.107420031224386,0.04733465984463692,3.4984359741210938,1.3463269472122192,-3.2290024757385254,0.04733464866876602,3.121090888977051,0.8734425902366638,0.8734425902366638,0.7808754444122314,0.7808754444122314,0.5167184472084045,1.5934184789657593,1.6237000226974487,0.4064856767654419,3.296886920928955,2.1415669918060303,cond_0,cond_0,1.0935246305732687
53772202,4.652318183575765,0.14101968705654144,3.7912137508392334,-0.22760438919067383,-3.7843756675720215,0.14101968705654144,3.895437240600586,1.240120530128479,1.240120530128479,1.0939092636108398,1.0939092636108398,0.8677425384521484,1.9901927709579468,1.7733941078186035,0.3767853081226349,3.8495776653289795,2.464399576187134,cond_0,cond_0,1.5486264782218893
95919181,4.200132671986715,0.07879957556724548,5.901096343994141,-2.89239501953125,-5.143636226654053,0.07879961282014847,12.010375022888184,3.0870392322540283,3.0870392322540283,3.9712774753570557,3.9712774753570557,1.040492296218872,2.360996961593628,1.8407540321350098,0.521313488483429,5.811275005340576,4.47360372543335,cond_0,cond_0,2.0008119898109396
20105242,4.263948742543356,0.13955290615558624,3.321833610534668,-1.4402164220809937,-2.9933853149414062,0.13955290615558624,2.695455551147461,1.0601962804794312,1.0601961612701416,0.8730695843696594,0.8730695843696594,0.8974472880363464,1.9325027465820312,1.8369953632354736,0.4970931112766266,3.697481870651245,2.340430974960327,cond_0,cond_0,1.936995919254299
50105987,5.085525337849752,0.13424772024154663,4.5854644775390625,1.6715747117996216,-4.269932270050049,0.13424775004386902,6.427777290344238,1.5466868877410889,1.5466868877410889,1.6117497682571411,1.6117497682571411,0.8557993173599243,1.8502968549728394,1.6324315071105957,0.39975613355636597,4.0682172775268555,2.9074831008911133,cond_0,cond_0,1.1154193239479024
92996364,4.664705340062277,0.03524026274681091,3.304417610168457,-0.15750718116760254,-3.300661563873291,0.03524026647210121,2.655170202255249,0.8408257961273193,0.8408257961273193,0.742276668548584,0.742276668548584,0.489431768655777,1.7327799797058105,1.7703016996383667,0.37450093030929565,3.4781877994537354,2.0937881469726562,cond_0,cond_0,1.536239321735378
71727427,4.312636319790975,0.18423651158809662,2.584946393966675,-1.006036639213562,-2.3811421394348145,0.1842365264892578,1.2560274600982666,0.7122063636779785,0.7122063636779785,0.40011167526245117,0.40011167526245117,0.8920148015022278,1.7890067100524902,1.8327916860580444,0.4789320230484009,3.0924298763275146,1.723755955696106,cond_0,cond_0,1.8883083420066793
87410220,1.3786700963974,0.08305808901786804,3.289078950881958,0.6280378699302673,3.2285614013671875,0.08305808156728745,2.619941234588623,0.9360280632972717,0.9360283017158508,0.7729957699775696,0.7729958891868591,1.221285343170166,0.7985652685165405,0.33859503269195557,1.1425461769104004,1.5234389305114746,2.898540496826172,cond_0,cond_0,4.822274565400255
82624422,5.551787499581472,0.13274045288562775,1.8717299699783325,1.393019199371338,-1.2501482963562012,0.13274045288562775,0.37995660305023193,0.355493426322937,0.3554934561252594,0.09953352808952332,0.09953352808952332,0.7374374270439148,1.3873800039291382,1.4202525615692139,0.6050587892532349,1.9179927110671997,1.1885218620300293,cond_0,cond_0,0.6491571622161825
8109170,1.8793038129806519,0.17032785713672638,2.4174890518188477,-0.7340389490127563,2.303354024887085,0.17032784223556519,1.004637598991394,0.5458805561065674,0.5458805561065674,0.2541711926460266,0.2541711628437042,1.1819757223129272,1.205119252204895,0.6696455478668213,1.0761605501174927,1.1271820068359375,2.0799880027770996,cond_0,cond_0,4.321640848817003
35286551,5.699342195187704,0.229801744222641,2.114772081375122,1.7644609212875366,-1.1657352447509766,0.229801744222641,0.6213583946228027,0.5386451482772827,0.5386451482772827,0.17049014568328857,0.17049014568328857,1.0459407567977905,1.5699498653411865,1.3432878255844116,0.6819035410881042,1.9729853868484497,1.4539650678634644,cond_0,cond_0,0.5016024666099508
20774339,4.792271796857015,0.07510022819042206,1.8595820665359497,0.14839065074920654,-1.853652000427246,0.07510023564100266,0.36944064497947693,0.29061177372932434,0.29061177372932434,0.09888918697834015,0.09888918697834015,0.45859256386756897,1.4870963096618652,1.7350177764892578,0.3602091073989868,2.3484489917755127,0.9855397343635559,cond_0,cond_0,1.4086728649406393
14184286,4.763844553624288,0.23279258608818054,2.4152817726135254,0.12422502040863037,-2.4120850563049316,0.23279263079166412,1.0015110969543457,0.6293889880180359,0.6293889880180359,0.27053964138031006,0.27053964138031006,0.9621537327766418,1.774253010749817,1.7434096336364746,0.3618333339691162,2.7645859718322754,1.39857017993927,cond_0,cond_0,1.4371001081733663
27313862,1.3294750452041626,0.0071525657549500465,3.506681442260742,0.838047206401825,3.4050683975219727,0.007152564823627472,3.141725540161133,0.9870197176933289,0.9870197176933289,0.9443809986114502,0.9443809390068054,1.1283491849899292,0.4620916545391083,0.3233177065849304,1.1467968225479126,1.707210659980774,3.087015151977539,cond_0,cond_0,4.871469616593492
20821943,4.966138068829672,0.07217299938201904,4.48736047744751,1.1264833211898804,-4.3436665534973145,0.07217299938201904,6.080841541290283,1.462865948677063,1.462865948677063,1.5542585849761963,1.5542584657669067,0.7563403844833374,1.9282206296920776,1.677541971206665,0.37157511711120605,4.101312160491943,2.8476767539978027,cond_0,cond_0,1.234806592967983
46246604,4.677021090184347,0.0925198495388031,3.795809507369995,-0.13422203063964844,-3.793435573577881,0.0925198569893837,3.9082751274108887,1.1630711555480957,1.1630711555480957,1.0877643823623657,1.0877643823623657,0.6751469373703003,1.83646559715271,1.7671669721603394,0.37237435579299927,3.835237741470337,2.4545373916625977,cond_0,cond_0,1.5239235716133077
50405042,2.6452178955078125,0.0513334758579731,3.1639649868011475,-2.782121181488037,1.506809949874878,0.0513334684073925,2.34137225151062,0.8153999447822571,0.8153999447822571,0.662889301776886,0.662889301776886,0.9096626043319702,1.233558177947998,1.2793676853179932,0.9466632604598999,2.587128162384033,2.5289981365203857,cond_0,cond_0,3.555726766289842
20205705,2.48348331451416,0.19093000888824463,0.7773731350898743,-0.6150187253952026,0.47545862197875977,0.19093003869056702,0.02478136122226715,0.1522727608680725,0.1522727608680725,0.006634317804127932,0.006634317804127932,0.832809567451477,1.2286102771759033,1.1587977409362793,0.9745375514030457,1.0928133726119995,0.8235215544700623,cond_0,cond_0,3.7174613472834945
20939708,2.9113967418670654,0.10562723875045776,3.013579845428467,-2.934086799621582,0.6876029968261719,0.10562723875045776,2.027251958847046,0.864715576171875,0.864715576171875,0.6341161727905273,0.6341161727905273,1.0196521282196045,1.5691397190093994,1.4584935903549194,0.8985148668289185,2.8299198150634766,2.436100482940674,cond_0,cond_0,3.2895479199305893
10246987,3.909860436116354,0.09999696165323257,5.242236614227295,-3.769773483276367,-3.6427807807922363,0.09999696910381317,8.998285293579102,2.712040424346924,2.712040424346924,3.193023443222046,3.193023443222046,1.0713356733322144,2.2366690635681152,1.831628441810608,0.6305409073829651,5.360838413238525,4.152894973754883,cond_0,cond_0,2.291084225681301
91707643,5.851842109357015,0.03330707177519798,3.0779831409454346,2.796055316925049,-1.2868781089782715,0.03330707177519798,2.1590068340301514,0.7763059139251709,0.7763058543205261,0.6262966394424438,0.6262966394424438,0.7001667022705078,1.1894731521606445,1.259619951248169,0.7603707313537598,2.5151398181915283,2.277371644973755,cond_0,cond_0,0.34910255244063926
31908032,3.8089163939105433,0.1457711160182953,2.7843515872955322,-2.1870546340942383,-1.7231965065002441,0.1457711160182953,1.5919554233551025,0.8483612537384033,0.8483613729476929,0.5727542042732239,0.5727542042732239,0.8897507190704346,1.7534230947494507,1.8179937601089478,0.6661772727966309,3.29083251953125,2.13299298286438,cond_0,cond_0,2.3920282678871114
10315029,4.278958622609274,0.02659573405981064,3.0987188816070557,-1.3014200925827026,-2.8121814727783203,0.02659573033452034,2.202310562133789,0.832420289516449,0.832420289516449,0.7097391486167908,0.7097391486167908,0.4863842725753784,1.7238537073135376,1.8358213901519775,0.4914562702178955,3.5133962631225586,2.1524720191955566,cond_0,cond_0,1.921986039188381
77239958,2.2594337463378906,0.10129649937152863,3.1239876747131348,-1.985249400138855,2.4120702743530273,0.10129649937152863,2.255661725997925,0.773786723613739,0.773786723613739,0.5711609125137329,0.5711609125137329,1.0524567365646362,1.0526789426803589,0.9812975525856018,1.0127161741256714,2.0124080181121826,2.50071382522583,cond_0,cond_0,3.941510915459764
20583594,2.2095165252685547,0.21938538551330566,4.215074062347412,-2.5128941535949707,3.3841118812561035,0.21938538551330566,5.168351173400879,1.4157383441925049,1.4157383441925049,1.299010992050171,1.2990108728408813,1.434854507446289,1.288597822189331,0.9406169652938843,1.0211971998214722,2.651731014251709,3.2768304347991943,cond_0,cond_0,3.9914281365291
20254164,4.818428579960958,0.24252071976661682,3.041961193084717,0.3219642639160156,-3.024874687194824,0.2425207495689392,2.0848026275634766,0.9011939764022827,0.9011939764022827,0.5535567402839661,0.5535567402839661,1.04987370967865,1.9503533840179443,1.7270374298095703,0.35956111550331116,3.1847357749938965,1.8420662879943848,cond_0,cond_0,1.3825160818366964
52311825,4.844512168561117,0.04543000087141991,2.9450552463531494,0.38797903060913086,-2.9193873405456543,0.045430004596710205,1.8916199207305908,0.6487309336662292,0.6487309336662292,0.4984110891819,0.4984110891819,0.4584905505180359,1.619855284690857,1.7188372611999512,0.3597407639026642,3.097759485244751,1.765012502670288,cond_0,cond_0,1.3564324932365377
65736039,1.13264799118042,0.4192703366279602,1.0873690843582153,0.4613308906555176,0.9846549034118652,0.419270396232605,0.003816678887233138,0.44223353266716003,0.4422335624694824,0.0012319672387093306,0.0012319700326770544,1.271993637084961,1.3509694337844849,0.3207382261753082,1.1577537059783936,0.27894851565361023,1.2272142171859741,cond_0,cond_0,5.068296670617235
23004922,4.806507889424459,0.11985301226377487,3.3787338733673096,0.31753361225128174,-3.3637800216674805,0.11985301226377487,2.829188108444214,0.9468225836753845,0.9468225836753845,0.7539438605308533,0.7539438009262085,0.7803842425346375,1.8601465225219727,1.7307049036026,0.35975444316864014,3.436161756515503,2.091160774230957,cond_0,cond_0,1.3944367723731954
51400993,1.796317219734192,0.05188412219285965,4.535138130187988,-1.014121174812317,4.420298099517822,0.05188412219285965,6.248600482940674,1.4749374389648438,1.4749374389648438,1.6070066690444946,1.6070066690444946,1.295671820640564,0.6240760684013367,0.6035066843032837,1.0892096757888794,2.457414388656616,3.620729923248291,cond_0,cond_0,4.404627442063463
2525608,4.247754398976461,0.20273274183273315,3.4630792140960693,-1.5517929792404175,-3.0959420204162598,0.20273272693157196,3.0333800315856934,1.2365642786026,1.2365642786026,0.9878166317939758,0.9878166317939758,1.0601805448532104,2.075057029724121,1.8381389379501343,0.503205418586731,3.8167333602905273,2.4641668796539307,cond_0,cond_0,1.9531902628211935
70917649,2.2264513969421387,0.04666849598288536,6.0030012130737305,-3.659900665283203,4.75827169418335,0.04666849598288536,12.515009880065918,2.4695932865142822,2.4695932865142822,3.152714252471924,3.152714252471924,1.4285731315612793,1.1444134712219238,0.9544503688812256,1.0183215141296387,3.8908097743988037,4.541448593139648,cond_0,cond_0,3.974493264855516
50107619,5.29573488632311,0.09669535607099533,3.474138021469116,1.913623332977295,-2.899600028991699,0.09669535607099533,3.0606794357299805,0.9273852109909058,0.9273852109909058,0.7648653388023376,0.7648653388023376,0.7511134743690491,1.621944546699524,1.5432404279708862,0.4796030819416046,3.1415019035339355,2.175611734390259,cond_0,cond_0,0.9052097754745443
10473384,4.435142461453573,0.15627411007881165,4.057279586791992,-1.1105114221572876,-3.902343273162842,0.15627411007881165,4.6734795570373535,1.453148365020752,1.453148365020752,1.4239270687103271,1.4239270687103271,0.936272144317627,2.017045736312866,1.8172647953033447,0.4356578588485718,4.197628974914551,2.807420015335083,cond_0,cond_0,1.7658022003440816
20907246,4.068802658711569,0.13516288995742798,2.754584312438965,-1.652938723564148,-2.203526496887207,0.13516288995742798,1.539283275604248,0.8128828406333923,0.812882661819458,0.5282377004623413,0.5282377004623413,0.8561785221099854,1.8486812114715576,1.8420522212982178,0.5714769959449768,3.278487205505371,1.9900195598602295,cond_0,cond_0,2.132142003086086
10394182,6.2002968976842325,0.012326473370194435,3.752408504486084,3.739525318145752,-0.31067514419555664,0.012326475232839584,3.7878756523132324,1.277819037437439,1.277819275856018,1.2460222244262695,1.246022343635559,0.955386221408844,1.0891107320785522,1.0543360710144043,0.923285722732544,2.821596384048462,3.0969491004943848,cond_0,cond_0,0.0006477641134221557
20779834,4.278868738804952,0.027308346703648567,3.9640138149261475,-1.665155291557312,-3.597313404083252,0.027308346703648567,4.392688751220703,1.3571475744247437,1.3571475744247437,1.415676236152649,1.415676236152649,0.6636343598365784,1.9357681274414062,1.8358287811279297,0.4914899170398712,4.2068047523498535,2.84556245803833,cond_0,cond_0,1.9220759229927022
92393245,3.8820348421679896,0.15906046330928802,1.510076880455017,-1.1146937608718872,-1.0187196731567383,0.15906044840812683,0.13008920848369598,0.3067406415939331,0.3067406415939331,0.04636581614613533,0.04636581614613533,0.7448650002479553,1.5389962196350098,1.8284194469451904,0.640534520149231,2.245124340057373,1.045953392982483,cond_0,cond_0,2.318909819629665
20251391,5.971302662287847,0.3002440631389618,3.5468642711639404,3.3757548332214355,-1.0883588790893555,0.3002440631389618,3.2432589530944824,1.3483654260635376,1.3483654260635376,0.9843138456344604,0.9843138456344604,1.3843331336975098,1.703771948814392,1.1913663148880005,0.8194738626480103,2.781557321548462,2.7372474670410156,cond_0,cond_0,0.22964199950980735
70421820,0.20182795822620392,0.28584080934524536,5.480347156524658,5.369105815887451,1.0985932350158691,0.28584080934524536,10.03675651550293,3.0388596057891846,3.0388596057891846,3.548017740249634,3.548017740249634,1.7576872110366821,1.5253875255584717,0.873638391494751,1.0290428400039673,4.08061408996582,4.744227886199951,cond_0,cond_0,5.999116703571451
11612505,3.537536684666769,0.03465369716286659,2.107328176498413,-1.944290280342102,-0.8127527236938477,0.03465369716286659,0.6130878925323486,0.42789778113365173,0.4278978109359741,0.22191017866134644,0.22191017866134644,0.46818244457244873,1.4438483715057373,1.753835916519165,0.7523188591003418,2.6386375427246094,1.6492425203323364,cond_0,cond_0,2.663407977130886
77330002,4.8625749985324305,0.04058767110109329,2.135859727859497,0.3195716142654419,-2.111816883087158,0.04058767110109329,0.6450885534286499,0.33594459295272827,0.3359445631504059,0.1691044270992279,0.1691044270992279,0.2514672577381134,1.4263705015182495,1.7130194902420044,0.360353946685791,2.5098748207092285,1.176073670387268,cond_0,cond_0,1.3383696632652242
79590778,5.892068628464834,0.06796815991401672,6.05093240737915,5.593989849090576,-2.3067426681518555,0.06796816736459732,12.755960464477539,2.977965831756592,2.977965831756592,3.7571005821228027,3.7571005821228027,1.208243727684021,1.5008543729782104,1.2368944883346558,0.7805691957473755,4.663381099700928,4.5773115158081055,cond_0,cond_0,0.30887603333282065
50500550,4.615454737340109,0.09209240972995758,2.8182599544525146,-0.2727583646774292,-2.80502986907959,0.09209240972995758,1.6530348062515259,0.6855758428573608,0.6855758428573608,0.47054216265678406,0.47054216265678406,0.6654004454612732,1.7543015480041504,1.7822338342666626,0.38440364599227905,3.143907070159912,1.7515192031860352,cond_0,cond_0,1.585489924457546
50103255,4.948927227650778,0.2878914475440979,4.408614635467529,1.0331090688705444,-4.2858567237854,0.2878914773464203,5.809326171875,1.6072313785552979,1.607231616973877,1.4903446435928345,1.4903446435928345,1.1442549228668213,2.0296456813812256,1.6836813688278198,0.3688150942325592,4.060372829437256,2.7948930263519287,cond_0,cond_0,1.252017434146877
20254588,5.8226763049708765,0.21681715548038483,2.3471736907958984,2.1026601791381836,-1.0430936813354492,0.21681715548038483,0.9074385762214661,0.6456000208854675,0.6455999612808228,0.2603631615638733,0.2603631615638733,1.0260717868804932,1.4651466608047485,1.2759290933609009,0.7455676198005676,2.040837049484253,1.7094454765319824,cond_0,cond_0,0.3782683568267782
20927178,4.139198605214254,0.02267773076891899,4.0926313400268555,-2.219496250152588,-3.4385266304016113,0.02267773076891899,4.7821831703186035,1.5134724378585815,1.5134724378585815,1.6102898120880127,1.6102898120880127,0.7162192463874817,1.9764751195907593,1.8424485921859741,0.544621467590332,4.363557815551758,3.0472114086151123,cond_0,cond_0,2.0617460565834005
24747976,4.376019779835836,0.05911131948232651,3.3387954235076904,-1.1020094156265259,-3.151686668395996,0.059111326932907104,2.7349817752838135,0.9614064693450928,0.9614064693450928,0.8517223596572876,0.8517223596572876,0.6282759308815002,1.8036305904388428,1.8256278038024902,0.4559935927391052,3.665825366973877,2.2837986946105957,cond_0,cond_0,1.8249248819618185
89546375,4.792043987904684,0.019374798983335495,3.6065824031829834,0.2869788408279419,-3.595146656036377,0.019374798983335495,3.3971354961395264,0.9481195211410522,0.9481194615364075,0.9093862771987915,0.9093862771987915,0.4059153199195862,1.7102490663528442,1.73508620262146,0.36021822690963745,3.6118147373199463,2.2626988887786865,cond_0,cond_0,1.4089006738929708
84732827,5.025893274937765,0.01372807938605547,4.124977111816406,1.2721184492111206,-3.923920154571533,0.013728076592087746,4.882740497589111,1.1749135255813599,1.1749132871627808,1.2343164682388306,1.2343164682388306,0.4995627701282501,1.7360516786575317,1.6555031538009644,0.38378459215164185,3.796182155609131,2.582190990447998,cond_0,cond_0,1.1750513868598897
36773029,4.227267090474264,0.3549079895019531,2.891413927078247,-1.3483132123947144,-2.5577969551086426,0.3549079895019531,1.7887232303619385,1.0377603769302368,1.0377603769302368,0.586391031742096,0.586391031742096,1.2759010791778564,2.070943593978882,1.839401125907898,0.5109750628471375,3.3620898723602295,2.0159289836883545,cond_0,cond_0,1.9736775713233907
81086436,4.18002683321108,0.17150679230690002,3.725929021835327,-1.8911694288253784,-3.2102999687194824,0.17150676250457764,3.7153446674346924,1.4249017238616943,1.4249017238616943,1.2361048460006714,1.2361048460006714,1.009523630142212,2.084965229034424,1.8415197134017944,0.5289967060089111,4.051883697509766,2.720702886581421,cond_0,cond_0,2.0209178285865743
21406218,4.214468542729513,0.08217401802539825,3.129324436187744,-1.4945639371871948,-2.749354362487793,0.08217401802539825,2.2670111656188965,0.9365664124488831,0.9365664124488831,0.7462288737297058,0.7462288737297058,0.7335840463638306,1.8597662448883057,1.8400847911834717,0.515845775604248,3.557779550552368,2.2153995037078857,cond_0,cond_0,1.9864761190681417
20682204,1.0591801404953003,0.11307604610919952,5.053949356079102,2.474348545074463,4.406813144683838,0.11307604610919952,8.217251777648926,2.3572945594787598,2.3572945594787598,2.716524362564087,2.716524362564087,1.588469386100769,0.7721201777458191,0.3427072763442993,1.1590347290039062,3.116795778274536,4.443288803100586,cond_0,cond_0,5.141764521302354
18920002,5.20905048051943,0.061211228370666504,3.3190879821777344,1.5815223455429077,-2.918069839477539,0.061211228370666504,2.68908429145813,0.8102094531059265,0.8102094531059265,0.6696715950965881,0.6696715950965881,0.6417426466941833,1.636000394821167,1.5814300775527954,0.4429583251476288,3.0988402366638184,2.036123514175415,cond_0,cond_0,0.9918941812782247
54104440,4.723151508961813,0.1882600486278534,3.5418972969055176,0.038118958473205566,-3.5416922569274902,0.1882600486278534,3.230621099472046,1.1256823539733887,1.1256823539733887,0.8847073912620544,0.8847073912620544,0.9583231210708618,1.9927111864089966,1.754901647567749,0.36576560139656067,3.6144137382507324,2.243457078933716,cond_0,cond_0,1.477793152835842
68914513,4.417799178753988,0.11988109350204468,3.8459091186523438,-1.1166497468948364,-3.680232524871826,0.11988109350204468,4.049599647521973,1.2988145351409912,1.2988145351409912,1.2418521642684937,1.2418521642684937,0.8714517951011658,1.9918557405471802,1.8198835849761963,0.44149401783943176,4.042720317840576,2.654477596282959,cond_0,cond_0,1.7831454830436666
30282435,6.067491654549734,0.2555805742740631,2.1117892265319824,2.0628552436828613,-0.45197582244873047,0.2555805742740631,0.6180376410484314,0.6055192351341248,0.6055192351341248,0.19433298707008362,0.19433298707008362,1.1568162441253662,1.504526972770691,1.1347705125808716,0.8648114204406738,1.7268872261047363,1.7009694576263428,cond_0,cond_0,0.13345300724792075
10669174,5.404841069375173,0.17811641097068787,5.70304536819458,3.640974998474121,-4.389536380767822,0.04699266701936722,11.059318542480469,2.2689216136932373,1.6937763690948486,2.8021790981292725,2.204686403274536,1.4315071105957031,1.8191834688186646,1.4925974607467651,0.8065996170043945,4.600356101989746,3.6279916763305664,cond_0,cond_1,0.7961035924224813
21191200,4.89404791990389,0.09582288563251495,2.1587975025177,0.39001142978668213,-2.1232752799987793,0.0630580484867096,0.6714059114456177,0.3632274568080902,0.3179529905319214,0.17452527582645416,0.12449126690626144,1.0718978643417358,1.4285465478897095,1.7026151418685913,0.7469053268432617,2.5087106227874756,1.3512974977493286,cond_0,cond_1,1.3068967418937643
4879843,4.855369750653402,0.11663985997438431,2.649420738220215,0.3775268793106079,-2.622385025024414,0.14548376202583313,1.360294222831726,0.621860146522522,0.4380984306335449,0.35730862617492676,0.25576767325401306,1.1835451126098633,1.6158921718597412,1.7153537273406982,0.7475172281265259,2.8793835639953613,1.6395760774612427,cond_0,cond_1,1.3455749111442525
57978756,4.899011079465048,0.0738530382514,4.4737749099731445,0.83006751537323,-4.396094799041748,0.008177627809345722,6.0335564613342285,1.3999462127685547,1.1060962677001953,1.566367745399475,1.1169344186782837,1.1194686889648438,1.8305431604385376,1.7009435892105103,0.7468805313110352,4.149749279022217,2.7077929973602295,cond_0,cond_1,1.301933582332607
46910335,4.126752678547994,0.0721030980348587,4.195458889007568,-2.3189549446105957,-3.4963297843933105,0.0721030980348587,5.105478763580322,1.6163638830184937,1.6163638830184937,1.7252137660980225,1.7252137660980225,0.8647856712341309,2.030857801437378,1.842563509941101,0.5493828058242798,4.451488971710205,3.1399595737457275,cond_0,cond_0,2.0741919832496603
92371267,4.450326863919393,0.16784261167049408,4.866804599761963,-1.2608569860458374,-4.70064115524292,0.16784262657165527,7.4760894775390625,2.096078872680664,2.096078872680664,2.26489520072937,2.26489520072937,1.0505245923995972,2.2524356842041016,1.8148607015609741,0.4306485056877136,4.817784786224365,3.426298141479492,cond_0,cond_0,1.7506177978782613
14452889,5.674932662640707,0.05754626542329788,5.502251625061035,4.515410423278809,-3.1441755294799805,0.05754626914858818,10.13513469696045,2.3129281997680664,2.3129281997680664,2.7578365802764893,2.7578365802764893,1.0226773023605347,1.6258646249771118,1.3563004732131958,0.6691785454750061,4.322980880737305,3.909850597381592,cond_0,cond_0,0.5260119991569479
68525196,5.147191588078634,0.13220815360546112,3.4444472789764404,1.4509092569351196,-3.1239523887634277,0.13220816850662231,2.987661123275757,0.9352829456329346,0.9352829456329346,0.7453034520149231,0.7453034520149231,0.7945859432220459,1.6875499486923218,1.6074937582015991,0.41978979110717773,3.2299859523773193,2.109564781188965,cond_0,cond_0,1.0537530737190206
10100574,5.954845313225881,0.4780939221382141,1.575793981552124,1.4916133880615234,-0.5081496238708496,0.4780939221382141,0.16576935350894928,0.6443042755126953,0.6443042755126953,0.049999646842479706,0.04999963939189911,1.3520506620407104,1.6241384744644165,1.200905203819275,0.8114991784095764,1.480312466621399,1.2250858545303345,cond_0,cond_0,0.2460993485717733
20348895,4.060057465230123,0.0554833710193634,2.3385040760040283,-1.4195672273635864,-1.8583407402038574,0.0554833747446537,0.8957966566085815,0.5272893309593201,0.5272893905639648,0.30808499455451965,0.30808499455451965,0.5315119624137878,1.624069333076477,1.8418242931365967,0.5747944712638855,2.9367918968200684,1.6522313356399536,cond_0,cond_0,2.1408871965675313
31726180,4.130240503941671,0.12251709401607513,3.751453399658203,-2.0626235008239746,-3.13352632522583,0.12251707911491394,3.785247802734375,1.383065104484558,1.383065104484558,1.2778372764587402,1.2778372764587402,0.9409216046333313,2.0430195331573486,1.8425393104553223,0.5480488538742065,4.086724758148193,2.773695468902588,cond_0,cond_0,2.0707041578559835
21145740,5.457684640084402,0.07509656250476837,6.220400333404541,4.2186079025268555,-4.57129430770874,0.07509654760360718,13.626290321350098,2.738217353820801,2.738217353820801,3.487978219985962,3.487978219985962,1.0293331146240234,1.8844867944717407,1.467105507850647,0.5570040345191956,4.9309468269348145,4.217919826507568,cond_0,cond_0,0.7432600217132528
94144536,4.325632039700643,0.34074822068214417,3.6784780025482178,-1.3874739408493042,-3.4067749977111816,0.3407481908798218,3.5871224403381348,1.4273409843444824,1.4273409843444824,1.1374871730804443,1.1374871730804443,1.272328495979309,2.1425302028656006,1.831477403640747,0.474153608083725,3.957695722579956,2.5853238105773926,cond_0,cond_0,1.8753126220970113
99746564,0.581712007522583,0.06317810714244843,1.6071057319641113,1.3427741527557373,0.8830325603485107,0.06317809969186783,0.18428868055343628,0.2547333538532257,0.2547333538532257,0.06676021963357925,0.06676021218299866,0.6830127835273743,0.7799815535545349,0.6203747987747192,1.1218734979629517,0.8140333294868469,1.6250561475753784,cond_0,cond_0,5.619232654275072
51520126,1.1789097785949707,0.10507716238498688,5.037200927734375,1.9238710403442383,4.655331611633301,0.10507716238498688,8.149496078491211,2.2689335346221924,2.2689335346221924,2.5889029502868652,2.5889029502868652,1.529245376586914,0.4438209533691406,0.3127778470516205,1.1561219692230225,3.0010159015655518,4.36611795425415,cond_0,cond_0,5.022034883202684
21111718,5.239187065755026,0.23498204350471497,3.1063520908355713,1.561774730682373,-2.685196876525879,0.23498207330703735,2.2183592319488525,0.8961919546127319,0.8961919546127319,0.5526848435401917,0.5526848435401917,1.0489463806152344,1.803642749786377,1.5683680772781372,0.45520132780075073,2.9328761100769043,1.8962810039520264,cond_0,cond_0,0.961757596042629
21123636,5.080112640057699,0.22001464664936066,3.550001382827759,1.276197910308838,-3.3126769065856934,0.22001464664936066,3.251253128051758,1.0752660036087036,1.0752660036087036,0.8157427310943604,0.8157427310943604,1.0047649145126343,1.8457099199295044,1.634568691253662,0.3981613516807556,3.3531649112701416,2.175405979156494,cond_0,cond_0,1.1208320217399557
21190619,5.106764856969015,0.020528113469481468,3.9012107849121094,1.4989702701568604,-3.6017403602600098,0.02052811160683632,4.208511829376221,1.0509542226791382,1.0509542226791382,1.0530041456222534,1.0530041456222534,0.48444733023643494,1.6474645137786865,1.6239633560180664,0.40627801418304443,3.5756282806396484,2.42557954788208,cond_0,cond_0,1.0941798048286397
10514454,3.764627281819479,0.22896426916122437,2.2168610095977783,-1.8003383874893188,-1.2935433387756348,0.22896426916122437,0.740375280380249,0.6624903082847595,0.6624904274940491,0.2674712836742401,0.2674712836742401,1.0417708158493042,1.823194146156311,1.8102668523788452,0.6812390089035034,2.8081085681915283,1.6733016967773438,cond_0,cond_0,2.436317379978176
9032080,5.361961309109823,0.04431326687335968,4.370229244232178,2.643314838409424,-3.4801993370056152,0.04431326687335968,5.679222106933594,1.3655887842178345,1.3655887842178345,1.4294652938842773,1.4294652938842773,0.7361504435539246,1.671985387802124,1.5128287076950073,0.5101392865180969,3.706364870071411,2.838806629180908,cond_0,cond_0,0.8389833526878316
24310553,4.841646496449606,0.132450670003891,2.117743730545044,0.27297282218933105,-2.1000771522521973,0.132450670003891,0.624675452709198,0.4211041331291199,0.4211041331291199,0.16472817957401276,0.16472817957401276,0.6754676103591919,1.5651079416275024,1.7197498083114624,0.3596802353858948,2.508286714553833,1.1657207012176514,cond_0,cond_0,1.359298165348049
50302978,5.607319299374716,0.20924189686775208,2.6663215160369873,2.080172061920166,-1.6679792404174805,0.20924189686775208,1.3883137702941895,0.7239018082618713,0.7239018082618713,0.3696238696575165,0.36962389945983887,1.0389457941055298,1.6216164827346802,1.3917711973190308,0.6339020133018494,2.3898568153381348,1.7870285511016846,cond_0,cond_0,0.5936253624229391
10490993,2.735098361968994,0.008382332511246204,3.15806245803833,-2.9007201194763184,1.2486717700958252,0.008382333442568779,2.3286168575286865,0.7968890070915222,0.7968890070915222,0.6818769574165344,0.6818769574165344,0.8281763792037964,1.2964094877243042,1.342801809310913,0.9308483004570007,2.7073616981506348,2.5322182178497314,cond_0,cond_0,3.4658462998286605
6073025,0.03371136263012886,0.4211893379688263,1.7134315967559814,1.7124581336975098,0.05775117874145508,0.4211893677711487,0.2544923424720764,0.652701735496521,0.652701735496521,0.0866297036409378,0.086629718542099,1.3694448471069336,1.6053564548492432,0.9816284775733948,0.9700596928596497,1.3055408000946045,1.5297859907150269,cond_0,cond_0,6.167233299167526
10101291,0.04086042940616608,0.5071530342102051,2.1637933254241943,2.1619873046875,0.08838891983032227,0.5071530342102051,0.6772075295448303,0.922260046005249,0.9222601652145386,0.23096129298210144,0.23096129298210144,1.5659840106964111,1.7635152339935303,0.9771097302436829,0.9727770090103149,1.5852569341659546,1.8960583209991455,cond_0,cond_0,6.160084232391489
66406040,5.600480441247122,0.061399929225444794,4.554662227630615,3.5338215827941895,-2.873508930206299,0.06139993295073509,6.317811965942383,1.5776878595352173,1.5776878595352173,1.6785472631454468,1.6785472631454468,0.8543981909751892,1.511684775352478,1.3953111171722412,0.6303394436836243,3.686447858810425,3.145284414291382,cond_0,cond_0,0.6004642205505331
37178462,1.948585867881775,0.09941618144512177,4.542629718780518,-1.6756256818771362,4.222293853759766,0.09941618144512177,6.275113582611084,1.4842476844787598,1.4842476844787598,1.5726743936538696,1.5726743936538696,1.3714442253112793,0.9911006689071655,0.7259739637374878,1.0649341344833374,2.5677061080932617,3.563704490661621,cond_0,cond_0,4.25235879391588
5498462,1.6707111597061157,0.01267294306308031,3.1093368530273438,-0.310152530670166,3.09382963180542,0.012672948651015759,2.2246508598327637,0.6977657675743103,0.6977660059928894,0.5917893052101135,0.5917894840240479,1.012822151184082,0.6295055747032166,0.508168637752533,1.1078085899353027,1.4105300903320312,2.6451416015625,cond_0,cond_0,4.530233502091539
20646778,5.365122501050131,0.10304105281829834,6.332714557647705,3.8462390899658203,-5.030876636505127,0.10304105281829834,14.21892261505127,2.7926723957061768,2.7926723957061768,3.5804803371429443,3.5804803371429443,1.026228666305542,1.940832257270813,1.5113517045974731,0.511641263961792,5.064684867858887,4.229111194610596,cond_0,cond_0,0.835822160747524
20207013,4.730219308529989,0.05853694677352905,3.283367872238159,0.0585404634475708,-3.282845973968506,0.05853695422410965,2.606884717941284,0.8344296216964722,0.8344296216964722,0.7121711373329163,0.7121711373329163,0.5559467077255249,1.7232797145843506,1.7529503107070923,0.36495089530944824,3.4194726943969727,2.0492939949035645,cond_0,cond_0,1.4707253532676656
20504017,5.632830504571096,0.15011923015117645,5.284762382507324,4.205978870391846,-3.199759006500244,0.15011923015117645,9.179595947265625,2.1837360858917236,2.1837360858917236,2.4635581970214844,2.4635581970214844,1.1847742795944214,1.8027642965316772,1.3784881830215454,0.64720618724823,4.185536861419678,3.7068893909454346,cond_0,cond_0,0.5681141572265584
50405330,5.995615426694052,0.08994689583778381,2.139305830001831,2.051457166671753,-0.6067557334899902,0.08994689583778381,0.6490087509155273,0.45246848464012146,0.45246848464012146,0.19877038896083832,0.19877038896083832,0.6908899545669556,1.0841840505599976,1.1771963834762573,0.8311444520950317,1.7927117347717285,1.674558162689209,cond_0,cond_0,0.20532923510360312
89614402,4.5280999580966395,0.07163456827402115,2.7640395164489746,-0.506503701210022,-2.717235565185547,0.07163457572460175,1.5559179782867432,0.6484550833702087,0.6484550833702087,0.45770061016082764,0.45770061016082764,0.5467301607131958,1.6612529754638672,1.800947904586792,0.40674448013305664,3.14766526222229,1.7515490055084229,cond_0,cond_0,1.6728447037010152
50103093,4.8804853598224085,0.3945556581020355,2.616262435913086,0.43771612644195557,-2.5793862342834473,0.3945556879043579,1.3061522245407104,0.8512043356895447,0.8512043356895447,0.34073153138160706,0.34073153138160706,1.2496724128723145,1.9215024709701538,1.7071397304534912,0.36135873198509216,2.840137004852295,1.5203354358673096,cond_0,cond_0,1.3204593019752462
55177253,5.662064258252279,0.11335933208465576,2.2446720600128174,1.8254270553588867,-1.3062806129455566,0.11335931718349457,0.7746042013168335,0.4633850157260895,0.4633850157260895,0.20987030863761902,0.2098703235387802,0.6906915903091431,1.2494473457336426,1.3631168603897095,0.662463903427124,2.0798916816711426,1.5221651792526245,cond_0,cond_0,0.5388804035453756
20153984,5.284742538128988,0.13641543686389923,4.846431255340576,2.624885082244873,-4.0740485191345215,0.13641543686389923,7.397516250610352,1.7302711009979248,1.7302711009979248,1.8471317291259766,1.8471317291259766,0.9930400848388672,1.916199803352356,1.5481868982315063,0.4747266173362732,4.089821815490723,3.1367244720458984,cond_0,cond_0,0.9162021236686666
63874408,5.370815817509786,0.1521673947572708,5.431938648223877,3.323657989501953,-4.296423435211182,0.1521673947572708,9.821040153503418,2.165510654449463,2.165510654449463,2.475045919418335,2.475045919418335,1.09604811668396,1.9621268510818481,1.5086852312088013,0.5143551230430603,4.433907508850098,3.594839334487915,cond_0,cond_0,0.8301288442878683
11389397,1.9453673362731934,0.33208027482032776,5.785959720611572,-2.1169285774230957,5.3847880363464355,0.33208027482032776,11.452705383300781,2.5597047805786133,2.5597047805786133,2.8712847232818604,2.8712847232818604,1.8110848665237427,1.3372290134429932,0.7233416438102722,1.0654611587524414,3.418696165084839,4.44445276260376,cond_0,cond_0,4.255577325524461
8637647,0.8306615352630615,0.04775463789701462,5.038486480712891,3.3978919982910156,3.7203056812286377,0.04775463044643402,8.154685974121094,2.3795974254608154,2.3795971870422363,2.8605997562408447,2.8605997562408447,1.493915319442749,0.6231666207313538,0.4591401219367981,1.1516832113265991,3.3059256076812744,4.513090133666992,cond_0,cond_0,5.370283126534593
47236602,5.4649121204959314,0.09106390178203583,5.453392028808594,3.727299690246582,-3.9807944297790527,0.09106390178203583,9.916351318359375,2.1580071449279785,2.1580071449279785,2.5422897338867188,2.5422897338867188,0.9498296976089478,1.7299939393997192,1.4635721445083618,0.5606400966644287,4.390025615692139,3.6763241291046143,cond_0,cond_0,0.7360325413017232
10438999,5.580346111451284,0.08929788321256638,6.009749889373779,4.585499286651611,-3.884622097015381,0.08929789066314697,12.548796653747559,2.6408119201660156,2.6408119201660156,3.3140900135040283,3.3140900135040283,1.0814884901046753,1.7640442848205566,1.4056802988052368,0.6198651194572449,4.723165512084961,4.180775165557861,cond_0,cond_0,0.6205985503463705
37251992,4.332893792782919,0.014203287661075592,3.139859914779663,-1.1631664037704468,-2.916464328765869,0.014203289523720741,2.2895002365112305,0.8306930065155029,0.8306930065155029,0.7241442203521729,0.7241442203521729,0.42663854360580444,1.7206521034240723,1.8307081460952759,0.4714987874031067,3.526665687561035,2.152963876724243,cond_0,cond_0,1.868050869014736
61827429,5.186435047780172,0.12938082218170166,3.423644542694092,1.5628591775894165,-3.046114444732666,0.12938080728054047,2.9370265007019043,0.9167410731315613,0.9167410731315613,0.7315793633460999,0.7315793633460999,0.7567639350891113,1.6206806898117065,1.5910773277282715,0.43416479229927063,3.1866772174835205,2.103471040725708,cond_0,cond_0,1.0145096140174825
69432088,5.545459274445669,0.4947499632835388,5.43610143661499,4.022714614868164,-3.6563591957092285,0.4947499930858612,9.839496612548828,2.5881876945495605,2.5881876945495605,2.573089361190796,2.573089361190796,1.6725122928619385,2.255685567855835,1.423459768295288,0.6017880439758301,4.334109306335449,3.732605218887329,cond_0,cond_0,0.6554853873519857
60922329,3.6611459890948694,0.09553784877061844,2.448798656463623,-2.125657558441162,-1.2158102989196777,0.09553784877061844,1.0495086908340454,0.6622528433799744,0.6622529029846191,0.3810042142868042,0.3810042142868042,0.7457577586174011,1.6725655794143677,1.7880421876907349,0.7149366140365601,2.970411539077759,1.901498556137085,cond_0,cond_0,2.5397986727027853
10202345,5.558411184941427,0.0446130707859993,3.9717588424682617,2.973453998565674,-2.6331424713134766,0.05313851311802864,4.415675163269043,1.1875971555709839,0.9707967638969421,1.1588631868362427,0.9685277342796326,0.7930510640144348,1.5567023754119873,1.4168871641159058,0.8435079455375671,3.3052449226379395,2.6868040561676025,cond_0,cond_1,0.6425334768562276
20236838,5.702212695275442,0.020183876156806946,4.053031921386719,3.388047695159912,-2.224454879760742,0.01407483872026205,4.660501956939697,1.2507317066192627,1.047719955444336,1.2800334692001343,1.1292729377746582,0.9414613842964172,1.4111266136169434,1.3417505025863647,0.8813976049423218,3.280381202697754,2.887741804122925,cond_0,cond_1,0.49873196652221274
10557081,2.333766222000122,0.0954168364405632,3.1762259006500244,-2.194997787475586,2.295734405517578,0.014785445295274258,2.3679797649383545,0.7150220274925232,0.7638952732086182,0.6084976196289062,0.4921155869960785,0.9067634344100952,1.0617506504058838,1.0412410497665405,0.8260062336921692,2.149486780166626,2.113149642944336,cond_0,cond_1,3.8671784397975326
21402016,1.1130781173706055,0.058999478816986084,2.4078004360198975,1.0640125274658203,2.1599490642547607,0.0565122552216053,0.9909510016441345,0.5445351004600525,0.40521568059921265,0.3219660818576813,0.2716064155101776,1.1728053092956543,0.5498069524765015,0.32554182410240173,0.9701802134513855,0.959671139717102,1.9371941089630127,cond_0,cond_1,5.087866544427049
20416210,2.1884076595306396,0.12214198708534241,1.775437355041504,-1.0281368494033813,1.4474503993988037,0.1327856481075287,0.30065158009529114,0.31125879287719727,0.27287185192108154,0.07537660002708435,0.0576881542801857,1.1213881969451904,1.0164693593978882,0.9233335852622986,0.8186136484146118,1.1650898456573486,1.2301737070083618,cond_0,cond_1,4.012537002267015
16068769,5.781428043042318,0.1547921597957611,6.343930244445801,5.56196928024292,-3.0512208938598633,0.1547921597957611,14.278796195983887,3.216686725616455,3.216686725616455,4.034605979919434,4.034605979919434,1.3535823822021484,1.8024842739105225,1.2987499237060547,0.724439263343811,4.901543140411377,4.658984661102295,cond_0,cond_0,0.4195166187553365
41285665,5.127309385930197,0.1330866515636444,4.512235641479492,1.81895911693573,-4.12936544418335,0.1330866515636444,6.167899131774902,1.5017887353897095,1.5017884969711304,1.5406315326690674,1.5406315326690674,0.8615264296531677,1.8284231424331665,1.6156506538391113,0.41297098994255066,3.982621192932129,2.858837366104126,cond_0,cond_0,1.073635275867458
15196848,3.8122101465808313,0.4655642509460449,2.3224644660949707,-1.8195072412490845,-1.4433417320251465,0.4655642807483673,0.8744562864303589,0.9196827411651611,0.9196827411651611,0.3145007789134979,0.3145007789134979,1.3970118761062622,1.9719340801239014,1.8185256719589233,0.6650425791740417,2.906203508377075,1.744424819946289,cond_0,cond_0,2.3887345152168233
10100862,0.6407002210617065,0.05684300512075424,3.590381145477295,2.8783273696899414,2.1461753845214844,0.05684300512075424,3.355037212371826,1.3307424783706665,1.3307424783706665,1.2102415561676025,1.2102415561676025,1.1741310358047485,0.6353930830955505,0.5810045599937439,1.1311144828796387,2.256967544555664,3.3052268028259277,cond_0,cond_0,5.560244440735948
20237131,5.45533532301058,0.3142368495464325,4.649006366729736,3.1448705196380615,-3.4238944053649902,0.3142368197441101,6.6576247215271,1.8542369604110718,1.8542370796203613,1.7033305168151855,1.7033305168151855,1.290484070777893,1.9100205898284912,1.4682515859603882,0.5558245778083801,3.836545944213867,3.0956509113311768,cond_0,cond_0,0.7456093387870748
75675336,5.086301032696859,0.10003414750099182,0.8077247738838196,0.29502952098846436,-0.751915454864502,0.10003414750099182,0.01848488114774227,0.06677751243114471,0.06677750498056412,0.004634644370526075,0.004634644370526075,0.3487258553504944,1.1555328369140625,1.6321245431900024,0.39998704195022583,1.5111808776855469,0.28190726041793823,cond_0,cond_0,1.1146436291007955
20201891,5.501932028924124,0.12394960224628448,6.2281084060668945,4.422153472900391,-4.385646343231201,0.12394959479570389,13.666559219360352,2.8202028274536133,2.8202028274536133,3.5338990688323975,3.5338990688323975,1.0977932214736938,1.827941656112671,1.44530189037323,0.5794245004653931,4.913430213928223,4.262121200561523,cond_0,cond_0,0.6990126328735311
72777797,5.12860352197756,0.15696188807487488,3.1865458488464355,1.2883237600326538,-2.9144973754882812,0.15696188807487488,2.390491008758545,0.839723527431488,0.8397234678268433,0.5970456600189209,0.5970456600189209,0.8174334168434143,1.660631775856018,1.61512291431427,0.4134047031402588,3.0668997764587402,1.924885630607605,cond_0,cond_0,1.0723411398200948
39721045,0.3509214222431183,0.01260901428759098,4.04679536819458,3.800168991088867,1.3911395072937012,0.012609012424945831,4.641481399536133,1.605353593826294,1.605353832244873,1.674222707748413,1.6742229461669922,1.1491732597351074,0.7492539286613464,0.7752321362495422,1.0723356008529663,2.828573226928711,3.619765281677246,cond_0,cond_0,5.850023239554536
90544686,5.050915066395895,0.19347146153450012,4.261386871337891,1.4151948690414429,-4.019532680511475,0.19347147643566132,5.318322658538818,1.4184213876724243,1.4184211492538452,1.3393659591674805,1.3393659591674805,0.967354953289032,1.8867095708847046,1.645950436592102,0.3900492489337921,3.8709816932678223,2.6779589653015137,cond_0,cond_0,1.1500295954017599
29821047,0.48526740074157715,0.12949642539024353,4.560174465179443,4.033703327178955,2.127070188522339,0.12949642539024353,6.33742094039917,2.1036744117736816,2.1036746501922607,2.3009958267211914,2.3009958267211914,1.4712467193603516,0.9854148626327515,0.6851780414581299,1.1037743091583252,3.1691505908966064,4.101739883422852,cond_0,cond_0,5.7156772610560775
35072859,5.375220719967977,0.0451492965221405,5.786255836486816,3.5605807304382324,-4.561032772064209,0.045149289071559906,11.454122543334961,2.313692569732666,2.313692569732666,2.8884665966033936,2.8884665966033936,0.8727089762687683,1.8260200023651123,1.5066173076629639,0.5164627432823181,4.677279949188232,3.848529815673828,cond_0,cond_0,0.8257239418296773
67725478,5.377267781888143,0.22330012917518616,5.37399959564209,3.3155629634857178,-4.229292392730713,0.22330012917518616,9.565937042236328,2.2111785411834717,2.2111785411834717,2.4130449295043945,2.4130449295043945,1.1627283096313477,1.9169425964355469,1.5056546926498413,0.5174444317817688,4.38938570022583,3.5578131675720215,cond_0,cond_0,0.8236768799095113
20522343,5.579266611729757,0.3109203279018402,2.098701000213623,1.5998646020889282,-1.3583002090454102,0.3109203279018402,0.6035720109939575,0.5999395251274109,0.5999395847320557,0.15935084223747253,0.15935085713863373,1.0781790018081665,1.4904224872589111,1.4062340259552002,0.6193042993545532,2.0416364669799805,1.3644704818725586,cond_0,cond_0,0.6216780500678976
5102083,5.652194205914633,0.366933673620224,8.025083541870117,6.479798793792725,-4.734360218048096,0.366933673620224,24.67589569091797,4.903143405914307,4.903143405914307,6.6639404296875,6.6639404296875,1.6874703168869019,2.2080492973327637,1.3683245182037354,0.657312273979187,6.148691654205322,5.734975814819336,cond_0,cond_0,0.5487504558830221
36492755,3.7726760546313685,0.21185645461082458,5.485145092010498,-4.42864465713501,-3.2363438606262207,0.18422751128673553,10.058262825012207,3.0760657787323,2.6710307598114014,3.631300449371338,3.468090772628784,1.3152347803115845,2.3811399936676025,1.8117504119873047,0.9048774838447571,5.556258678436279,4.502461910247803,cond_0,cond_1,2.4282686071662862
77143621,5.6121994892703455,0.01749233342707157,5.433122158050537,4.255270957946777,-3.378089427947998,0.02250058948993683,9.826287269592285,2.159640312194824,1.865350365638733,2.620079517364502,2.2359533309936523,1.0566821098327637,1.6094117164611816,1.38923978805542,0.8574562668800354,4.300081253051758,3.7128474712371826,cond_0,cond_1,0.5887451725273092
84653463,1.4403308629989624,0.11794306337833405,3.8075942993164062,0.49535173177719116,3.775235176086426,0.03777622431516647,3.9412930011749268,1.1636475324630737,1.1214745044708252,1.136053442955017,0.863086998462677,1.0602002143859863,0.36860981583595276,0.36466825008392334,0.8999663591384888,1.8984451293945312,2.6503775119781494,cond_0,cond_1,4.760613798798692
60725338,0.6711514592170715,0.0195084847509861,2.8528809547424316,2.2341086864471436,1.7741727828979492,0.01588420197367668,1.7165842056274414,0.7874463200569153,0.6626774072647095,0.6173387765884399,0.5850847363471985,0.9977591633796692,0.657541811466217,0.5608484745025635,1.0398768186569214,1.6360564231872559,2.489792585372925,cond_0,cond_1,5.529793202580583
72650337,5.072013918553488,0.025739194825291634,2.0520756244659424,0.7221729159355164,-1.920802116394043,0.03190094605088234,0.5534316301345825,0.2932847738265991,0.21336998045444489,0.1389903575181961,0.09963672608137131,0.543175995349884,1.379906415939331,1.6377507448196411,0.7538205981254578,2.3323814868927,1.2905900478363037,cond_0,cond_1,1.128930743244167
43074402,3.6008198896991175,0.22183161973953247,3.41508412361145,-3.061264991760254,-1.5137553215026855,0.24737496674060822,2.9163153171539307,1.4017055034637451,1.161855697631836,1.0584461688995361,1.0382081270217896,0.9699045419692993,2.0553886890411377,1.7723877429962158,0.920158863067627,3.7521109580993652,2.850637674331665,cond_0,cond_1,2.600124772098537
15114174,3.9920735994922083,0.11667779088020325,4.022529602050781,-2.653348445892334,-3.0233240127563477,0.1509203016757965,4.567843437194824,1.6793831586837769,1.531398892402649,1.5957984924316406,1.4521232843399048,0.8159273266792297,2.118032693862915,1.8386884927749634,0.8739453554153442,4.3352837562561035,3.1629700660705566,cond_0,cond_1,2.2088710623054464
11460357,4.8788607756244105,0.05482664704322815,2.9256598949432373,0.4847935438156128,-2.885214328765869,0.07209211587905884,1.8540831804275513,0.6605873107910156,0.4682277739048004,0.48387861251831055,0.34556934237480164,1.0395375490188599,1.5931406021118164,1.7076776027679443,0.7470575571060181,3.0610649585723877,1.7956547737121582,cond_0,cond_1,1.3220838861732442
39989287,5.6306490937816065,0.07615556567907333,3.466947555541992,2.754650592803955,-2.105142593383789,0.007622588891535997,3.042915105819702,0.8934689164161682,0.9844089150428772,0.8160701394081116,0.7013288736343384,0.6055775880813599,1.3591675758361816,1.3796287775039673,0.8623166084289551,2.9143199920654297,2.422602891921997,cond_0,cond_1,0.5702955680160482
50409370,4.11054498354067,0.03699023649096489,4.60781717300415,-2.6087775230407715,-3.798191547393799,0.017157262191176414,6.508171558380127,1.9292378425598145,1.9432692527770996,2.209073781967163,1.9466567039489746,0.96403568983078,2.0625295639038086,1.8425945043563843,0.8533797264099121,4.794909477233887,3.513948678970337,cond_0,cond_1,2.0903996782569845
20963578,4.441742722188131,0.16096848249435425,3.8811867237091064,-1.0376518964767456,-3.7399048805236816,0.13026250898838043,4.150618553161621,1.32414972782135,0.9488959312438965,1.261496901512146,1.0014963150024414,1.3874051570892334,1.9386532306671143,1.816232442855835,0.7925608158111572,4.056460380554199,2.65960693359375,cond_0,cond_1,1.7592019396095235
77891596,4.720519129429952,0.06632649898529053,3.9474728107452393,0.032093167304992676,-3.9473423957824707,0.07863122224807739,4.34379768371582,1.233519196510315,0.90009605884552,1.1906298398971558,0.872083306312561,0.6081387996673584,1.9317362308502197,1.755623459815979,0.7551684975624084,3.9150428771972656,2.478839159011841,cond_0,cond_1,1.4804255323677022
50301099,3.848506752644674,0.13965466618537903,5.5421295166015625,-4.214067459106445,-3.599560260772705,0.10190177708864212,10.315469741821289,2.9569270610809326,2.570174217224121,3.693936347961426,3.4754812717437744,1.5630615949630737,2.2570910453796387,1.8239980936050415,0.8954758644104004,5.613261699676514,4.495245456695557,cond_0,cond_1,2.3524379091529806
25300551,5.0135924259768885,0.07621868699789047,3.425960063934326,1.01637864112854,-3.271723747253418,0.002562618814408779,2.942641019821167,0.8049532175064087,0.6470097899436951,0.7453965544700623,0.5313748717308044,0.7768244743347168,1.6036146879196167,1.6601301431655884,0.749774158000946,3.3172719478607178,2.0704963207244873,cond_0,cond_1,1.1873522358207662
92113025,2.0671582221984863,0.3931192457675934,4.843330383300781,-2.30653715133667,4.2588419914245605,0.48654624819755554,7.385593891143799,2.0410573482513428,1.4582548141479492,1.8392592668533325,1.3551448583602905,1.1638044118881226,1.7680423259735107,0.8235135078430176,0.8182042241096497,2.8913991451263428,3.009725332260132,cond_0,cond_1,4.133786439599168
11259716,1.6757972240447998,0.2604635953903198,1.75098717212677,-0.18351757526397705,1.7413434982299805,0.04004087671637535,0.2819908559322357,0.22088609635829926,0.41784122586250305,0.07489773631095886,0.053875137120485306,0.8862637877464294,0.7630324363708496,0.5118736624717712,0.8553482890129089,0.5809161067008972,1.2590466737747192,cond_0,cond_1,4.525147437752855
50402017,2.404843330383301,0.5349388718605042,2.2052135467529297,-1.6333059072494507,1.481647253036499,0.6928815841674805,0.7262698411941528,1.0169124603271484,0.7934245467185974,0.1899746209383011,0.15802592039108276,1.1031135320663452,2.064486026763916,1.0976531505584717,0.8319393396377563,1.6527642011642456,1.5377225875854492,cond_0,cond_1,3.796101331414354
89903942,1.098642349243164,0.07075031101703644,5.877635478973389,2.6731820106506348,5.234567642211914,0.05778491869568825,11.895665168762207,3.0143468379974365,2.9213156700134277,3.883366346359253,3.290900945663452,1.2287654876708984,0.3336549699306488,0.32959410548210144,0.9731379747390747,3.7458982467651367,4.487807273864746,cond_0,cond_1,5.102302312554491
11353057,4.3988181988345545,0.029305709525942802,2.22764253616333,-0.687132716178894,-2.1190185546875,0.03899332880973816,0.7535530924797058,0.42446330189704895,0.3279460370540619,0.23271556198596954,0.18736052513122559,0.46166539192199707,1.5567150115966797,1.8225924968719482,0.8000354766845703,2.783665895462036,1.5689306259155273,cond_0,cond_1,1.8021264629631002
50302004,1.2944673299789429,0.04776151850819588,4.983739376068115,1.3596923351287842,4.794673442840576,0.018809661269187927,7.935089588165283,2.0196778774261475,1.8341747522354126,2.4168524742126465,1.9222811460494995,1.0327539443969727,0.17878107726573944,0.31582748889923096,0.9313738346099854,2.87093186378479,3.5903244018554688,cond_0,cond_1,4.906477331818712
11632851,3.179236714039938,0.06826645880937576,1.5003005266189575,-1.4992376565933228,-0.056464195251464844,0.08436866849660873,0.12515032291412354,0.22957485914230347,0.17860382795333862,0.0426461286842823,0.04259902983903885,0.48916515707969666,1.317553997039795,1.6086281538009644,0.9189577102661133,1.9615509510040283,1.282905101776123,cond_0,cond_1,3.021707947757717
20904509,1.2179734706878662,0.32079243659973145,5.417357444763184,1.8719578981399536,5.083653450012207,0.33352378010749817,9.756522178649902,2.700993061065674,2.5600836277008057,3.0565543174743652,2.4926695823669434,1.151933193206787,1.2941848039627075,0.3100462257862091,0.9479960799217224,3.26992130279541,3.9912264347076416,cond_0,cond_1,4.9829711911097885
50401264,5.732275847588674,0.32928651571273804,1.1987948417663574,1.0214316844940186,-0.6275238990783691,0.10780631005764008,0.01975969597697258,0.1516493409872055,0.39006540179252625,0.005484758410602808,0.00488959439098835,0.5337984561920166,1.217474341392517,1.3255611658096313,0.8894675970077515,1.4218634366989136,1.0069140195846558,cond_0,cond_1,0.4686688142089803
