"","Name",""
"2119","2119","0"
"64838","64838","0"
"81848","81848","0"
"8799","8799","0"
"155066","155066","0"
"51299","51299","0"
"5538","5538","0"
"50813","50813","0"
"124044","124044","0"
"399473","399473","0"
"10423","10423","0"
"10440","10440","0"
"55709","55709","0"
"10473","10473","0"
"79137","79137","0"
"54471","54471","0"
"84549","84549","0"
"280636","280636","0"
"58527","58527","0"
"1392","1392","0"
"5223","5223","0"
"10302","10302","0"
"4758","4758","0"
"100287482","100287482","0"
"4711","4711","0"
"90411","90411","0"
"27065","27065","0"
"283951","283951","0"
"4189","4189","0"
"79183","79183","0"
"6884","6884","0"
"8864","8864","0"
"79622","79622","0"
"54107","54107","0"
"55111","55111","0"
"127703","127703","0"
"374659","374659","0"
"51337","51337","0"
"1846","1846","0"
"6746","6746","0"
"6903","6903","0"
"23479","23479","0"
"9252","9252","0"
"152217","152217","0"
"128486","128486","0"
"116138","116138","0"
"51218","51218","0"
"1861","1861","0"
"10618","10618","0"
"22916","22916","0"
"55270","55270","0"
"51566","51566","0"
"56849","56849","0"
"112970","112970","0"
"50855","50855","0"
"200734","200734","0"
"8576","8576","0"
"5440","5440","0"
"25830","25830","0"
"7804","7804","0"
"25906","25906","0"
"11007","11007","0"
"10961","10961","0"
"22928","22928","0"
"55228","55228","0"
"401097","401097","0"
"372","372","0"
"94107","94107","0"
"8706","8706","0"
"80219","80219","0"
"51161","51161","0"
"115024","115024","0"
"7082","7082","0"
"10456","10456","0"
"94032","94032","0"
"80344","80344","0"
"55290","55290","0"
"79813","79813","0"
"53","53","0"
"4698","4698","0"
"669","669","0"
"11334","11334","0"
"282991","282991","0"
"54205","54205","0"
"63974","63974","0"
"5372","5372","0"
"10959","10959","0"
"91368","91368","0"
"537","537","0"
"6415","6415","0"
"191","191","0"
"2805","2805","0"
"2563","2563","0"
"55728","55728","0"
"203190","203190","0"
"51382","51382","0"
"79065","79065","0"
"131118","131118","0"
"2193","2193","0"
"10524","10524","0"
"26277","26277","0"
"51292","51292","0"
"2847","2847","0"
"4987","4987","0"
"64112","64112","0"
"10159","10159","0"
"3420","3420","0"
"3921","3921","0"
"100859930","100859930","0"
"285193","285193","0"
"158431","158431","0"
"55611","55611","0"
"94005","94005","0"
"85014","85014","0"
"252995","252995","0"
"125170","125170","0"
"149175","149175","0"
"8303","8303","0"
"5713","5713","0"
"26258","26258","0"
"6171","6171","0"
"328","328","0"
"25977","25977","0"
"84557","84557","0"
"497661","497661","0"
"27304","27304","0"
"65018","65018","0"
"140679","140679","0"
"11333","11333","0"
"26515","26515","0"
"10189","10189","0"
"402055","402055","0"
"6921","6921","0"
"57470","57470","0"
"10360","10360","0"
"6632","6632","0"
"10542","10542","0"
"51517","51517","0"
"6418","6418","0"
"4953","4953","0"
"644096","644096","0"
"401505","401505","0"
"51645","51645","0"
"23769","23769","0"
"7416","7416","0"
"5434","5434","0"
"50861","50861","0"
"26017","26017","0"
"2237","2237","0"
"56271","56271","0"
"4289","4289","0"
"56255","56255","0"
"292","292","0"
"4869","4869","0"
"10846","10846","0"
"440400","440400","0"
"84313","84313","0"
"5999","5999","0"
"388962","388962","0"
"28951","28951","0"
"9927","9927","0"
"6827","6827","0"
"11230","11230","0"
"339229","339229","0"
"246330","246330","0"
"55196","55196","0"
"359809","359809","0"
"64981","64981","0"
"740","740","0"
"476","476","0"
"14","14","0"
"127262","127262","0"
"140689","140689","0"
"55845","55845","0"
"54958","54958","0"
"63905","63905","0"
"80142","80142","0"
"26056","26056","0"
"26517","26517","0"
"4061","4061","0"
"81572","81572","0"
"90843","90843","0"
"114569","114569","0"
"51372","51372","0"
"7070","7070","0"
"5660","5660","0"
"83460","83460","0"
"345079","345079","0"
"134492","134492","0"
"10289","10289","0"
"65990","65990","0"
"8683","8683","0"
"57142","57142","0"
"9114","9114","0"
"252969","252969","0"
"90809","90809","0"
"84262","84262","0"
"7341","7341","0"
"1678","1678","0"
"6138","6138","0"
"56061","56061","0"
"219738","219738","0"
"79722","79722","0"
"2907","2907","0"
"344595","344595","0"
"84317","84317","0"
"440145","440145","0"
"63971","63971","0"
"6734","6734","0"
"11285","11285","0"
"84967","84967","0"
"64951","64951","0"
"6130","6130","0"
"28972","28972","0"
"91663","91663","0"
"5213","5213","0"
"91582","91582","0"
"526","526","0"
"56993","56993","0"
"23710","23710","0"
"23384","23384","0"
"47","47","0"
"51187","51187","0"
"125144","125144","0"
"51388","51388","0"
"6635","6635","0"
"79837","79837","0"
"6327","6327","0"
"285958","285958","0"
"284098","284098","0"
"30818","30818","0"
"7411","7411","0"
"599","599","0"
"286319","286319","0"
"478","478","0"
"161725","161725","0"
"112812","112812","0"
"654429","654429","0"
"6770","6770","0"
"10061","10061","0"
"6879","6879","0"
"55969","55969","0"
"1718","1718","0"
"387856","387856","0"
"51649","51649","0"
"8882","8882","0"
"201134","201134","0"
"9854","9854","0"
"54551","54551","0"
"5217","5217","0"
"6048","6048","0"
"64110","64110","0"
"100996939","100996939","0"
"7386","7386","0"
"10983","10983","0"
"51669","51669","0"
"6183","6183","0"
"23625","23625","0"
"30968","30968","0"
"56851","56851","0"
"6122","6122","0"
"80757","80757","0"
"8078","8078","0"
"51373","51373","0"
"148252","148252","0"
"55049","55049","0"
"56915","56915","0"
"79145","79145","0"
"85403","85403","0"
"122786","122786","0"
"132332","132332","0"
"51684","51684","0"
"92856","92856","0"
"4946","4946","0"
"6324","6324","0"
"50854","50854","0"
"340542","340542","0"
"119032","119032","0"
"11171","11171","0"
"84276","84276","0"
"6234","6234","0"
"100134229","100134229","0"
"9240","9240","0"
"101241892","101241892","0"
"4947","4947","0"
"7533","7533","0"
"400745","400745","0"
"90135","90135","0"
"140465","140465","0"
"55146","55146","0"
"128434","128434","0"
"441151","441151","0"
"54913","54913","0"
"403313","403313","0"
"26175","26175","0"
"728621","728621","0"
"1173","1173","0"
"26470","26470","0"
"28978","28978","0"
"80213","80213","0"
"11140","11140","0"
"24147","24147","0"
"9278","9278","0"
"23212","23212","0"
"138716","138716","0"
"7425","7425","0"
"55884","55884","0"
"266812","266812","0"
"689","689","0"
"5824","5824","0"
"6232","6232","0"
"2523","2523","0"
"29903","29903","0"
"206412","206412","0"
"150678","150678","0"
"8941","8941","0"
"6142","6142","0"
"113655","113655","0"
"78988","78988","0"
"339983","339983","0"
"84279","84279","0"
"7781","7781","0"
"401152","401152","0"
"705","705","0"
"8266","8266","0"
"10540","10540","0"
"56675","56675","0"
"7143","7143","0"
"6835","6835","0"
"4738","4738","0"
"23647","23647","0"
"219","219","0"
"9556","9556","0"
"28958","28958","0"
"5230","5230","0"
"148014","148014","0"
"4736","4736","0"
"10554","10554","0"
"7388","7388","0"
"81618","81618","0"
"80764","80764","0"
"200728","200728","0"
"2026","2026","0"
"51499","51499","0"
"27338","27338","0"
"162993","162993","0"
"515","515","0"
"64949","64949","0"
"122961","122961","0"
"81493","81493","0"
"84934","84934","0"
"2987","2987","0"
"127943","127943","0"
"4779","4779","0"
"51371","51371","0"
"55906","55906","0"
"26521","26521","0"
"4747","4747","0"
"3061","3061","0"
"3897","3897","0"
"5192","5192","0"
"9435","9435","0"
"55790","55790","0"
"27241","27241","0"
"284184","284184","0"
"51081","51081","0"
"84247","84247","0"
"10949","10949","0"
"339231","339231","0"
"6208","6208","0"
"55009","55009","0"
"79016","79016","0"
"55285","55285","0"
"171177","171177","0"
"91689","91689","0"
"440574","440574","0"
"80700","80700","0"
"475","475","0"
"7262","7262","0"
"5121","5121","0"
"5162","5162","0"
"57026","57026","0"
"81873","81873","0"
"573","573","0"
"3265","3265","0"
"400916","400916","0"
"83877","83877","0"
"6164","6164","0"
"131474","131474","0"
"100303755","100303755","0"
"56603","56603","0"
"2281","2281","0"
"9804","9804","0"
"54976","54976","0"
"387263","387263","0"
"10775","10775","0"
"93621","93621","0"
"65005","65005","0"
"57617","57617","0"
"126299","126299","0"
"29100","29100","0"
"1974","1974","0"
"5122","5122","0"
"5203","5203","0"
"768096","768096","0"
"10291","10291","0"
"5901","5901","0"
"10123","10123","0"
"3354","3354","0"
"10273","10273","0"
"158584","158584","0"
"100288911","100288911","0"
"90956","90956","0"
"9045","9045","0"
"7336","7336","0"
"51035","51035","0"
"10589","10589","0"
"56005","56005","0"
"5714","5714","0"
"6209","6209","0"
"51142","51142","0"
"100529063","100529063","0"
"5438","5438","0"
"53826","53826","0"
"54991","54991","0"
"4826","4826","0"
"5631","5631","0"
"51603","51603","0"
"100093630","100093630","0"
"222865","222865","0"
"6855","6855","0"
"27439","27439","0"
"7620","7620","0"
"11041","11041","0"
"92002","92002","0"
"388394","388394","0"
"8703","8703","0"
"5475","5475","0"
"5902","5902","0"
"6181","6181","0"
"440465","440465","0"
"79177","79177","0"
"79004","79004","0"
"10101","10101","0"
"9168","9168","0"
"25804","25804","0"
"100507050","100507050","0"
"529","529","0"
"29901","29901","0"
"1652","1652","0"
"55004","55004","0"
"55604","55604","0"
"81689","81689","0"
"9920","9920","0"
"388228","388228","0"
"84890","84890","0"
"5573","5573","0"
"57468","57468","0"
"84926","84926","0"
"59353","59353","0"
"79781","79781","0"
"51617","51617","0"
"114926","114926","0"
"55343","55343","0"
"153339","153339","0"
"3052","3052","0"
"7922","7922","0"
"55573","55573","0"
"1141","1141","0"
"140606","140606","0"
"10920","10920","0"
"4351","4351","0"
"373","373","0"
"966","966","0"
"10105","10105","0"
"2197","2197","0"
"25786","25786","0"
"25880","25880","0"
"2079","2079","0"
"340526","340526","0"
"79142","79142","0"
"90441","90441","0"
"388610","388610","0"
"1174","1174","0"
"79629","79629","0"
"60490","60490","0"
"78986","78986","0"
"10815","10815","0"
"51693","51693","0"
"3281","3281","0"
"1496","1496","0"
"3754","3754","0"
"1002","1002","0"
"7077","7077","0"
"7029","7029","0"
"10134","10134","0"
"51155","51155","0"
"10447","10447","0"
"6166","6166","0"
"9742","9742","0"
"7732","7732","0"
"9158","9158","0"
"534","534","0"
"60491","60491","0"
"6159","6159","0"
"65993","65993","0"
"4775","4775","0"
"140809","140809","0"
"6511","6511","0"
"26519","26519","0"
"92703","92703","0"
"149345","149345","0"
"57515","57515","0"
"115","115","0"
"83547","83547","0"
"23349","23349","0"
"84520","84520","0"
"84134","84134","0"
"26027","26027","0"
"8507","8507","0"
"2790","2790","0"
"9784","9784","0"
"84334","84334","0"
"28955","28955","0"
"5864","5864","0"
"118487","118487","0"
"654790","654790","0"
"81876","81876","0"
"6210","6210","0"
"23558","23558","0"
"6165","6165","0"
"51449","51449","0"
"112441426","112441426","0"
"200916","200916","0"
"79007","79007","0"
"10633","10633","0"
"2554","2554","0"
"84233","84233","0"
"2644","2644","0"
"8564","8564","0"
"9715","9715","0"
"1639","1639","0"
"100129250","100129250","0"
"71","71","0"
"7905","7905","0"
"10962","10962","0"
"10163","10163","0"
"100132247","100132247","0"
"134266","134266","0"
"6261","6261","0"
"3036","3036","0"
"400","400","0"
"158405","158405","0"
"255374","255374","0"
"7114","7114","0"
"222255","222255","0"
"10955","10955","0"
"55835","55835","0"
"55178","55178","0"
"54543","54543","0"
"5699","5699","0"
"10687","10687","0"
"3939","3939","0"
"29985","29985","0"
"6187","6187","0"
"8987","8987","0"
"1763","1763","0"
"56852","56852","0"
"153642","153642","0"
"25876","25876","0"
"581","581","0"
"64979","64979","0"
"441869","441869","0"
"25864","25864","0"
"1608","1608","0"
"808","808","0"
"94160","94160","0"
"57469","57469","0"
"10209","10209","0"
"8636","8636","0"
"6191","6191","0"
"79012","79012","0"
"6176","6176","0"
"79039","79039","0"
"10126","10126","0"
"51024","51024","0"
"284106","284106","0"
"92521","92521","0"
"1350","1350","0"
"51258","51258","0"
"1933","1933","0"
"5883","5883","0"
"93663","93663","0"
"84987","84987","0"
"6170","6170","0"
"23552","23552","0"
"503542","503542","0"
"761","761","0"
"6730","6730","0"
"131870","131870","0"
"6141","6141","0"
"199720","199720","0"
"91683","91683","0"
"125113","125113","0"
"4142","4142","0"
"7095","7095","0"
"7762","7762","0"
"57095","57095","0"
"90121","90121","0"
"130612","130612","0"
"6139","6139","0"
"10952","10952","0"
"2845","2845","0"
"54875","54875","0"
"51329","51329","0"
"267020","267020","0"
"145553","145553","0"
"66004","66004","0"
"116828","116828","0"
"57819","57819","0"
"1346","1346","0"
"4726","4726","0"
"230","230","0"
"84833","84833","0"
"79693","79693","0"
"51506","51506","0"
"5708","5708","0"
"10923","10923","0"
"56892","56892","0"
"7264","7264","0"
"8553","8553","0"
"8738","8738","0"
"6992","6992","0"
"6839","6839","0"
"79176","79176","0"
"9040","9040","0"
"6297","6297","0"
"6133","6133","0"
"171568","171568","0"
"132299","132299","0"
"84269","84269","0"
"168451","168451","0"
"54951","54951","0"
"60314","60314","0"
"790955","790955","0"
"94103","94103","0"
"1826","1826","0"
"6751","6751","0"
"382","382","0"
"207063","207063","0"
"5315","5315","0"
"6228","6228","0"
"126792","126792","0"
"100188893","100188893","0"
"340252","340252","0"
"79154","79154","0"
"2560","2560","0"
"27258","27258","0"
"6095","6095","0"
"3159","3159","0"
"79140","79140","0"
"10670","10670","0"
"7283","7283","0"
"85025","85025","0"
"6227","6227","0"
"113130","113130","0"
"404037","404037","0"
"80273","80273","0"
"9735","9735","0"
"6230","6230","0"
"7881","7881","0"
"152789","152789","0"
"3489","3489","0"
"6201","6201","0"
"51491","51491","0"
"6161","6161","0"
"6189","6189","0"
"9275","9275","0"
"613212","613212","0"
"146547","146547","0"
"57586","57586","0"
"653784","653784","0"
"2571","2571","0"
"56655","56655","0"
"83695","83695","0"
"1009","1009","0"
"65265","65265","0"
"28974","28974","0"
"6843","6843","0"
"140735","140735","0"
"100293516","100293516","0"
"63875","63875","0"
"7458","7458","0"
"57463","57463","0"
"100131187","100131187","0"
"79095","79095","0"
"6134","6134","0"
"54039","54039","0"
"79590","79590","0"
"84707","84707","0"
"10248","10248","0"
"7167","7167","0"
"51310","51310","0"
"51741","51741","0"
"64131","64131","0"
"10591","10591","0"
"84316","84316","0"
"805","805","0"
"6545","6545","0"
"647979","647979","0"
"201266","201266","0"
"3049","3049","0"
"55329","55329","0"
"4043","4043","0"
"256586","256586","0"
"84246","84246","0"
"6217","6217","0"
"378884","378884","0"
"65009","65009","0"
"198437","198437","0"
"115939","115939","0"
"1949","1949","0"
"3062","3062","0"
"8708","8708","0"
"79873","79873","0"
"221491","221491","0"
"9581","9581","0"
"10488","10488","0"
"56139","56139","0"
"51647","51647","0"
"2850","2850","0"
"1889","1889","0"
"145508","145508","0"
"79714","79714","0"
"6500","6500","0"
"79803","79803","0"
"1537","1537","0"
"6154","6154","0"
"2879","2879","0"
"293","293","0"
"291","291","0"
"9443","9443","0"
"51022","51022","0"
"133957","133957","0"
"51690","51690","0"
"23336","23336","0"
"27166","27166","0"
"4173","4173","0"
"93380","93380","0"
"55041","55041","0"
"388789","388789","0"
"85453","85453","0"
"150223","150223","0"
"5592","5592","0"
"221908","221908","0"
"6204","6204","0"
"741","741","0"
"90627","90627","0"
"8029","8029","0"
"64837","64837","0"
"4223","4223","0"
"5638","5638","0"
"84545","84545","0"
"9349","9349","0"
"55163","55163","0"
"10144","10144","0"
"29078","29078","0"
"6753","6753","0"
"26610","26610","0"
"65260","65260","0"
"26240","26240","0"
"54785","54785","0"
"27430","27430","0"
"90120","90120","0"
"100630918","100630918","0"
"51728","51728","0"
"3765","3765","0"
"220359","220359","0"
"6169","6169","0"
"6547","6547","0"
"6135","6135","0"
"6233","6233","0"
"379","379","0"
"11040","11040","0"
"439","439","0"
"6143","6143","0"
"641638","641638","0"
"29796","29796","0"
"161424","161424","0"
"57480","57480","0"
"29994","29994","0"
"79897","79897","0"
"27069","27069","0"
"374969","374969","0"
"8270","8270","0"
"64976","64976","0"
"138162","138162","0"
"201254","201254","0"
"29940","29940","0"
"28986","28986","0"
"729967","729967","0"
"396","396","0"
"8733","8733","0"
"51042","51042","0"
"256435","256435","0"
"112703","112703","0"
"152098","152098","0"
"388135","388135","0"
"7224","7224","0"
"91893","91893","0"
"6147","6147","0"
"6146","6146","0"
"4299","4299","0"
"79102","79102","0"
"377","377","0"
"6222","6222","0"
"1327","1327","0"
"333926","333926","0"
"128977","128977","0"
"553115","553115","0"
"6157","6157","0"
"6156","6156","0"
"81892","81892","0"
"6137","6137","0"
"1937","1937","0"
"1806","1806","0"
"51318","51318","0"
"79734","79734","0"
"221424","221424","0"
"151531","151531","0"
"284018","284018","0"
"57804","57804","0"
"6129","6129","0"
"4700","4700","0"
"55897","55897","0"
"153527","153527","0"
"51560","51560","0"
"29844","29844","0"
"80326","80326","0"
"55312","55312","0"
"7352","7352","0"
"10295","10295","0"
"64582","64582","0"
"23462","23462","0"
"26589","26589","0"
"6144","6144","0"
"1845","1845","0"
"25874","25874","0"
"22818","22818","0"
"25992","25992","0"
"7049","7049","0"
"6207","6207","0"
"54768","54768","0"
"1032","1032","0"
"3767","3767","0"
"6223","6223","0"
"11337","11337","0"
"517","517","0"
"9550","9550","0"
"80097","80097","0"
"7162","7162","0"
"27018","27018","0"
"4794","4794","0"
"22995","22995","0"
"55203","55203","0"
"4905","4905","0"
"122416","122416","0"
"7494","7494","0"
"84968","84968","0"
"3361","3361","0"
"23208","23208","0"
"8814","8814","0"
"116","116","0"
"26953","26953","0"
"4661","4661","0"
"51121","51121","0"
"7417","7417","0"
"9277","9277","0"
"481","481","0"
"139341","139341","0"
"10653","10653","0"
"2549","2549","0"
"8501","8501","0"
"55017","55017","0"
"7381","7381","0"
"100528062","100528062","0"
"256933","256933","0"
"255022","255022","0"
"516","516","0"
"642987","642987","0"
"11034","11034","0"
"339122","339122","0"
"158586","158586","0"
"79641","79641","0"
"6834","6834","0"
"6447","6447","0"
"51616","51616","0"
"6726","6726","0"
"83694","83694","0"
"522","522","0"
"196527","196527","0"
"100131801","100131801","0"
"91010","91010","0"
"84976","84976","0"
"29924","29924","0"
"4701","4701","0"
"441150","441150","0"
"84074","84074","0"
"58504","58504","0"
"55504","55504","0"
"3852","3852","0"
"84769","84769","0"
"255057","255057","0"
"100128731","100128731","0"
"222256","222256","0"
"9312","9312","0"
"29890","29890","0"
"746","746","0"
"80114","80114","0"
"112483","112483","0"
"51066","51066","0"
"7442","7442","0"
"1944","1944","0"
"63943","63943","0"
"6175","6175","0"
"23090","23090","0"
"79823","79823","0"
"23382","23382","0"
"10089","10089","0"
"6049","6049","0"
"57453","57453","0"
"122970","122970","0"
"1768","1768","0"
"56648","56648","0"
"3858","3858","0"
"10683","10683","0"
"755","755","0"
"9720","9720","0"
"59335","59335","0"
"60673","60673","0"
"9867","9867","0"
"6173","6173","0"
"3788","3788","0"
"492311","492311","0"
"29101","29101","0"
"6168","6168","0"
"200407","200407","0"
"10237","10237","0"
"11078","11078","0"
"6188","6188","0"
"254778","254778","0"
"55651","55651","0"
"5865","5865","0"
"10063","10063","0"
"93166","93166","0"
"5881","5881","0"
"64359","64359","0"
"9399","9399","0"
"11248","11248","0"
"126823","126823","0"
"6990","6990","0"
"4709","4709","0"
"164395","164395","0"
"2931","2931","0"
"5204","5204","0"
"54769","54769","0"
"100507341","100507341","0"
"4325","4325","0"
"51016","51016","0"
"25994","25994","0"
"9246","9246","0"
"596","596","0"
"85478","85478","0"
"161742","161742","0"
"3761","3761","0"
"2830","2830","0"
"51286","51286","0"
"4716","4716","0"
"113452","113452","0"
"6235","6235","0"
"398","398","0"
"4714","4714","0"
"84898","84898","0"
"2785","2785","0"
"27092","27092","0"
"54458","54458","0"
"55698","55698","0"
"5990","5990","0"
"25824","25824","0"
"2272","2272","0"
"8851","8851","0"
"10975","10975","0"
"9616","9616","0"
"572","572","0"
"54704","54704","0"
"10245","10245","0"
"25789","25789","0"
"4831","4831","0"
"25797","25797","0"
"79656","79656","0"
"6838","6838","0"
"80258","80258","0"
"11344","11344","0"
"8153","8153","0"
"5300","5300","0"
"222389","222389","0"
"1325","1325","0"
"121268","121268","0"
"6660","6660","0"
"348262","348262","0"
"54534","54534","0"
"10124","10124","0"
"221938","221938","0"
"7532","7532","0"
"27089","27089","0"
"55859","55859","0"
"4741","4741","0"
"7419","7419","0"
"2662","2662","0"
"79469","79469","0"
"441951","441951","0"
"57801","57801","0"
"79077","79077","0"
"57161","57161","0"
"24141","24141","0"
"57553","57553","0"
"285555","285555","0"
"100127950","100127950","0"
"2114","2114","0"
"51069","51069","0"
"54557","54557","0"
"127687","127687","0"
"113246","113246","0"
"23283","23283","0"
"8110","8110","0"
"145282","145282","0"
"10935","10935","0"
"55152","55152","0"
"391356","391356","0"
"139735","139735","0"
"79603","79603","0"
"1649","1649","0"
"2653","2653","0"
"11258","11258","0"
"51422","51422","0"
"896","896","0"
"1347","1347","0"
"93974","93974","0"
"128611","128611","0"
"4983","4983","0"
"5694","5694","0"
"284615","284615","0"
"144535","144535","0"
"9221","9221","0"
"6203","6203","0"
"84299","84299","0"
"1","1","0"
"51335","51335","0"
"140685","140685","0"
"11224","11224","0"
"56034","56034","0"
"5316","5316","0"
"259236","259236","0"
"30834","30834","0"
"6320","6320","0"
"283209","283209","0"
"4685","4685","0"
"6152","6152","0"
"100996569","100996569","0"
"7060","7060","0"
"84078","84078","0"
"284485","284485","0"
"6193","6193","0"
"8772","8772","0"
"138046","138046","0"
"1982","1982","0"
"5783","5783","0"
"126789","126789","0"
"6136","6136","0"
"6128","6128","0"
"527","527","0"
"8766","8766","0"
"57688","57688","0"
"353","353","0"
"92659","92659","0"
"23401","23401","0"
"5595","5595","0"
"220","220","0"
"4707","4707","0"
"4435","4435","0"
"54865","54865","0"
"6863","6863","0"
"64928","64928","0"
"6010","6010","0"
"4809","4809","0"
"27199","27199","0"
"4744","4744","0"
"1128","1128","0"
"9551","9551","0"
"285313","285313","0"
"6277","6277","0"
"56108","56108","0"
"388558","388558","0"
"1349","1349","0"
"53353","53353","0"
"8668","8668","0"
"118429","118429","0"
"125988","125988","0"
"5890","5890","0"
"23480","23480","0"
"7432","7432","0"
"121457","121457","0"
"54777","54777","0"
"283576","283576","0"
"79822","79822","0"
"4830","4830","0"
"729991","729991","0"
"10471","10471","0"
"23641","23641","0"
"10169","10169","0"
"9143","9143","0"
"254863","254863","0"
"2021","2021","0"
"6202","6202","0"
"2191","2191","0"
"171392","171392","0"
"57369","57369","0"
"157693","157693","0"
"116541","116541","0"
"8736","8736","0"
"23109","23109","0"
"340529","340529","0"
"169522","169522","0"
"56109","56109","0"
"26145","26145","0"
"65989","65989","0"
"55505","55505","0"
"55040","55040","0"
"150590","150590","0"
"91653","91653","0"
"154091","154091","0"
"170961","170961","0"
"6231","6231","0"
"6750","6750","0"
"57692","57692","0"
"11345","11345","0"
"51529","51529","0"
"53918","53918","0"
"201501","201501","0"
"146","146","0"
"6167","6167","0"
"9495","9495","0"
"84133","84133","0"
"50515","50515","0"
"285643","285643","0"
"399697","399697","0"
"10620","10620","0"
"27012","27012","0"
"4681","4681","0"
"23705","23705","0"
"10769","10769","0"
"6623","6623","0"
"4050","4050","0"
"28638","28638","0"
"84975","84975","0"
"4692","4692","0"
"118472","118472","0"
"128308","128308","0"
"401466","401466","0"
"146439","146439","0"
"51079","51079","0"
"3709","3709","0"
"199746","199746","0"
"56900","56900","0"
"1896","1896","0"
"2172","2172","0"
"122704","122704","0"
"390","390","0"
"5873","5873","0"
"79165","79165","0"
"9997","9997","0"
"118491","118491","0"
"143458","143458","0"
"8988","8988","0"
"6132","6132","0"
"28956","28956","0"
"120406","120406","0"
"7975","7975","0"
"79443","79443","0"
"826","826","0"
"6155","6155","0"
"5245","5245","0"
"8850","8850","0"
"1848","1848","0"
"1153","1153","0"
"4702","4702","0"
"4697","4697","0"
"132014","132014","0"
"60592","60592","0"
"27094","27094","0"
"22890","22890","0"
"199221","199221","0"
"6229","6229","0"
"10597","10597","0"
"388677","388677","0"
"84522","84522","0"
"6923","6923","0"
"554226","554226","0"
"7295","7295","0"
"3094","3094","0"
"100507588","100507588","0"
"25928","25928","0"
"57828","57828","0"
"283480","283480","0"
"4856","4856","0"
"613037","613037","0"
"25847","25847","0"
"5027","5027","0"
"4708","4708","0"
"9607","9607","0"
"6860","6860","0"
"89890","89890","0"
"5705","5705","0"
"56102","56102","0"
"154865","154865","0"
"84684","84684","0"
"60437","60437","0"
"54749","54749","0"
"154791","154791","0"
"84681","84681","0"
"30833","30833","0"
"6206","6206","0"
"113230","113230","0"
"9068","9068","0"
"100529239","100529239","0"
"4725","4725","0"
"839","839","0"
"192286","192286","0"
"5152","5152","0"
"124944","124944","0"
"255275","255275","0"
"84830","84830","0"
"10550","10550","0"
"654483","654483","0"
"59286","59286","0"
"79050","79050","0"
"3149","3149","0"
"9049","9049","0"
"54964","54964","0"
"220202","220202","0"
"518","518","0"
"6613","6613","0"
"85359","85359","0"
"7289","7289","0"
"201229","201229","0"
"169044","169044","0"
"11055","11055","0"
"2997","2997","0"
"4201","4201","0"
"79623","79623","0"
"25973","25973","0"
"9708","9708","0"
"285613","285613","0"
"7008","7008","0"
"26232","26232","0"
"80789","80789","0"
"90993","90993","0"
"2289","2289","0"
"63908","63908","0"
"419","419","0"
"401115","401115","0"
"10874","10874","0"
"5176","5176","0"
"3422","3422","0"
"2115","2115","0"
"3692","3692","0"
"3782","3782","0"
"5954","5954","0"
"440730","440730","0"
"5202","5202","0"
"375","375","0"
"6618","6618","0"
"79762","79762","0"
"7727","7727","0"
"83758","83758","0"
"145226","145226","0"
"340543","340543","0"
"63939","63939","0"
"54998","54998","0"
"116540","116540","0"
"25873","25873","0"
"114789","114789","0"
"4212","4212","0"
"432","432","0"
"6119","6119","0"
"92565","92565","0"
"26007","26007","0"
"6098","6098","0"
"4191","4191","0"
"5939","5939","0"
"4694","4694","0"
"54472","54472","0"
"201514","201514","0"
"81578","81578","0"
"8224","8224","0"
"1869","1869","0"
"643155","643155","0"
"10166","10166","0"
"100507303","100507303","0"
"506","506","0"
"84973","84973","0"
"4734","4734","0"
"9569","9569","0"
"124540","124540","0"
"84620","84620","0"
"22845","22845","0"
"54968","54968","0"
"226","226","0"
"552889","552889","0"
"83473","83473","0"
"2161","2161","0"
"128240","128240","0"
"9414","9414","0"
"594","594","0"
"285195","285195","0"
"353376","353376","0"
"54549","54549","0"
"257236","257236","0"
"79836","79836","0"
"5426","5426","0"
"1351","1351","0"
"2835","2835","0"
"57565","57565","0"
"25925","25925","0"
"50838","50838","0"
"463","463","0"
"84817","84817","0"
"149603","149603","0"
"56925","56925","0"
"128153","128153","0"
"3291","3291","0"
"5587","5587","0"
"9296","9296","0"
"10309","10309","0"
"51255","51255","0"
"8581","8581","0"
"50839","50839","0"
"140597","140597","0"
"5465","5465","0"
"919","919","0"
"57291","57291","0"
"121512","121512","0"
"79751","79751","0"
"5132","5132","0"
"24142","24142","0"
"148304","148304","0"
"259295","259295","0"
"1476","1476","0"
"8263","8263","0"
"55150","55150","0"
"346653","346653","0"
"259293","259293","0"
"4878","4878","0"
"56100","56100","0"
"390616","390616","0"
"27289","27289","0"
"514","514","0"
"4343","4343","0"
"60509","60509","0"
"285590","285590","0"
"400591","400591","0"
"23521","23521","0"
"3741","3741","0"
"132200","132200","0"
"54512","54512","0"
"6608","6608","0"
"29094","29094","0"
"54344","54344","0"
"2827","2827","0"
"79612","79612","0"
"5441","5441","0"
"9951","9951","0"
"84865","84865","0"
"25832","25832","0"
"79022","79022","0"
"6934","6934","0"
"7857","7857","0"
"375775","375775","0"
"494143","494143","0"
"10194","10194","0"
"387849","387849","0"
"110599564","110599564","0"
"57713","57713","0"
"283521","283521","0"
"1073","1073","0"
"83938","83938","0"
"55272","55272","0"
"129607","129607","0"
"51440","51440","0"
"23204","23204","0"
"85397","85397","0"
"55181","55181","0"
"100507747","100507747","0"
"339416","339416","0"
"257240","257240","0"
"143162","143162","0"
"254263","254263","0"
"9509","9509","0"
"1114","1114","0"
"642968","642968","0"
"374864","374864","0"
"6014","6014","0"
"5100","5100","0"
"65263","65263","0"
"885","885","0"
"100130958","100130958","0"
"1788","1788","0"
"10090","10090","0"
"9587","9587","0"
"441459","441459","0"
"100131390","100131390","0"
"10574","10574","0"
"54756","54756","0"
"140894","140894","0"
"27122","27122","0"
"493812","493812","0"
"340578","340578","0"
"80704","80704","0"
"102659353","102659353","0"
"387638","387638","0"
"162989","162989","0"
"339479","339479","0"
"6519","6519","0"
"102157401","102157401","0"
"10071","10071","0"
"381","381","0"
"2288","2288","0"
"4085","4085","0"
"25816","25816","0"
"6571","6571","0"
"10430","10430","0"
"282808","282808","0"
"3485","3485","0"
"10408","10408","0"
"84441","84441","0"
"57522","57522","0"
"219736","219736","0"
"283726","283726","0"
"5623","5623","0"
"10776","10776","0"
"10857","10857","0"
"404217","404217","0"
"23328","23328","0"
"402682","402682","0"
"401387","401387","0"
"80036","80036","0"
"7529","7529","0"
"844","844","0"
"3950","3950","0"
"11130","11130","0"
"5439","5439","0"
"27185","27185","0"
"8420","8420","0"
"10673","10673","0"
"6239","6239","0"
"168455","168455","0"
"151354","151354","0"
"57162","57162","0"
"5613","5613","0"
"27344","27344","0"
"83443","83443","0"
"647219","647219","0"
"134548","134548","0"
"8128","8128","0"
"6124","6124","0"
"284525","284525","0"
"83439","83439","0"
"64759","64759","0"
"22943","22943","0"
"388722","388722","0"
"222008","222008","0"
"1340","1340","0"
"200958","200958","0"
"2495","2495","0"
"3769","3769","0"
"5424","5424","0"
"390205","390205","0"
"60370","60370","0"
"260434","260434","0"
"25825","25825","0"
"375057","375057","0"
"121227","121227","0"
"90480","90480","0"
"54539","54539","0"
"9796","9796","0"
"9037","9037","0"
"8701","8701","0"
"10842","10842","0"
"11136","11136","0"
"143282","143282","0"
"9580","9580","0"
"101928346","101928346","0"
"10371","10371","0"
"26002","26002","0"
"9377","9377","0"
"6158","6158","0"
"1577","1577","0"
"144110","144110","0"
"103910","103910","0"
"539","539","0"
"201780","201780","0"
"129080","129080","0"
"81551","81551","0"
"284434","284434","0"
"101059938","101059938","0"
"374977","374977","0"
"29085","29085","0"
"6586","6586","0"
"4774","4774","0"
"81575","81575","0"
"11148","11148","0"
"861","861","0"
"759","759","0"
"11227","11227","0"
"130013","130013","0"
"2013","2013","0"
"57101","57101","0"
"4016","4016","0"
"7311","7311","0"
"4666","4666","0"
"9220","9220","0"
"219578","219578","0"
"8829","8829","0"
"10249","10249","0"
"64421","64421","0"
"1345","1345","0"
"1263","1263","0"
"10023","10023","0"
"10219","10219","0"
"145837","145837","0"
"144100","144100","0"
"4717","4717","0"
"10347","10347","0"
"4674","4674","0"
"5090","5090","0"
"1329","1329","0"
"642475","642475","0"
"8406","8406","0"
"10252","10252","0"
"11341","11341","0"
"29951","29951","0"
"84266","84266","0"
"694","694","0"
"2170","2170","0"
"56903","56903","0"
"56136","56136","0"
"259292","259292","0"
"8655","8655","0"
"64377","64377","0"
"150084","150084","0"
"100132406","100132406","0"
"84059","84059","0"
"83638","83638","0"
"6727","6727","0"
"646951","646951","0"
"801","801","0"
"100874326","100874326","0"
"5003","5003","0"
"83894","83894","0"
"266727","266727","0"
"147381","147381","0"
"259294","259294","0"
"441376","441376","0"
"54762","54762","0"
"7227","7227","0"
"57113","57113","0"
"3696","3696","0"
"611","611","0"
"83449","83449","0"
"389119","389119","0"
"1997","1997","0"
"10279","10279","0"
"135","135","0"
"57685","57685","0"
"151877","151877","0"
"158931","158931","0"
"23418","23418","0"
"645426","645426","0"
"100861541","100861541","0"
"5950","5950","0"
"55997","55997","0"
"2239","2239","0"
"207107","207107","0"
"4023","4023","0"
"56110","56110","0"
"655","655","0"
"1020","1020","0"
"1072","1072","0"
"6565","6565","0"
"81606","81606","0"
"51596","51596","0"
"65997","65997","0"
"169166","169166","0"
"126003","126003","0"
"57514","57514","0"
"653857","653857","0"
"339210","339210","0"
"22807","22807","0"
"27091","27091","0"
"100130311","100130311","0"
"2155","2155","0"
"8822","8822","0"
"4041","4041","0"
"286183","286183","0"
"100507316","100507316","0"
"56154","56154","0"
"54971","54971","0"
"4610","4610","0"
"196475","196475","0"
"158228","158228","0"
"56099","56099","0"
"971","971","0"
"56606","56606","0"
"259290","259290","0"
"100856811","100856811","0"
"2286","2286","0"
"3953","3953","0"
"84913","84913","0"
"29958","29958","0"
"521","521","0"
"162466","162466","0"
"645121","645121","0"
"143941","143941","0"
"2597","2597","0"
"7145","7145","0"
"63976","63976","0"
"79370","79370","0"
"3312","3312","0"
"55351","55351","0"
"63926","63926","0"
"80221","80221","0"
"1152","1152","0"
"81033","81033","0"
"4247","4247","0"
"1964","1964","0"
"6612","6612","0"
"93082","93082","0"
"64344","64344","0"
"55190","55190","0"
"83759","83759","0"
"54453","54453","0"
"9187","9187","0"
"7846","7846","0"
"1816","1816","0"
"284340","284340","0"
"57495","57495","0"
"2002","2002","0"
"113277","113277","0"
"8837","8837","0"
"1746","1746","0"
"2645","2645","0"
"22882","22882","0"
"402","402","0"
"65992","65992","0"
"55794","55794","0"
"339829","339829","0"
"375611","375611","0"
"80216","80216","0"
"57493","57493","0"
"1069","1069","0"
"10848","10848","0"
"139599","139599","0"
"8815","8815","0"
"219927","219927","0"
"22836","22836","0"
"126248","126248","0"
"84525","84525","0"
"8993","8993","0"
"643988","643988","0"
"2900","2900","0"
"4713","4713","0"
"79568","79568","0"
"283461","283461","0"
"83982","83982","0"
"32","32","0"
"84239","84239","0"
"4086","4086","0"
"100507043","100507043","0"
"5413","5413","0"
"1305","1305","0"
"388730","388730","0"
"105370333","105370333","0"
"5621","5621","0"
"1462","1462","0"
"27115","27115","0"
"285190","285190","0"
"5396","5396","0"
"3092","3092","0"
"84790","84790","0"
"56906","56906","0"
"130540","130540","0"
"8654","8654","0"
"143872","143872","0"
"57091","57091","0"
"5816","5816","0"
"5806","5806","0"
"112885","112885","0"
"11315","11315","0"
"28316","28316","0"
"8556","8556","0"
"50944","50944","0"
"869","869","0"
"102725541","102725541","0"
"11187","11187","0"
"79642","79642","0"
"389493","389493","0"
"440519","440519","0"
"10590","10590","0"
"4900","4900","0"
"27039","27039","0"
"57111","57111","0"
"10317","10317","0"
"5988","5988","0"
"3956","3956","0"
"1244","1244","0"
"4751","4751","0"
"255426","255426","0"
"147495","147495","0"
"1051","1051","0"
"56101","56101","0"
"100133669","100133669","0"
"100506540","100506540","0"
"7399","7399","0"
"3269","3269","0"
"100129480","100129480","0"
"100287082","100287082","0"
"10461","10461","0"
"100129973","100129973","0"
"55536","55536","0"
"2308","2308","0"
"256281","256281","0"
"140823","140823","0"
"4718","4718","0"
"2313","2313","0"
"4038","4038","0"
"200558","200558","0"
"58515","58515","0"
"7306","7306","0"
"83990","83990","0"
"3925","3925","0"
"5156","5156","0"
"100129396","100129396","0"
"56114","56114","0"
"1104","1104","0"
"58485","58485","0"
"79908","79908","0"
"6263","6263","0"
"100130742","100130742","0"
"10476","10476","0"
"284904","284904","0"
"375612","375612","0"
"55227","55227","0"
"7277","7277","0"
"283130","283130","0"
"283358","283358","0"
"168090","168090","0"
"9080","9080","0"
"132112","132112","0"
"65987","65987","0"
"58484","58484","0"
"2255","2255","0"
"1793","1793","0"
"100507466","100507466","0"
"166647","166647","0"
"126328","126328","0"
"5935","5935","0"
"5021","5021","0"
"729020","729020","0"
"11259","11259","0"
"11031","11031","0"
"50836","50836","0"
"27346","27346","0"
"91156","91156","0"
"79946","79946","0"
"874","874","0"
"8795","8795","0"
"345895","345895","0"
"143","143","0"
"1163","1163","0"
"9935","9935","0"
"28999","28999","0"
"25865","25865","0"
"100500938","100500938","0"
"9242","9242","0"
"285601","285601","0"
"388284","388284","0"
"6748","6748","0"
"26280","26280","0"
"259296","259296","0"
"100873985","100873985","0"
"25822","25822","0"
"23189","23189","0"
"254773","254773","0"
"84952","84952","0"
"341676","341676","0"
"8994","8994","0"
"64067","64067","0"
"7942","7942","0"
"166012","166012","0"
"56105","56105","0"
"64084","64084","0"
"201625","201625","0"
"101927043","101927043","0"
"23498","23498","0"
"4923","4923","0"
"701","701","0"
"286410","286410","0"
"646424","646424","0"
"101927761","101927761","0"
"8744","8744","0"
"57047","57047","0"
"10413","10413","0"
"8641","8641","0"
"100130301","100130301","0"
"79774","79774","0"
"51278","51278","0"
"729085","729085","0"
"23089","23089","0"
"2994","2994","0"
"90333","90333","0"
"254552","254552","0"
"2764","2764","0"
"728637","728637","0"
"57116","57116","0"
"647174","647174","0"
"253650","253650","0"
"117583","117583","0"
"283310","283310","0"
"11172","11172","0"
"85301","85301","0"
"93953","93953","0"
"55970","55970","0"
"83733","83733","0"
"793","793","0"
"107984640","107984640","0"
"403314","403314","0"
"4772","4772","0"
"342918","342918","0"
"283377","283377","0"
"27197","27197","0"
"160622","160622","0"
"57139","57139","0"
"442590","442590","0"
"102724643","102724643","0"
"23783","23783","0"
"8989","8989","0"
"9356","9356","0"
"55026","55026","0"
"3707","3707","0"
"90835","90835","0"
"10184","10184","0"
"4880","4880","0"
"10699","10699","0"
"2264","2264","0"
"80319","80319","0"
"57224","57224","0"
"9376","9376","0"
"106481171","106481171","0"
"8516","8516","0"
"2512","2512","0"
"136895","136895","0"
"2660","2660","0"
"9752","9752","0"
"3887","3887","0"
"64288","64288","0"
"57088","57088","0"
"83445","83445","0"
"100289341","100289341","0"
"81931","81931","0"
"142686","142686","0"
"1814","1814","0"
"6920","6920","0"
"341276","341276","0"
"2262","2262","0"
"619383","619383","0"
"9293","9293","0"
"221687","221687","0"
"388555","388555","0"
"100653515","100653515","0"
"8495","8495","0"
"57381","57381","0"
"60436","60436","0"
"100996492","100996492","0"
"79144","79144","0"
"7764","7764","0"
"55914","55914","0"
"202500","202500","0"
"1647","1647","0"
"202374","202374","0"
"26207","26207","0"
"5961","5961","0"
"2192","2192","0"
"1813","1813","0"
"54112","54112","0"
"1956","1956","0"
"91768","91768","0"
"389649","389649","0"
"81620","81620","0"
"257629","257629","0"
"387787","387787","0"
"8288","8288","0"
"9095","9095","0"
"162966","162966","0"
"3892","3892","0"
"1056","1056","0"
"56288","56288","0"
"202","202","0"
"389075","389075","0"
"60681","60681","0"
"26524","26524","0"
"1027","1027","0"
"5368","5368","0"
"55636","55636","0"
"54848","54848","0"
"5470","5470","0"
"29941","29941","0"
"221191","221191","0"
"55733","55733","0"
"65983","65983","0"
"81624","81624","0"
"257068","257068","0"
"79026","79026","0"
"65975","65975","0"
"153562","153562","0"
"388015","388015","0"
"55803","55803","0"
"10370","10370","0"
"1960","1960","0"
"4267","4267","0"
"112399","112399","0"
"3655","3655","0"
"1088","1088","0"
"5092","5092","0"
"150353","150353","0"
"10737","10737","0"
"9934","9934","0"
"317719","317719","0"
"388588","388588","0"
"9658","9658","0"
"8483","8483","0"
"6446","6446","0"
"5777","5777","0"
"728339","728339","0"
"7200","7200","0"
"3914","3914","0"
"643037","643037","0"
"5350","5350","0"
"50939","50939","0"
"23205","23205","0"
"100132169","100132169","0"
"55851","55851","0"
"5080","5080","0"
"153918","153918","0"
"254295","254295","0"
"151176","151176","0"
"1844","1844","0"
"283131","283131","0"
"94121","94121","0"
"1337","1337","0"
"3693","3693","0"
"176","176","0"
"163732","163732","0"
"345275","345275","0"
"102216268","102216268","0"
"728741","728741","0"
"1592","1592","0"
"8933","8933","0"
"2878","2878","0"
"64093","64093","0"
"4651","4651","0"
"152065","152065","0"
"8190","8190","0"
"8773","8773","0"
"23194","23194","0"
"23105","23105","0"
"10611","10611","0"
"282969","282969","0"
"3567","3567","0"
"2139","2139","0"
"1080","1080","0"
"2059","2059","0"
"55616","55616","0"
"9639","9639","0"
"5175","5175","0"
"283652","283652","0"
"89832","89832","0"
"283208","283208","0"
"90102","90102","0"
"646603","646603","0"
"10567","10567","0"
"221178","221178","0"
"2859","2859","0"
"3174","3174","0"
"8721","8721","0"
"79153","79153","0"
"390231","390231","0"
"767","767","0"
"440503","440503","0"
"284071","284071","0"
"7424","7424","0"
"340602","340602","0"
"80896","80896","0"
"100750225","100750225","0"
"9363","9363","0"
"64115","64115","0"
"728229","728229","0"
"6641","6641","0"
"3635","3635","0"
"728833","728833","0"
"55612","55612","0"
"4609","4609","0"
"23239","23239","0"
"123722","123722","0"
"335","335","0"
"9938","9938","0"
"1270","1270","0"
"728489","728489","0"
"100507607","100507607","0"
"100329135","100329135","0"
"4487","4487","0"
"9902","9902","0"
"2765","2765","0"
"102724023","102724023","0"
"634","634","0"
"8785","8785","0"
"7780","7780","0"
"92340","92340","0"
"1297","1297","0"
"26137","26137","0"
"63901","63901","0"
"4281","4281","0"
"341350","341350","0"
"283677","283677","0"
"85449","85449","0"
"7100","7100","0"
"168433","168433","0"
"3824","3824","0"
"102724473","102724473","0"
"728","728","0"
"54829","54829","0"
"85016","85016","0"
"5680","5680","0"
"441273","441273","0"
"19","19","0"
"286467","286467","0"
"729059","729059","0"
"2052","2052","0"
"3977","3977","0"
"8801","8801","0"
"170261","170261","0"
"85407","85407","0"
"23539","23539","0"
"4521","4521","0"
"10636","10636","0"
"83478","83478","0"
"200931","200931","0"
"79746","79746","0"
"6515","6515","0"
"3026","3026","0"
"284297","284297","0"
"10418","10418","0"
"283238","283238","0"
"3773","3773","0"
"112935960","112935960","0"
"3437","3437","0"
"89932","89932","0"
"27319","27319","0"
"109729161","109729161","0"
"54429","54429","0"
"9744","9744","0"
"4853","4853","0"
"266675","266675","0"
"64072","64072","0"
"1017","1017","0"
"7379","7379","0"
"23154","23154","0"
"2737","2737","0"
"101929951","101929951","0"
"4851","4851","0"
"79776","79776","0"
"130132","130132","0"
"222826","222826","0"
"101929355","101929355","0"
"57529","57529","0"
"5174","5174","0"
"55075","55075","0"
"3965","3965","0"
"100288413","100288413","0"
"255119","255119","0"
"2118","2118","0"
"126668","126668","0"
"51233","51233","0"
"90637","90637","0"
"63950","63950","0"
"54798","54798","0"
"84518","84518","0"
"1545","1545","0"
"117289","117289","0"
"100507257","100507257","0"
"53827","53827","0"
"127833","127833","0"
"105375013","105375013","0"
"64333","64333","0"
"5146","5146","0"
"378925","378925","0"
"347902","347902","0"
"6296","6296","0"
"7259","7259","0"
"338596","338596","0"
"9508","9508","0"
"55340","55340","0"
"11213","11213","0"
"7923","7923","0"
"100874372","100874372","0"
"158158","158158","0"
"3993","3993","0"
"83716","83716","0"
"728689","728689","0"
"283777","283777","0"
"6554","6554","0"
"25937","25937","0"
"56128","56128","0"
"339512","339512","0"
"140578","140578","0"
"558","558","0"
"84532","84532","0"
"6916","6916","0"
"5179","5179","0"
"333929","333929","0"
"84465","84465","0"
"101928165","101928165","0"
"5125","5125","0"
"100134938","100134938","0"
"440184","440184","0"
"56246","56246","0"
"84466","84466","0"
"6911","6911","0"
"551","551","0"
"92235","92235","0"
"84063","84063","0"
"348645","348645","0"
"400550","400550","0"
"255649","255649","0"
"26084","26084","0"
"132141","132141","0"
"136288","136288","0"
"26119","26119","0"
"79651","79651","0"
"25891","25891","0"
"81031","81031","0"
"391712","391712","0"
"391475","391475","0"
"151649","151649","0"
"441161","441161","0"
"4824","4824","0"
"5149","5149","0"
"219293","219293","0"
"92304","92304","0"
"347688","347688","0"
"346007","346007","0"
"93668","93668","0"
"7429","7429","0"
"5345","5345","0"
"9358","9358","0"
"6672","6672","0"
"7350","7350","0"
"81844","81844","0"
"2050","2050","0"
"10468","10468","0"
"284546","284546","0"
"50617","50617","0"
"10149","10149","0"
"219654","219654","0"
"79742","79742","0"
"115948","115948","0"
"54796","54796","0"
"23753","23753","0"
"1308","1308","0"
"2841","2841","0"
"1602","1602","0"
"91074","91074","0"
"6374","6374","0"
"54502","54502","0"
"49861","49861","0"
"221074","221074","0"
"5948","5948","0"
"138240","138240","0"
"1583","1583","0"
"150786","150786","0"
"728586","728586","0"
"4160","4160","0"
"8424","8424","0"
"8671","8671","0"
"100506080","100506080","0"
"139716","139716","0"
"147746","147746","0"
"136853","136853","0"
"196996","196996","0"
"140687","140687","0"
"391123","391123","0"
"223075","223075","0"
"1393","1393","0"
"6315","6315","0"
"1421","1421","0"
"7280","7280","0"
"9322","9322","0"
"80099","80099","0"
"126669","126669","0"
"79901","79901","0"
"7873","7873","0"
"126017","126017","0"
"513","513","0"
"51504","51504","0"
"253582","253582","0"
"6647","6647","0"
"9262","9262","0"
"643376","643376","0"
"162073","162073","0"
"4958","4958","0"
"55640","55640","0"
"3428","3428","0"
"2736","2736","0"
"60598","60598","0"
"10534","10534","0"
"159963","159963","0"
"3290","3290","0"
"6383","6383","0"
"414899","414899","0"
"85508","85508","0"
"10744","10744","0"
"479","479","0"
"389161","389161","0"
"2196","2196","0"
"3820","3820","0"
"284467","284467","0"
"7166","7166","0"
"55811","55811","0"
"2000","2000","0"
"5670","5670","0"
"4091","4091","0"
"1842","1842","0"
"9469","9469","0"
"83648","83648","0"
"103021294","103021294","0"
"8111","8111","0"
"1735","1735","0"
"3133","3133","0"
"285955","285955","0"
"7038","7038","0"
"80054","80054","0"
"6307","6307","0"
"2247","2247","0"
"79611","79611","0"
"401236","401236","0"
"9603","9603","0"
"2321","2321","0"
"255762","255762","0"
"83447","83447","0"
"1175","1175","0"
"161253","161253","0"
"3157","3157","0"
"27443","27443","0"
"51802","51802","0"
"2173","2173","0"
"221749","221749","0"
"142827","142827","0"
"80005","80005","0"
"92312","92312","0"
"58516","58516","0"
"7099","7099","0"
"92949","92949","0"
"6524","6524","0"
"4242","4242","0"
"2995","2995","0"
"7299","7299","0"
"843","843","0"
"7035","7035","0"
"26526","26526","0"
"152015","152015","0"
"5446","5446","0"
"2624","2624","0"
"1830","1830","0"
"64106","64106","0"
"6559","6559","0"
"1879","1879","0"
"5139","5139","0"
"4887","4887","0"
"5837","5837","0"
"100126793","100126793","0"
"3958","3958","0"
"375307","375307","0"
"3617","3617","0"
"341392","341392","0"
"6926","6926","0"
"440097","440097","0"
"64090","64090","0"
"10381","10381","0"
"8601","8601","0"
"4478","4478","0"
"126695","126695","0"
"43847","43847","0"
"2138","2138","0"
"3075","3075","0"
"9754","9754","0"
"794","794","0"
"348807","348807","0"
"160492","160492","0"
"7164","7164","0"
"107986818","107986818","0"
"4783","4783","0"
"25861","25861","0"
"202151","202151","0"
"387601","387601","0"
"7048","7048","0"
"285","285","0"
"85439","85439","0"
"10411","10411","0"
"70","70","0"
"5445","5445","0"
"92610","92610","0"
"646960","646960","0"
"3818","3818","0"
"5657","5657","0"
"124817","124817","0"
"837","837","0"
"3913","3913","0"
"161247","161247","0"
"11309","11309","0"
"404550","404550","0"
"4811","4811","0"
"677","677","0"
"51050","51050","0"
"3574","3574","0"
"3691","3691","0"
"1464","1464","0"
"162517","162517","0"
"123","123","0"
"6382","6382","0"
"1435","1435","0"
"100874286","100874286","0"
"4313","4313","0"
"56141","56141","0"
"284593","284593","0"
"647309","647309","0"
"154","154","0"
"345062","345062","0"
"1154","1154","0"
"220323","220323","0"
"10734","10734","0"
"54820","54820","0"
"51738","51738","0"
"2694","2694","0"
"101669767","101669767","0"
"5625","5625","0"
"64816","64816","0"
"166752","166752","0"
"388906","388906","0"
"7456","7456","0"
"220047","220047","0"
"8614","8614","0"
"92745","92745","0"
"9444","9444","0"
"4739","4739","0"
"64098","64098","0"
"55861","55861","0"
"91703","91703","0"
"2825","2825","0"
"5918","5918","0"
"56140","56140","0"
"285016","285016","0"
"6947","6947","0"
"196051","196051","0"
"79789","79789","0"
"646019","646019","0"
"6866","6866","0"
"220158","220158","0"
"2828","2828","0"
"1414","1414","0"
"58157","58157","0"
"6542","6542","0"
"153328","153328","0"
"5069","5069","0"
"29128","29128","0"
"400128","400128","0"
"53947","53947","0"
"1192","1192","0"
"926","926","0"
"284759","284759","0"
"196047","196047","0"
"27164","27164","0"
"10017","10017","0"
"3645","3645","0"
"1368","1368","0"
"9499","9499","0"
"54988","54988","0"
"5803","5803","0"
"2701","2701","0"
"389668","389668","0"
"7225","7225","0"
"10475","10475","0"
"6278","6278","0"
"285126","285126","0"
"131890","131890","0"
"347516","347516","0"
"80243","80243","0"
"10156","10156","0"
"4007","4007","0"
"7159","7159","0"
"22797","22797","0"
"10345","10345","0"
"5241","5241","0"
"10221","10221","0"
"160065","160065","0"
"153643","153643","0"
"401494","401494","0"
"344148","344148","0"
"2217","2217","0"
"9290","9290","0"
"347549","347549","0"
"26157","26157","0"
"127255","127255","0"
"3985","3985","0"
"440533","440533","0"
"7097","7097","0"
"6909","6909","0"
"658","658","0"
"2615","2615","0"
"6503","6503","0"
"3566","3566","0"
"5443","5443","0"
"85477","85477","0"
"57194","57194","0"
"286464","286464","0"
"349149","349149","0"
"7430","7430","0"
"415117","415117","0"
"54510","54510","0"
"59340","59340","0"
"4969","4969","0"
"85360","85360","0"
"786","786","0"
"2296","2296","0"
"100507650","100507650","0"
"55784","55784","0"
"7005","7005","0"
"139189","139189","0"
"25841","25841","0"
"23677","23677","0"
"89846","89846","0"
"306","306","0"
"7681","7681","0"
"26298","26298","0"
"285180","285180","0"
"55194","55194","0"
"255061","255061","0"
"149069","149069","0"
"100506895","100506895","0"
"115795","115795","0"
"51267","51267","0"
"26509","26509","0"
"50509","50509","0"
"223117","223117","0"
"101926900","101926900","0"
"155038","155038","0"
"25903","25903","0"
"389766","389766","0"
"22932","22932","0"
"3053","3053","0"
"9087","9087","0"
"8972","8972","0"
"150384","150384","0"
"26275","26275","0"
"9780","9780","0"
"344905","344905","0"
"7075","7075","0"
"148198","148198","0"
"201305","201305","0"
"6494","6494","0"
"285335","285335","0"
"56111","56111","0"
"56103","56103","0"
"100130967","100130967","0"
"29974","29974","0"
"645432","645432","0"
"5778","5778","0"
"339967","339967","0"
"100310812","100310812","0"
"51176","51176","0"
"84674","84674","0"
"125111","125111","0"
"100131137","100131137","0"
"6023","6023","0"
"1958","1958","0"
"722","722","0"
"103157000","103157000","0"
"10665","10665","0"
"100505478","100505478","0"
"3059","3059","0"
"100130733","100130733","0"
"26292","26292","0"
"3931","3931","0"
"3597","3597","0"
"29015","29015","0"
"80231","80231","0"
"167465","167465","0"
"5033","5033","0"
"155006","155006","0"
"2533","2533","0"
"374470","374470","0"
"83639","83639","0"
"220963","220963","0"
"729359","729359","0"
"641372","641372","0"
"7052","7052","0"
"136","136","0"
"135250","135250","0"
"441272","441272","0"
"8551","8551","0"
"3600","3600","0"
"8995","8995","0"
"197","197","0"
"170575","170575","0"
"157869","157869","0"
"283431","283431","0"
"100316904","100316904","0"
"7546","7546","0"
"6403","6403","0"
"83878","83878","0"
"286749","286749","0"
"100505495","100505495","0"
"3543","3543","0"
"51804","51804","0"
"56113","56113","0"
"5897","5897","0"
"54596","54596","0"
"4117","4117","0"
"80760","80760","0"
"8647","8647","0"
"525","525","0"
"4696","4696","0"
"1610","1610","0"
"23704","23704","0"
"146722","146722","0"
"170591","170591","0"
"146853","146853","0"
"11126","11126","0"
"55679","55679","0"
"503582","503582","0"
"2569","2569","0"
"79056","79056","0"
"10333","10333","0"
"6865","6865","0"
"60401","60401","0"
"1573","1573","0"
"23580","23580","0"
"5872","5872","0"
"735","735","0"
"11005","11005","0"
"4067","4067","0"
"8840","8840","0"
"79935","79935","0"
"79674","79674","0"
"10866","10866","0"
"1906","1906","0"
"9111","9111","0"
"90271","90271","0"
"1524","1524","0"
"10225","10225","0"
"604","604","0"
"51365","51365","0"
"374897","374897","0"
"2998","2998","0"
"147138","147138","0"
"51294","51294","0"
"1081","1081","0"
"2687","2687","0"
"653082","653082","0"
"147798","147798","0"
"941","941","0"
"79853","79853","0"
"5076","5076","0"
"4854","4854","0"
"64641","64641","0"
"10451","10451","0"
"2297","2297","0"
"115861","115861","0"
"400966","400966","0"
"29984","29984","0"
"2946","2946","0"
"125875","125875","0"
"55092","55092","0"
"85416","85416","0"
"375033","375033","0"
"391191","391191","0"
"7450","7450","0"
"50511","50511","0"
"51554","51554","0"
"5888","5888","0"
"115111","115111","0"
"100132923","100132923","0"
"7348","7348","0"
"285834","285834","0"
"7478","7478","0"
"2040","2040","0"
"53836","53836","0"
"8613","8613","0"
"10218","10218","0"
"57626","57626","0"
"10581","10581","0"
"4773","4773","0"
"2331","2331","0"
"56107","56107","0"
"118788","118788","0"
"84125","84125","0"
"26246","26246","0"
"84166","84166","0"
"27033","27033","0"
"407","407","0"
"1412","1412","0"
"10747","10747","0"
"5145","5145","0"
"284422","284422","0"
"170392","170392","0"
"729","729","0"
"55540","55540","0"
"5359","5359","0"
"57642","57642","0"
"79792","79792","0"
"389400","389400","0"
"56104","56104","0"
"56301","56301","0"
"23120","23120","0"
"113278","113278","0"
"29881","29881","0"
"3301","3301","0"
"26471","26471","0"
"8743","8743","0"
"101929549","101929549","0"
"11067","11067","0"
"59351","59351","0"
"146279","146279","0"
"26508","26508","0"
"286753","286753","0"
"29080","29080","0"
"1562","1562","0"
"83666","83666","0"
"168537","168537","0"
"1361","1361","0"
"23493","23493","0"
"3320","3320","0"
"4921","4921","0"
"114905","114905","0"
"57705","57705","0"
"10157","10157","0"
"10888","10888","0"
"5364","5364","0"
"55106","55106","0"
"5655","5655","0"
"83461","83461","0"
"80380","80380","0"
"3823","3823","0"
"8419","8419","0"
"389840","389840","0"
"5365","5365","0"
"55576","55576","0"
"3175","3175","0"
"150082","150082","0"
"23533","23533","0"
"284099","284099","0"
"51032","51032","0"
"388585","388585","0"
"2996","2996","0"
"100310846","100310846","0"
"122402","122402","0"
"8809","8809","0"
"954","954","0"
"404220","404220","0"
"65061","65061","0"
"85413","85413","0"
"10335","10335","0"
"27074","27074","0"
"728606","728606","0"
"54857","54857","0"
"170572","170572","0"
"124460","124460","0"
"2905","2905","0"
"220296","220296","0"
"105376230","105376230","0"
"120939","120939","0"
"56241","56241","0"
"51450","51450","0"
"256710","256710","0"
"286133","286133","0"
"8302","8302","0"
"9843","9843","0"
"144125","144125","0"
"24","24","0"
"221472","221472","0"
"84433","84433","0"
"10457","10457","0"
"55647","55647","0"
"375189","375189","0"
"10840","10840","0"
"57834","57834","0"
"6526","6526","0"
"5618","5618","0"
"2268","2268","0"
"81621","81621","0"
"152586","152586","0"
"105370966","105370966","0"
"149998","149998","0"
"100506374","100506374","0"
"256380","256380","0"
"728034","728034","0"
"8531","8531","0"
"1295","1295","0"
"342850","342850","0"
"132884","132884","0"
"2302","2302","0"
"4625","4625","0"
"53905","53905","0"
"4282","4282","0"
"118611","118611","0"
"147912","147912","0"
"10320","10320","0"
"9332","9332","0"
"10750","10750","0"
"28","28","0"
"7272","7272","0"
"859","859","0"
"9153","9153","0"
"283106","283106","0"
"60495","60495","0"
"149563","149563","0"
"5340","5340","0"
"64092","64092","0"
"219348","219348","0"
"797","797","0"
"163351","163351","0"
"255324","255324","0"
"3936","3936","0"
"56955","56955","0"
"2078","2078","0"
"83987","83987","0"
"80833","80833","0"
"401563","401563","0"
"474344","474344","0"
"117581","117581","0"
"8839","8839","0"
"25884","25884","0"
"388523","388523","0"
"102724827","102724827","0"
"115004","115004","0"
"3698","3698","0"
"939","939","0"
"3162","3162","0"
"105371346","105371346","0"
"5349","5349","0"
"54854","54854","0"
"346562","346562","0"
"26330","26330","0"
"5973","5973","0"
"160298","160298","0"
"165","165","0"
"3490","3490","0"
"51296","51296","0"
"6424","6424","0"
"4059","4059","0"
"101928687","101928687","0"
"3725","3725","0"
"2570","2570","0"
"643680","643680","0"
"7069","7069","0"
"206338","206338","0"
"715","715","0"
"7431","7431","0"
"150946","150946","0"
"126820","126820","0"
"85450","85450","0"
"388759","388759","0"
"27350","27350","0"
"124602","124602","0"
"149095","149095","0"
"200316","200316","0"
"3071","3071","0"
"51384","51384","0"
"285025","285025","0"
"2535","2535","0"
"7041","7041","0"
"163589","163589","0"
"10886","10886","0"
"64850","64850","0"
"2261","2261","0"
"171586","171586","0"
"54440","54440","0"
"221391","221391","0"
"128025","128025","0"
"7169","7169","0"
"6693","6693","0"
"23657","23657","0"
"6850","6850","0"
"7122","7122","0"
"117531","117531","0"
"81466","81466","0"
"8832","8832","0"
"2674","2674","0"
"116441","116441","0"
"200232","200232","0"
"23500","23500","0"
"6510","6510","0"
"285668","285668","0"
"1436","1436","0"
"8048","8048","0"
"164284","164284","0"
"375607","375607","0"
"2872","2872","0"
"5549","5549","0"
"4616","4616","0"
"174","174","0"
"23430","23430","0"
"259266","259266","0"
"6340","6340","0"
"157777","157777","0"
"7803","7803","0"
"401827","401827","0"
"146225","146225","0"
"10930","10930","0"
"9429","9429","0"
"101927096","101927096","0"
"246312","246312","0"
"5971","5971","0"
"57105","57105","0"
"654463","654463","0"
"392465","392465","0"
"4914","4914","0"
"254528","254528","0"
"285429","285429","0"
"6932","6932","0"
"107983993","107983993","0"
"392307","392307","0"
"2034","2034","0"
"8407","8407","0"
"5671","5671","0"
"2153","2153","0"
"284217","284217","0"
"100128327","100128327","0"
"116211","116211","0"
"1576","1576","0"
"983","983","0"
"23166","23166","0"
"9021","9021","0"
"64231","64231","0"
"947","947","0"
"6556","6556","0"
"55971","55971","0"
"2212","2212","0"
"79977","79977","0"
"399","399","0"
"55801","55801","0"
"999","999","0"
"81704","81704","0"
"9071","9071","0"
"196883","196883","0"
"100129385","100129385","0"
"197259","197259","0"
"51156","51156","0"
"63895","63895","0"
"401207","401207","0"
"64900","64900","0"
"6886","6886","0"
"2840","2840","0"
"2041","2041","0"
"442721","442721","0"
"4438","4438","0"
"10721","10721","0"
"3055","3055","0"
"64127","64127","0"
"8793","8793","0"
"643401","643401","0"
"5788","5788","0"
"8477","8477","0"
"392636","392636","0"
"5972","5972","0"
"6819","6819","0"
"79856","79856","0"
"10911","10911","0"
"216","216","0"
"279","279","0"
"8747","8747","0"
"137735","137735","0"
"2713","2713","0"
"151636","151636","0"
"4066","4066","0"
"503637","503637","0"
"7538","7538","0"
"4776","4776","0"
"347853","347853","0"
"64129","64129","0"
"131873","131873","0"
"110806290","110806290","0"
"80177","80177","0"
"284486","284486","0"
"420","420","0"
"138724","138724","0"
"11197","11197","0"
"1557","1557","0"
"7545","7545","0"
"728310","728310","0"
"253738","253738","0"
"22918","22918","0"
"151790","151790","0"
"115361","115361","0"
"158401","158401","0"
"497190","497190","0"
"2843","2843","0"
"6258","6258","0"
"2267","2267","0"
"768","768","0"
"115677","115677","0"
"2147","2147","0"
"10410","10410","0"
"64926","64926","0"
"386618","386618","0"
"1003","1003","0"
"389816","389816","0"
"5858","5858","0"
"9180","9180","0"
"3952","3952","0"
"4225","4225","0"
"256364","256364","0"
"8942","8942","0"
"54518","54518","0"
"25840","25840","0"
"63951","63951","0"
"8639","8639","0"
"2122","2122","0"
"3164","3164","0"
"7133","7133","0"
"9247","9247","0"
"4689","4689","0"
"84689","84689","0"
"5678","5678","0"
"285848","285848","0"
"54221","54221","0"
"79983","79983","0"
"102288414","102288414","0"
"229","229","0"
"10644","10644","0"
"54106","54106","0"
"834","834","0"
"104472716","104472716","0"
"81035","81035","0"
"79170","79170","0"
"3082","3082","0"
"7012","7012","0"
"5028","5028","0"
"11314","11314","0"
"30817","30817","0"
"7071","7071","0"
"54821","54821","0"
"1515","1515","0"
"646","646","0"
"84660","84660","0"
"4323","4323","0"
"6506","6506","0"
"79782","79782","0"
"92922","92922","0"
"5055","5055","0"
"26664","26664","0"
"27180","27180","0"
"53630","53630","0"
"6539","6539","0"
"256957","256957","0"
"388743","388743","0"
"54478","54478","0"
"128272","128272","0"
"26973","26973","0"
"6282","6282","0"
"151648","151648","0"
"3248","3248","0"
"57491","57491","0"
"284119","284119","0"
"255877","255877","0"
"27181","27181","0"
"3384","3384","0"
"11326","11326","0"
"80008","80008","0"
"9245","9245","0"
"6588","6588","0"
"100127983","100127983","0"
"2214","2214","0"
"5023","5023","0"
"345611","345611","0"
"8209","8209","0"
"26136","26136","0"
"100033411","100033411","0"
"64174","64174","0"
"3903","3903","0"
"84070","84070","0"
"8463","8463","0"
"100874284","100874284","0"
"8794","8794","0"
"627","627","0"
"111064647","111064647","0"
"104564224","104564224","0"
"27071","27071","0"
"101929222","101929222","0"
"137196","137196","0"
"116496","116496","0"
"2294","2294","0"
"79094","79094","0"
"3309","3309","0"
"1288","1288","0"
"55138","55138","0"
"3766","3766","0"
"57477","57477","0"
"105372587","105372587","0"
"80303","80303","0"
"249","249","0"
"4995","4995","0"
"8797","8797","0"
"6799","6799","0"
"1811","1811","0"
"9970","9970","0"
"80162","80162","0"
"28755","28755","0"
"4071","4071","0"
"8515","8515","0"
"140","140","0"
"120935","120935","0"
"64699","64699","0"
"128646","128646","0"
"728361","728361","0"
"66037","66037","0"
"102723451","102723451","0"
"81788","81788","0"
"9173","9173","0"
"441509","441509","0"
"2524","2524","0"
"5995","5995","0"
"942","942","0"
"94","94","0"
"57817","57817","0"
"4588","4588","0"
"266747","266747","0"
"360","360","0"
"402573","402573","0"
"203328","203328","0"
"1579","1579","0"
"4327","4327","0"
"6697","6697","0"
"53919","53919","0"
"89884","89884","0"
"1015","1015","0"
"5745","5745","0"
"54538","54538","0"
"9635","9635","0"
"1278","1278","0"
"923","923","0"
"56918","56918","0"
"8392","8392","0"
"9808","9808","0"
"4838","4838","0"
"112543478","112543478","0"
"90865","90865","0"
"286530","286530","0"
"1026","1026","0"
"150572","150572","0"
"643","643","0"
"978","978","0"
"79258","79258","0"
"56829","56829","0"
"144453","144453","0"
"1413","1413","0"
"9407","9407","0"
"7022","7022","0"
"840","840","0"
"944","944","0"
"146802","146802","0"
"59352","59352","0"
"1240","1240","0"
"7547","7547","0"
"341208","341208","0"
"6662","6662","0"
"5673","5673","0"
"160777","160777","0"
"1901","1901","0"
"29895","29895","0"
"23566","23566","0"
"54625","54625","0"
"93107","93107","0"
"3042","3042","0"
"55289","55289","0"
"54739","54739","0"
"122876","122876","0"
"9227","9227","0"
"4036","4036","0"
"113189","113189","0"
"9075","9075","0"
"58475","58475","0"
"8857","8857","0"
"84734","84734","0"
"105369192","105369192","0"
"128674","128674","0"
"9232","9232","0"
"838","838","0"
"933","933","0"
"136991","136991","0"
"27035","27035","0"
"84057","84057","0"
"660","660","0"
"246744","246744","0"
"29909","29909","0"
"388611","388611","0"
"79645","79645","0"
"1378","1378","0"
"101060684","101060684","0"
"353299","353299","0"
"6001","6001","0"
"51338","51338","0"
"100506797","100506797","0"
"8436","8436","0"
"83872","83872","0"
"642489","642489","0"
"3665","3665","0"
"4885","4885","0"
"58","58","0"
"100129669","100129669","0"
"1847","1847","0"
"148398","148398","0"
"4064","4064","0"
"79974","79974","0"
"58160","58160","0"
"7173","7173","0"
"340895","340895","0"
"960","960","0"
"56999","56999","0"
"51284","51284","0"
"4582","4582","0"
"133690","133690","0"
"7201","7201","0"
"653361","653361","0"
"29923","29923","0"
"387718","387718","0"
"5675","5675","0"
"387715","387715","0"
"725","725","0"
"79949","79949","0"
"375519","375519","0"
"353324","353324","0"
"358","358","0"
"59082","59082","0"
"5555","5555","0"
"100506736","100506736","0"
"285194","285194","0"
"4222","4222","0"
"8756","8756","0"
"219972","219972","0"
"58472","58472","0"
"27136","27136","0"
"94137","94137","0"
"6005","6005","0"
"6913","6913","0"
"10351","10351","0"
"29760","29760","0"
"728264","728264","0"
"6525","6525","0"
"54852","54852","0"
"2327","2327","0"
"54734","54734","0"
"5676","5676","0"
"2697","2697","0"
"10437","10437","0"
"51302","51302","0"
"1438","1438","0"
"90273","90273","0"
"341277","341277","0"
"159989","159989","0"
"89857","89857","0"
"10365","10365","0"
"138255","138255","0"
"9626","9626","0"
"27329","27329","0"
"285423","285423","0"
"81543","81543","0"
"79844","79844","0"
"100126791","100126791","0"
"440556","440556","0"
"80830","80830","0"
"79998","79998","0"
"9096","9096","0"
"864","864","0"
"6279","6279","0"
"713","713","0"
"219537","219537","0"
"2706","2706","0"
"2811","2811","0"
"643834","643834","0"
"5336","5336","0"
"389320","389320","0"
"401124","401124","0"
"646892","646892","0"
"9705","9705","0"
"10859","10859","0"
"6385","6385","0"
"653333","653333","0"
"341152","341152","0"
"125","125","0"
"12","12","0"
"4585","4585","0"
"100506311","100506311","0"
"6404","6404","0"
"27306","27306","0"
"64078","64078","0"
"952","952","0"
"165631","165631","0"
"10628","10628","0"
"2634","2634","0"
"2305","2305","0"
"127795","127795","0"
"100287045","100287045","0"
"147700","147700","0"
"1959","1959","0"
"6781","6781","0"
"6579","6579","0"
"51285","51285","0"
"3351","3351","0"
"84985","84985","0"
"103752588","103752588","0"
"1601","1601","0"
"127064","127064","0"
"143662","143662","0"
"1969","1969","0"
"84624","84624","0"
"100506049","100506049","0"
"225689","225689","0"
"6563","6563","0"
"11045","11045","0"
"55273","55273","0"
"3283","3283","0"
"284111","284111","0"
"2209","2209","0"
"146378","146378","0"
"285242","285242","0"
"2791","2791","0"
"7498","7498","0"
"597","597","0"
"93432","93432","0"
"2564","2564","0"
"29842","29842","0"
"5729","5729","0"
"4791","4791","0"
"1356","1356","0"
"392517","392517","0"
"5265","5265","0"
"148738","148738","0"
"388419","388419","0"
"115761","115761","0"
"10642","10642","0"
"151295","151295","0"
"684","684","0"
"389208","389208","0"
"255349","255349","0"
"341640","341640","0"
"6527","6527","0"
"245972","245972","0"
"2202","2202","0"
"5366","5366","0"
"164668","164668","0"
"1439","1439","0"
"387755","387755","0"
"219285","219285","0"
"284433","284433","0"
"712","712","0"
"55283","55283","0"
"53841","53841","0"
"6649","6649","0"
"154664","154664","0"
"54345","54345","0"
"5166","5166","0"
"57822","57822","0"
"388630","388630","0"
"167681","167681","0"
"105376064","105376064","0"
"9630","9630","0"
"2669","2669","0"
"1548","1548","0"
"114132","114132","0"
"254879","254879","0"
"56155","56155","0"
"503497","503497","0"
"392509","392509","0"
"1158","1158","0"
"105369971","105369971","0"
"4908","4908","0"
"117283","117283","0"
"2015","2015","0"
"60529","60529","0"
"387700","387700","0"
"8013","8013","0"
"2798","2798","0"
"10761","10761","0"
"5583","5583","0"
"6275","6275","0"
"50615","50615","0"
"5672","5672","0"
"27036","27036","0"
"9456","9456","0"
"349633","349633","0"
"58524","58524","0"
"25802","25802","0"
"119548","119548","0"
"80201","80201","0"
"197135","197135","0"
"84647","84647","0"
"5669","5669","0"
"10002","10002","0"
"10083","10083","0"
"7932","7932","0"
"124857","124857","0"
"132203","132203","0"
"54967","54967","0"
"714","714","0"
"165186","165186","0"
"64005","64005","0"
"7274","7274","0"
"79689","79689","0"
"2207","2207","0"
"4277","4277","0"
"3399","3399","0"
"23538","23538","0"
"10266","10266","0"
"115572","115572","0"
"10538","10538","0"
"22915","22915","0"
"921","921","0"
"105378220","105378220","0"
"23237","23237","0"
"389458","389458","0"
"1265","1265","0"
"6401","6401","0"
"200159","200159","0"
"1490","1490","0"
"2623","2623","0"
"3315","3315","0"
"63036","63036","0"
"3339","3339","0"
"81501","81501","0"
"2949","2949","0"
"246721","246721","0"
"3426","3426","0"
"9314","9314","0"
"118932","118932","0"
"142685","142685","0"
"54443","54443","0"
"221756","221756","0"
"2735","2735","0"
"1551","1551","0"
"153478","153478","0"
"729264","729264","0"
"3280","3280","0"
"7852","7852","0"
"107987155","107987155","0"
"9674","9674","0"
"51129","51129","0"
"9976","9976","0"
"51316","51316","0"
"5552","5552","0"
"9595","9595","0"
"2012","2012","0"
"6514","6514","0"
"6039","6039","0"
"7401","7401","0"
"161931","161931","0"
"6007","6007","0"
"653","653","0"
"92747","92747","0"
"374872","374872","0"
"4828","4828","0"
"158763","158763","0"
"1832","1832","0"
"10170","10170","0"
"401498","401498","0"
"9235","9235","0"
"25806","25806","0"
"7056","7056","0"
"1277","1277","0"
"140766","140766","0"
"23643","23643","0"
"387496","387496","0"
"1230","1230","0"
"27284","27284","0"
"3383","3383","0"
"284266","284266","0"
"1961","1961","0"
"55911","55911","0"
"1146","1146","0"
"6691","6691","0"
"3554","3554","0"
"102723849","102723849","0"
"8789","8789","0"
"387836","387836","0"
"11251","11251","0"
"113523638","113523638","0"
"9531","9531","0"
"253935","253935","0"
"28772","28772","0"
"55195","55195","0"
"3231","3231","0"
"80832","80832","0"
"10288","10288","0"
"53831","53831","0"
"3110","3110","0"
"563","563","0"
"256076","256076","0"
"3127","3127","0"
"152405","152405","0"
"401067","401067","0"
"64151","64151","0"
"344807","344807","0"
"10398","10398","0"
"6496","6496","0"
"8875","8875","0"
"81930","81930","0"
"1116","1116","0"
"4148","4148","0"
"2810","2810","0"
"4360","4360","0"
"414768","414768","0"
"146850","146850","0"
"3822","3822","0"
"3834","3834","0"
"5173","5173","0"
"2638","2638","0"
"122042","122042","0"
"57127","57127","0"
"1823","1823","0"
"9560","9560","0"
"6398","6398","0"
"100506084","100506084","0"
"100526771","100526771","0"
"127247","127247","0"
"387129","387129","0"
"6347","6347","0"
"730","730","0"
"160365","160365","0"
"78989","78989","0"
"55821","55821","0"
"3948","3948","0"
"2633","2633","0"
"29995","29995","0"
"102723471","102723471","0"
"9457","9457","0"
"255308","255308","0"
"6561","6561","0"
"9928","9928","0"
"2028","2028","0"
"390059","390059","0"
"728597","728597","0"
"388698","388698","0"
"10216","10216","0"
"51330","51330","0"
"3553","3553","0"
"79412","79412","0"
"26659","26659","0"
"2938","2938","0"
"5732","5732","0"
"56920","56920","0"
"187","187","0"
"2920","2920","0"
"221150","221150","0"
"1117","1117","0"
"1748","1748","0"
"8676","8676","0"
"7850","7850","0"
"2919","2919","0"
"7412","7412","0"
"1410","1410","0"
"133","133","0"
"105379438","105379438","0"
"390038","390038","0"
"4804","4804","0"
"22798","22798","0"
