TF_NAME,Pscan_TERM,MATRIX_ID,Z_SCORE,P_VALUE,SAMPLE_AVERAGE,BACKGROUND_AVERAGE,SAMPLE_DEVSTD,SAMPLE_SIZE,In_original_list,FDR
KLF15,KLF15,MA1513.1,25.0307,1.80097e-151,0.89756,0.860109,0.0850569,4871.0,True,1.4299701800000001e-148
NRF1,NRF1,MA0506.1,24.0916,1.5817499999999998e-143,0.870028,0.844252,0.0673851,4871.0,True,6.2795475e-141
ZBTB14,ZBTB14,MA1650.1,23.2888,4.6886e-132,0.846191,0.820331,0.064706,4871.0,True,1.2409161333333334e-129
TCFL5,TCFL5,MA0632.2,21.9049,1.36319e-118,0.857733,0.835763,0.0621065,4871.0,False,2.34242704e-116
HINFP,HINFP,MA0131.2,22.0073,1.47508e-118,0.838057,0.819262,0.0505992,4871.0,False,2.34242704e-116
SP9,SP9,MA1564.1,21.8489,2.17412e-116,0.886762,0.865208,0.0571954,4871.0,False,2.877085466666667e-114
SP3,SP3,MA0746.2,20.5903,2.50579e-104,0.872949,0.852593,0.0592982,4871.0,False,2.8422818e-102
TFDP1,TFDP1,MA1122.1,20.5733,9.76929e-104,0.870112,0.849665,0.0584352,4871.0,False,9.696020325e-102
KLF14,KLF14,MA0740.1,20.3066,4.72587e-102,0.836125,0.818128,0.0544385,4871.0,False,4.1692675333333337e-100
SP4,SP4,MA0685.1,20.0797,7.460809999999999e-101,0.810765,0.791926,0.0602266,4871.0,False,5.923883139999999e-99
EGR1,EGR1,MA0162.4,20.0949,5.806e-99,0.833656,0.812172,0.0625126,4871.0,True,4.1908763636363634e-97
SP1,SP1,MA0079.4,19.8089,3.95195e-98,0.831785,0.812589,0.0619927,4871.0,True,2.614873583333333e-96
EGR3,EGR3,MA0732.1,19.7594,3.0961800000000002e-96,0.799356,0.780667,0.0566776,4871.0,True,1.8910514769230772e-94
HES1,HES1,MA1099.2,19.6452,6.34641e-96,0.871947,0.85239,0.0619227,4871.0,False,3.5993211e-94
KLF16,KLF16,MA0741.1,19.5886,1.76067e-94,0.890438,0.870747,0.059816,4871.0,True,9.319813199999998e-93
SP2,SP2,MA0516.2,19.3878,1.83806e-93,0.805395,0.78945,0.0511027,4871.0,False,9.12137275e-92
ZBTB33,ZBTB33,MA0527.1,19.22,1.15222e-92,0.788542,0.772676,0.0531698,4871.0,False,5.381545176470587e-91
KLF11,KLF11,MA1512.1,19.1478,2.95098e-90,0.882918,0.865068,0.055115,4871.0,False,1.3017100666666666e-88
KLF5,KLF5,MA0599.1,18.6999,5.53827e-86,0.944795,0.92756,0.0538465,4871.0,True,2.314413884210526e-84
EGR2,EGR2,MA0472.2,18.4852,1.00021e-84,0.823457,0.808129,0.0503263,4871.0,True,3.9708336999999996e-83
CTCFL,CTCFL,MA1102.2,18.3565,1.21034e-83,0.858252,0.839568,0.0619892,4871.0,False,4.576237904761905e-82
ZNF148,ZNF148,MA1653.1,18.0825,3.15639e-80,0.871888,0.850645,0.0672453,4871.0,False,1.1391698454545455e-78
ZBTB7A,ZBTB7A,MA0750.2,17.7014,4.58709e-79,0.845558,0.829929,0.057252,4871.0,False,1.5835432434782607e-77
KLF2,KLF2,MA1515.1,17.8098,7.43598e-78,0.910887,0.894352,0.0530111,4871.0,False,2.46007005e-76
SP8,SP8,MA0747.1,17.5842,7.98822e-77,0.88433,0.870403,0.047916,4871.0,False,2.537058672e-75
KLF3,KLF3,MA1516.1,17.4781,6.49789e-76,0.862269,0.846119,0.0558568,4871.0,False,1.984355638461539e-74
E2F6,E2F6,MA0471.2,17.2737,4.37194e-74,0.867244,0.852237,0.0521364,4871.0,False,1.2856742074074074e-72
YY2,YY2,MA0748.2,17.1265,5.5923e-74,0.83813,0.821895,0.0608837,4871.0,False,1.5858165000000002e-72
HES2,HES2,MA0616.2,16.957,5.33483e-72,0.823814,0.807232,0.0607232,4871.0,False,1.4606396620689656e-70
ZIC5,ZIC5,MA1584.1,17.0227,6.000960000000001e-72,0.786767,0.774101,0.044464,4871.0,False,1.58825408e-70
ELK1,ELK1,MA0028.2,16.4432,6.584710000000001e-70,0.820539,0.805366,0.064488,4871.0,True,1.6865354000000002e-68
EGR4,EGR4,MA0733.1,16.6293,1.08474e-68,0.792835,0.780201,0.0451776,4871.0,True,2.6915111249999998e-67
Gmeb1,Gmeb1,MA0615.1,16.3651,4.1438900000000005e-67,0.82807,0.817285,0.0406488,4871.0,False,9.970450484848488e-66
KLF6,KLF6,MA1517.1,16.4095,1.01214e-66,0.894573,0.880258,0.051011,4871.0,False,2.363644588235294e-65
ELK4,ELK4,MA0076.2,15.6133,1.07494e-62,0.866046,0.852902,0.0570388,4871.0,False,2.4385781714285717e-61
ZIC3,ZIC3,MA0697.1,15.7002,9.50097e-62,0.79746,0.786209,0.0435785,4871.0,False,2.0954917166666668e-60
ELK3,ELK3,MA0759.1,15.1097,2.15123e-59,0.84031,0.827514,0.0592925,4871.0,True,4.616423297297297e-58
TFAP2E,TFAP2E,MA1569.1,15.397,5.50879e-59,0.890975,0.876258,0.055836,4871.0,False,1.1510471736842105e-57
KLF10,KLF10,MA1511.1,15.3218,1.1922899999999999e-58,0.874237,0.861439,0.0497231,4871.0,True,2.427380153846154e-57
KLF4,KLF4,MA0039.4,15.2291,1.10077e-57,0.895385,0.879556,0.0603508,4871.0,False,2.18502845e-56
ARNT,ARNT::HIF1A,MA0259.1,15.085,2.2152299999999998e-57,0.904319,0.890666,0.0560006,4871.0,False,4.187839571428571e-56
HIF1A,ARNT::HIF1A,MA0259.1,15.085,2.2152299999999998e-57,0.904319,0.890666,0.0560006,4871.0,False,4.187839571428571e-56
TFAP2A,TFAP2A,MA0810.1,15.1967,2.4138099999999998e-57,0.884869,0.873406,0.0433766,4871.0,False,4.457128232558139e-56
ETV5,ETV5,MA0765.2,14.8671,5.44696e-57,0.865587,0.853063,0.056879,4871.0,True,9.829286909090908e-56
MAZ,MAZ,MA1522.1,15.0691,1.3813600000000001e-56,0.895189,0.877914,0.0669509,4871.0,False,2.4373329777777783e-55
TFAP2C,TFAP2C,MA0815.1,14.9258,8.8101e-56,0.82308,0.809526,0.0541383,4871.0,False,1.5206998695652174e-54
E2F1,E2F1,MA0024.3,14.7825,2.36719e-55,0.780223,0.7698,0.0442211,4871.0,True,3.999040127659575e-54
ZFP57,ZFP57,MA1583.1,14.6263,3.61029e-54,0.834492,0.822293,0.0520349,4871.0,False,5.972021375e-53
TFAP2A,TFAP2A,MA0872.1,14.5646,3.1228100000000004e-53,0.817848,0.804318,0.055468,4871.0,False,5.060226816326531e-52
ZIC4,ZIC4,MA0751.1,14.2767,2.4815099999999997e-51,0.815988,0.806296,0.0409313,4871.0,False,3.9406378799999995e-50
ZNF740,ZNF740,MA0753.2,14.2995,4.4469699999999994e-51,0.817589,0.803708,0.0562033,4871.0,False,6.923321921568627e-50
ETS2,ETS2,MA1484.1,13.9856,5.47307e-51,0.859526,0.848397,0.0549583,4871.0,True,8.356956884615385e-50
GLIS2,GLIS2,MA0736.1,14.1589,1.19059e-50,0.797985,0.7882,0.0421745,4871.0,False,1.783638603773585e-49
HEY1,HEY1,MA0823.1,14.0525,3.30678e-50,0.818985,0.805772,0.0588858,4871.0,True,4.862191333333333e-49
TFAP2B,TFAP2B,MA0813.1,14.1081,4.01084e-50,0.828378,0.816155,0.0519714,4871.0,False,5.790194472727272e-49
ZIC1,ZIC1,MA0696.1,14.0546,7.21892e-50,0.784537,0.774242,0.0444089,4871.0,False,1.0235397285714284e-48
Wt1,Wt1,MA1627.1,13.6424,6.22487e-47,0.841569,0.828844,0.0555335,4871.0,False,8.671134701754385e-46
FEV,FEV,MA0156.2,13.2403,4.29643e-46,0.851298,0.840666,0.0562265,4871.0,False,5.881664517241379e-45
FLI1,FLI1,MA0475.2,13.2177,6.17478e-46,0.840134,0.82927,0.0575234,4871.0,False,8.309788677966102e-45
Zfx,Zfx,MA0146.2,13.4266,1.41069e-45,0.868403,0.855406,0.0579675,4871.0,False,1.8668130999999997e-44
E2F2,E2F2,MA0864.2,13.1732,1.8707100000000002e-44,0.76431,0.755513,0.0421757,4871.0,False,2.434989737704918e-43
TFAP2B,TFAP2B,MA0811.1,13.1773,9.538820000000001e-44,0.867129,0.857551,0.0423844,4871.0,False,1.2215843677419356e-42
Klf12,Klf12,MA0742.1,12.9963,2.24095e-43,0.819668,0.809666,0.0488617,4871.0,True,2.8243084126984127e-42
ETV6,ETV6,MA0645.1,12.7676,1.4259e-42,0.861809,0.851358,0.0552493,4871.0,True,1.7690071875e-41
ELF2,ELF2,MA1483.1,12.5972,5.6571399999999995e-42,0.800172,0.790052,0.0565039,4871.0,False,6.910414092307692e-41
TFAP2C,TFAP2C,MA0524.2,12.6868,9.73023e-41,0.862837,0.853662,0.0423779,4871.0,False,1.1705761545454546e-39
ZNF263,ZNF263,MA0528.2,12.535,2.9151600000000003e-40,0.86861,0.856546,0.0595485,4871.0,False,3.454682149253732e-39
SOHLH2,SOHLH2,MA1560.1,12.3116,1.6570399999999997e-39,0.813501,0.802357,0.0597801,4871.0,True,1.9348378823529406e-38
Ahr,Ahr::Arnt,MA0006.1,12.2003,9.70171e-39,0.92537,0.913397,0.064188,4871.0,False,1.1004511057142857e-37
Arnt,Ahr::Arnt,MA0006.1,12.2003,9.70171e-39,0.92537,0.913397,0.064188,4871.0,False,1.1004511057142857e-37
ERG,ERG,MA0474.2,12.0922,1.0405999999999999e-38,0.857969,0.84857,0.0540522,4871.0,False,1.1637132394366196e-37
HIF1A,HIF1A,MA1106.1,12.2344,1.10717e-38,0.844914,0.833935,0.0570454,4871.0,False,1.2209624722222224e-37
ETS1,ETS1,MA0098.3,12.0169,3.19161e-38,0.855768,0.846278,0.0547523,4871.0,True,3.471422383561643e-37
ERF,ERF,MA0760.1,11.9829,4.57731e-38,0.840519,0.83128,0.0536939,4871.0,True,4.911329918918918e-37
TFAP2C,TFAP2C,MA0814.2,12.193,7.37016e-38,0.836082,0.825276,0.0524669,4871.0,False,7.80254272e-37
KLF13,KLF13,MA0657.1,12.0198,9.12805e-38,0.747316,0.739248,0.0443973,4871.0,False,9.536410131578947e-37
TFAP2B,TFAP2B,MA0812.1,12.1123,1.7569599999999998e-37,0.863444,0.853532,0.0490759,4871.0,False,1.8117223896103894e-36
ELF4,ELF4,MA0641.1,11.8369,3.2966e-37,0.789592,0.779983,0.0566209,4871.0,False,3.355769743589743e-36
E2F4,E2F4,MA0470.2,11.7338,7.7963e-36,0.755334,0.747338,0.0437985,4871.0,False,7.83577493670886e-35
PAX5,PAX5,MA0014.3,11.6541,2.7890799999999997e-35,0.82192,0.813171,0.0476913,4871.0,False,2.7681618999999996e-34
ZNF682,ZNF682,MA1599.1,11.5515,2.40477e-34,0.776048,0.766683,0.0491305,4871.0,False,2.3572683703703703e-33
VEZF1,VEZF1,MA1578.1,11.5589,3.52766e-34,0.878046,0.867548,0.0533788,4871.0,False,3.415807365853659e-33
PLAG1,PLAG1,MA0163.1,11.5288,3.62102e-34,0.809292,0.800424,0.0462699,4871.0,False,3.463963710843374e-33
NHLH2,NHLH2,MA1529.1,11.2725,4.02143e-33,0.744568,0.736319,0.0463966,4871.0,False,3.8012088333333337e-32
ETV3,ETV3,MA0763.1,11.0788,5.0991e-33,0.844079,0.835857,0.0527305,4871.0,False,4.7631592941176475e-32
CTCF,CTCF,MA0139.1,11.2146,7.30111e-33,0.786842,0.779428,0.0422483,4871.0,False,6.740792255813953e-32
PLAGL2,PLAGL2,MA1548.1,11.2667,1.2892e-32,0.858157,0.846444,0.0615329,4871.0,False,1.1765802298850573e-31
KLF9,KLF9,MA1107.2,11.1797,3.27945e-32,0.804598,0.794726,0.0528111,4871.0,True,2.9589582954545455e-31
HEY2,HEY2,MA0649.1,11.0435,8.394880000000001e-32,0.823933,0.814695,0.0525319,4871.0,False,7.489364853932585e-31
CENPB,CENPB,MA0637.1,10.8702,4.7024299999999995e-31,0.788833,0.78272,0.0362322,4871.0,True,4.1485882444444444e-30
GLIS1,GLIS1,MA0735.1,10.8829,7.15137e-31,0.708918,0.701599,0.0418023,4871.0,True,6.239766791208791e-30
CREB3L4,CREB3L4,MA1474.1,10.721,2.3198700000000002e-30,0.802684,0.795119,0.0460956,4871.0,False,2.0021486739130437e-29
HES7,HES7,MA0822.1,10.661,8.8528e-30,0.739244,0.730391,0.0522056,4871.0,False,7.558196989247312e-29
SPDEF,SPDEF,MA0686.1,10.1926,5.96476e-28,0.809114,0.801715,0.0496417,4871.0,False,5.0383185531914894e-27
KLF17,KLF17,MA1514.1,10.2825,1.15457e-27,0.790413,0.782544,0.0467083,4871.0,False,9.649774526315788e-27
Klf1,Klf1,MA0493.1,10.0466,2.02214e-26,0.873405,0.865753,0.0458204,4871.0,False,1.6724782916666667e-25
ZNF460,ZNF460,MA1596.1,9.75649,7.35437e-25,0.788469,0.777914,0.062837,4871.0,False,6.019968845360825e-24
Arnt,Arnt,MA0004.1,9.54169,1.1409400000000001e-24,0.871044,0.86117,0.0700474,4871.0,False,9.243942448979592e-24
ZBTB7B,ZBTB7B,MA0694.1,9.57641,2.25156e-24,0.803138,0.796231,0.04509,4871.0,False,1.805796606060606e-23
HES5,HES5,MA0821.1,9.34296,2.4844200000000002e-23,0.75574,0.748255,0.0504696,4871.0,False,1.97262948e-22
Plagl1,Plagl1,MA1615.1,9.34215,4.4339300000000003e-23,0.834504,0.825969,0.0546465,4871.0,False,3.485683584158416e-22
MYCN,MYCN,MA0104.4,8.95394,1.0253699999999999e-21,0.796037,0.788166,0.0569094,4871.0,False,7.981801764705882e-21
Znf281,Znf281,MA1630.1,9.01363,1.10054e-21,0.828289,0.819408,0.0598863,4871.0,True,8.483774368932038e-21
ARNT2,ARNT2,MA1464.1,8.83963,1.93515e-21,0.812297,0.803892,0.064321,4871.0,False,1.4774125961538463e-20
MYC,MYC,MA0147.3,8.80841,4.30059e-21,0.815466,0.807524,0.0585665,4871.0,False,3.2520652e-20
BHLHE40,BHLHE40,MA0464.2,8.68376,1.0201599999999999e-20,0.81778,0.809721,0.0623229,4871.0,True,7.641575849056604e-20
ZBTB7C,ZBTB7C,MA0695.1,8.69041,1.76139e-20,0.828024,0.822194,0.042637,4871.0,False,1.3070501495327101e-19
INSM1,INSM1,MA0155.1,8.67194,2.1657599999999998e-20,0.86254,0.857047,0.0401611,4871.0,True,1.5922346666666663e-19
Atf1,Atf1,MA0604.1,7.80295,3.11962e-17,0.846008,0.839285,0.0598187,4871.0,True,2.272457137614679e-16
TCF12,TCF12,MA1648.1,7.88103,4.76403e-17,0.878197,0.871576,0.0515389,4871.0,True,3.4387634727272725e-16
ETV2,ETV2,MA0762.1,7.5899,2.07139e-16,0.810904,0.805106,0.0531249,4871.0,False,1.481696990990991e-15
NHLH1,NHLH1,MA0048.2,7.19857,1.14457e-14,0.834868,0.828809,0.0541323,4871.0,False,8.11418375e-14
Arntl,Arntl,MA0603.1,7.08488,1.76975e-14,0.823903,0.817467,0.0622629,4871.0,False,1.2435234513274337e-13
TCF3,TCF3,MA0522.3,7.15992,2.12504e-14,0.877684,0.871721,0.0512739,4871.0,False,1.4800717192982457e-13
Creb3l2,Creb3l2,MA0608.1,6.8898,1.02868e-13,0.836828,0.831136,0.055356,4871.0,True,7.10236452173913e-13
CREB3L4,CREB3L4,MA1475.1,6.85307,1.10572e-13,0.785815,0.780213,0.0563602,4871.0,False,7.568462758620689e-13
Znf423,Znf423,MA0116.1,6.65745,8.69154e-13,0.830603,0.826226,0.04202,4871.0,True,5.898361333333333e-12
TCF4,TCF4,MA0830.2,6.56749,2.18468e-12,0.844321,0.838917,0.0504385,4871.0,False,1.4700304406779662e-11
TFAP2A,TFAP2A,MA0003.4,6.50084,3.78934e-12,0.8242,0.81862,0.0520488,4871.0,False,2.5125203666666665e-11
MTF1,MTF1,MA0863.1,6.45235,3.79726e-12,0.73284,0.728912,0.0393387,4871.0,False,2.5125203666666665e-11
ELF5,ELF5,MA0136.2,6.30731,7.68404e-12,0.868744,0.864397,0.0471849,4871.0,False,5.042254347107438e-11
NR2C2,NR2C2,MA0504.1,6.36786,7.89436e-12,0.827414,0.823751,0.0364693,4871.0,False,5.137804786885245e-11
ASCL1,ASCL1,MA1631.1,6.35837,9.76898e-12,0.845575,0.840361,0.0506105,4871.0,False,6.306154569105691e-11
NFKB2,NFKB2,MA0778.1,6.3098,1.2463e-11,0.761097,0.755761,0.0532646,4871.0,False,7.980340322580644e-11
GLIS3,GLIS3,MA0737.1,6.22682,2.36684e-11,0.746579,0.742723,0.0386485,4871.0,True,1.503416768e-10
ZNF449,ZNF449,MA1656.1,6.14639,4.22896e-11,0.805624,0.800995,0.0468936,4871.0,False,2.6649160634920633e-10
NFKB1,NFKB1,MA0105.4,6.12246,4.63984e-11,0.72716,0.722064,0.0525967,4871.0,True,2.9008133543307087e-10
FERD3L,FERD3L,MA1485.1,6.09605,4.92779e-11,0.774444,0.770135,0.0457442,4871.0,False,3.056769734375e-10
MZF1,MZF1,MA0057.1,6.05492,7.19347e-11,0.913519,0.909997,0.0369934,4871.0,False,4.427608666666667e-10
BHLHE41,BHLHE41,MA0636.1,5.68808,6.17631e-10,0.780524,0.775543,0.0595035,4871.0,True,3.772300107692308e-09
TFEC,TFEC,MA0871.2,5.67759,6.25631e-10,0.800641,0.79543,0.0630221,4871.0,False,3.791992473282443e-09
THAP11,THAP11,MA1573.1,5.44728,1.62114e-09,0.718614,0.713794,0.0669143,4871.0,True,9.751402727272729e-09
RFX7,RFX7,MA1554.1,5.4773,2.88133e-09,0.887584,0.884452,0.0375463,4871.0,True,1.7201323458646616e-08
Mlxip,Mlxip,MA0622.1,5.40152,4.12128e-09,0.829898,0.823892,0.0749758,4871.0,False,2.4420121791044776e-08
THAP1,THAP1,MA0597.1,5.40329,5.90976e-09,0.92414,0.921664,0.0283105,4871.0,True,3.4758144e-08
GCM1,GCM1,MA0646.1,5.26747,1.19274e-08,0.808099,0.804757,0.0405605,4871.0,False,6.963496764705882e-08
GCM2,GCM2,MA0767.1,5.23291,1.50697e-08,0.838597,0.835222,0.0409736,4871.0,False,8.73382613138686e-08
ZBTB6,ZBTB6,MA1581.1,5.2213,1.70347e-08,0.830166,0.826086,0.0489585,4871.0,True,9.801124492753623e-08
CREB3,CREB3,MA0638.1,5.15392,1.91382e-08,0.763932,0.760337,0.0469946,4871.0,True,1.0932180431654676e-07
ATF6,ATF6,MA1466.1,5.00386,5.27149e-08,0.739159,0.735722,0.0449144,4871.0,False,2.9896879e-07
NFYB,NFYB,MA0502.2,4.89498,7.79702e-08,0.807516,0.803189,0.0614246,4871.0,False,4.390662326241135e-07
MAX,MAX,MA0058.3,4.83975,1.22095e-07,0.828041,0.823549,0.0624246,4871.0,False,6.827002112676057e-07
Zic1,Zic1::Zic2,MA1628.1,4.88055,1.3794e-07,0.873543,0.869542,0.049648,4871.0,False,7.605858333333334e-07
Zic2,Zic1::Zic2,MA1628.1,4.88055,1.3794e-07,0.873543,0.869542,0.049648,4871.0,False,7.605858333333334e-07
GLI3,GLI3,MA1491.1,4.84125,1.67896e-07,0.785921,0.782675,0.0409201,4871.0,False,9.193753379310345e-07
GLI2,GLI2,MA0734.2,4.73658,2.94055e-07,0.767923,0.764694,0.0418545,4871.0,False,1.599175821917808e-06
CREB3L1,CREB3L1,MA0839.1,4.51857,7.87404e-07,0.740152,0.73715,0.0434388,4871.0,False,4.253052897959184e-06
ZSCAN29,ZSCAN29,MA1602.1,4.41739,1.30968e-06,0.787431,0.784442,0.0445866,4871.0,False,7.026256216216216e-06
ZKSCAN5,ZKSCAN5,MA1652.1,4.35668,1.84003e-06,0.824788,0.821351,0.0515142,4871.0,False,9.805260536912752e-06
GMEB2,GMEB2,MA0862.1,4.23817,2.97431e-06,0.816497,0.813104,0.0545142,4871.0,False,1.5744014266666665e-05
MNT,MNT,MA0825.1,4.20123,3.60167e-06,0.838772,0.83503,0.060534,4871.0,False,1.8938582649006625e-05
REST,REST,MA0138.2,4.09218,6.92842e-06,0.692699,0.690243,0.039076,4871.0,True,3.6191878157894735e-05
EWSR1-FLI1,EWSR1-FLI1,MA0149.1,4.06458,8.21035e-06,0.692129,0.688734,0.0535822,4871.0,False,4.2607960130718956e-05
ZNF135,ZNF135,MA1587.1,4.0284,1.08173e-05,0.78859,0.785202,0.0515326,4871.0,False,5.577231298701299e-05
OVOL2,OVOL2,MA1545.1,3.9593,1.27346e-05,0.789715,0.786856,0.0475173,4871.0,True,6.523401548387096e-05
EBF3,EBF3,MA1637.1,3.929,1.64468e-05,0.803015,0.799623,0.0540104,4871.0,True,8.370999487179487e-05
HES6,HES6,MA1493.1,3.85828,2.1528e-05,0.803867,0.801229,0.0438956,4871.0,False,0.00010887408917197453
NFIX,NFIX,MA1528.1,3.86748,2.2223e-05,0.759664,0.756761,0.0465316,4871.0,False,0.0001116776075949367
MYOG,MYOG,MA0500.2,3.72661,3.94912e-05,0.831349,0.827764,0.0613408,4871.0,False,0.00019720762767295598
RXRG,RXRG,MA1556.1,3.66079,5.07523e-05,0.762724,0.760278,0.0434316,4871.0,False,0.00025185828874999997
ZFP42,ZFP42,MA1651.1,3.52365,7.69276e-05,0.735832,0.732999,0.0567354,4871.0,False,0.0003793820770186336
RELA,RELA,MA0107.1,3.42483,0.000133294,0.828988,0.826197,0.0540224,4871.0,False,0.0006533051604938272
PAX1,PAX1,MA0779.1,3.36623,0.000181876,0.750231,0.74848,0.0331253,4871.0,False,0.0008859481226993866
BHLHE22,BHLHE22,MA1635.1,3.34602,0.000198814,0.862009,0.85853,0.0658841,4871.0,True,0.0009625507073170732
MAX,MAX::MYC,MA0059.1,3.28757,0.000235421,0.800115,0.797632,0.0497513,4871.0,False,0.001126049843373494
MYC,MAX::MYC,MA0059.1,3.28757,0.000235421,0.800115,0.797632,0.0497513,4871.0,False,0.001126049843373494
NFYA,NFYA,MA0060.3,3.19427,0.000310311,0.822018,0.818924,0.0672443,4871.0,False,0.0014753708622754491
RARA,RARA::RXRG,MA1149.1,3.20892,0.000330876,0.792604,0.790771,0.0369246,4871.0,False,0.0015545298461538462
RXRG,RARA::RXRG,MA1149.1,3.20892,0.000330876,0.792604,0.790771,0.0369246,4871.0,False,0.0015545298461538462
EBF1,EBF1,MA0154.4,3.05763,0.000614343,0.78452,0.782074,0.050136,4871.0,False,0.0028693431882352944
Ebf2,Ebf2,MA1604.1,2.92576,0.000988838,0.801935,0.799487,0.0525626,4871.0,False,0.004591446619883041
XBP1,XBP1,MA0844.1,2.88176,0.00106338,0.75607,0.754141,0.0448225,4871.0,True,0.004908858837209302
TFE3,TFE3,MA0831.2,2.82723,0.00126276,0.854742,0.852278,0.059271,4871.0,False,0.0057955574566473985
PAX9,PAX9,MA0781.1,2.78662,0.0015826,0.724131,0.722568,0.035722,4871.0,False,0.007221749425287356
RREB1,RREB1,MA0073.1,2.72447,0.00194997,0.797486,0.795519,0.0460751,4871.0,True,0.008847292457142858
ASCL1,ASCL1,MA1100.2,2.68892,0.00217147,0.876838,0.874797,0.0489199,4871.0,False,0.009796290795454545
SMAD5,SMAD5,MA1557.1,2.61621,0.00282085,0.783515,0.781728,0.0431254,4871.0,False,0.012653982485875707
MLX,MLX,MA0663.1,2.567,0.00304915,0.775431,0.77323,0.0583352,4871.0,True,0.013601264606741574
OSR1,OSR1,MA1542.1,2.54813,0.00348792,0.835533,0.833809,0.0429873,4871.0,False,0.015471555754189943
REL,REL,MA0101.1,2.33517,0.00641259,0.871312,0.869717,0.0456473,4871.0,False,0.028286647
NR1I2,NR1I2,MA1533.1,2.33045,0.00674968,0.78663,0.785427,0.033096,4871.0,False,0.029609093480662985
ZBED1,ZBED1,MA0749.1,2.19143,0.00960136,0.702206,0.700738,0.0456347,4871.0,True,0.04188725186813187
IRF6,IRF6,MA1509.1,2.08889,0.012871,0.793827,0.792275,0.0502965,4871.0,False,0.05584466666666667
E2F8,E2F8,MA0865.1,1.83983,0.0252466,0.733917,0.732586,0.0474351,4871.0,False,0.10894456739130434
Tcf12,Tcf12,MA0521.1,1.82478,0.0265883,0.865153,0.863658,0.0523492,4871.0,True,0.11379556774193549
YY1,YY1,MA0095.2,1.79422,0.0266574,0.79846,0.796807,0.0661476,4871.0,False,0.11379556774193549
THRB,THRB,MA1575.1,1.75044,0.0319926,0.740156,0.739063,0.0394722,4871.0,True,0.1358402374331551
RELB,RELB,MA1117.1,1.62321,0.0421679,0.825661,0.824403,0.0509336,4871.0,True,0.17809208829787235
ELF1,ELF1,MA0473.3,1.60899,0.0434404,0.808443,0.80716,0.0526998,4871.0,False,0.18249564867724868
RXRB,RXRB,MA1555.1,1.53493,0.0513554,0.764732,0.763751,0.0419622,4871.0,True,0.21461151368421053
ZEB1,ZEB1,MA0103.3,1.54091,0.0516602,0.875056,0.87369,0.0555971,4871.0,True,0.214754967539267
NFYC,NFYC,MA1644.1,1.44017,0.0613992,0.819134,0.817713,0.068535,4871.0,False,0.253911275
MAFA,MAFA,MA1521.1,1.43844,0.0639402,0.761338,0.760444,0.0393986,4871.0,False,0.2630493202072539
CREM,CREM,MA0609.2,1.29174,0.0834295,0.728198,0.727025,0.0625451,4871.0,False,0.341458881443299
Ascl2,Ascl2,MA0816.1,1.27816,0.0873489,0.838412,0.83739,0.05198,4871.0,False,0.35566680307692305
TFEB,TFEB,MA0692.1,1.24316,0.0921152,0.822745,0.821723,0.0558482,4871.0,True,0.37316055510204077
MLXIPL,MLXIPL,MA0664.1,1.20762,0.0982618,0.796365,0.795318,0.0594527,4871.0,True,0.39603994517766494
NFIC,NFIC,MA1527.1,1.21544,0.0993827,0.744247,0.743314,0.04818,4871.0,False,0.39853466565656565
Zic2,Zic2,MA1629.1,1.15783,0.110903,0.80577,0.804892,0.0467873,4871.0,False,0.4424973969849246
ZNF684,ZNF684,MA1600.1,0.727383,0.220009,0.727606,0.727197,0.0364774,4871.0,False,0.8734357300000001
ZNF341,ZNF341,MA1655.1,0.698424,0.229454,0.822628,0.822091,0.0495185,4871.0,False,0.9064003781094527
SREBF2,SREBF2,MA0828.1,0.511031,0.292567,0.781385,0.780952,0.0575883,4871.0,False,1.0
MYBL2,MYBL2,MA0777.1,0.498053,0.298016,0.712165,0.71184,0.0431591,4871.0,False,1.0
ZNF16,ZNF16,MA1654.1,0.489355,0.3017,0.700596,0.700343,0.0336285,4871.0,False,1.0
NFIB,NFIB,MA1643.1,0.392358,0.339317,0.712009,0.711735,0.0434621,4871.0,False,1.0
IRF5,IRF5,MA1420.1,0.332061,0.361746,0.746761,0.74655,0.0424338,4871.0,False,1.0
GABPA,GABPA,MA0062.3,0.308371,0.37129,0.806525,0.806282,0.0523797,4871.0,False,1.0
RUNX2,RUNX2,MA0511.2,0.259888,0.391278,0.830973,0.830783,0.0475514,4871.0,False,1.0
EHF,EHF,MA0598.3,0.224756,0.40526,0.803262,0.803084,0.0532814,4871.0,False,1.0
NR4A2,NR4A2::RXRA,MA1147.1,0.180541,0.423985,0.773638,0.773537,0.0365469,4871.0,False,1.0
RXRA,NR4A2::RXRA,MA1147.1,0.180541,0.423985,0.773638,0.773537,0.0365469,4871.0,False,1.0
MYOD1,MYOD1,MA0499.2,0.0646807,0.472659,0.8255,0.825451,0.0487121,4871.0,False,1.0
THRB,THRB,MA1574.1,0.0113913,0.495175,0.798614,0.798607,0.0370935,4871.0,True,1.0
Npas2,Npas2,MA0626.1,0.00475501,0.497975,0.840526,0.840522,0.0586955,4871.0,True,1.0
RFX5,RFX5,MA0510.2,-0.0641051,0.527379,0.710882,0.710932,0.0543152,4871.0,True,1.0
E2F3,E2F3,MA0469.3,-0.115044,0.548873,0.693254,0.69333,0.0447415,4871.0,False,1.0
RARB,RARB,MA1552.1,-0.188822,0.579599,0.754486,0.754601,0.0402756,4871.0,True,1.0
MYBL1,MYBL1,MA0776.1,-0.259294,0.608771,0.742789,0.74297,0.046326,4871.0,False,1.0
NR2C1,NR2C1,MA1535.1,-0.318721,0.632224,0.90993,0.9102,0.0541537,4871.0,False,1.0
RARA,RARA::RXRA,MA0159.1,-0.32415,0.634576,0.797352,0.797519,0.0333639,4871.0,False,1.0
RXRA,RARA::RXRA,MA0159.1,-0.32415,0.634576,0.797352,0.797519,0.0333639,4871.0,False,1.0
HIC2,HIC2,MA0738.1,-0.39858,0.663528,0.904638,0.90489,0.0403167,4871.0,True,1.0
IRF8,IRF8,MA0652.1,-0.449669,0.684108,0.715822,0.716154,0.0493509,4871.0,False,1.0
ETV1,ETV1,MA0761.2,-0.452983,0.685263,0.813209,0.813569,0.0528562,4871.0,True,1.0
Pax2,Pax2,MA0067.1,-0.456607,0.686958,0.926242,0.926513,0.0400869,4871.0,False,1.0
ZNF282,ZNF282,MA1154.1,-0.623747,0.746969,0.739827,0.7402,0.0400653,4871.0,False,1.0
ZNF354C,ZNF354C,MA0130.1,-0.661384,0.758257,0.96198,0.962358,0.0364719,4871.0,True,1.0
ELF3,ELF3,MA0640.2,-0.710325,0.775123,0.819454,0.820002,0.0509984,4871.0,False,1.0
NR2F6,NR2F6,MA1539.1,-0.715304,0.775965,0.721576,0.722049,0.0425646,4871.0,True,1.0
NR2F1,NR2F1,MA1538.1,-0.717576,0.776643,0.736271,0.736735,0.0416143,4871.0,True,1.0
ESR1,ESR1,MA0112.3,-0.735494,0.781849,0.714656,0.715143,0.0419317,4871.0,False,1.0
JUNB,JUNB,MA1140.2,-0.751318,0.789412,0.718417,0.719098,0.0625656,4871.0,True,1.0
ZNF75D,ZNF75D,MA1601.1,-0.92577,0.837645,0.83675,0.837522,0.0549889,4871.0,True,1.0
Spz1,Spz1,MA0111.1,-1.01214,0.858524,0.866052,0.866532,0.0306273,4871.0,False,1.0
IRF4,IRF4,MA1419.1,-1.00783,0.858669,0.699917,0.700638,0.0479172,4871.0,False,1.0
Pparg,Pparg::Rxra,MA0065.2,-1.08209,0.874722,0.810943,0.811557,0.0368967,4871.0,True,1.0
Rxra,Pparg::Rxra,MA0065.2,-1.08209,0.874722,0.810943,0.811557,0.0368967,4871.0,False,1.0
TBX3,TBX3,MA1566.1,-1.17081,0.891524,0.881234,0.881918,0.03583,4871.0,False,1.0
PBX3,PBX3,MA1114.1,-1.19794,0.898751,0.756453,0.757345,0.0491632,4871.0,False,1.0
SPIB,SPIB,MA0081.2,-1.22286,0.903748,0.777039,0.777921,0.0481965,4871.0,False,1.0
OSR2,OSR2,MA1646.1,-1.22716,0.903866,0.837651,0.838609,0.0510084,4871.0,False,1.0
RFX3,RFX3,MA0798.2,-1.22252,0.904512,0.772076,0.773022,0.0531425,4871.0,True,1.0
RFX4,RFX4,MA0799.1,-1.23372,0.906892,0.76472,0.7656,0.0495258,4871.0,True,1.0
ZNF528,ZNF528,MA1597.1,-1.2589,0.908784,0.705613,0.70641,0.0403029,4871.0,False,1.0
Smad4,Smad4,MA1153.1,-1.27182,0.91169,0.854709,0.855839,0.058022,4871.0,False,1.0
RFX2,RFX2,MA0600.2,-1.39312,0.932389,0.715625,0.716721,0.0548844,4871.0,False,1.0
ETV4,ETV4,MA0764.2,-1.47462,0.941124,0.882367,0.883767,0.0612729,4871.0,True,1.0
RBPJ,RBPJ,MA1116.1,-1.47408,0.941802,0.886796,0.888201,0.0634663,4871.0,False,1.0
E2F7,E2F7,MA0758.1,-1.54495,0.949903,0.690174,0.69133,0.0494426,4871.0,False,1.0
NFIX,NFIX,MA0671.1,-1.56194,0.95071,0.929397,0.93025,0.0343278,4871.0,False,1.0
SREBF1,SREBF1,MA0595.1,-1.66502,0.961498,0.8513,0.852476,0.0459908,4871.0,False,1.0
MYB,MYB,MA0100.3,-1.67908,0.962699,0.863073,0.864485,0.0546909,4871.0,False,1.0
ATF3,ATF3,MA0605.2,-1.71062,0.966568,0.735954,0.737623,0.0676532,4871.0,False,1.0
TFCP2,TFCP2,MA0145.3,-1.74878,0.968774,0.801625,0.802875,0.0476583,4871.0,True,1.0
SMAD3,SMAD3,MA0795.1,-1.86182,0.975748,0.751397,0.752813,0.0486428,4871.0,False,1.0
Ptf1a,Ptf1a,MA1619.1,-1.91079,0.978662,0.825975,0.827653,0.0566235,4871.0,False,1.0
NR5A1,NR5A1,MA1540.1,-1.91757,0.978962,0.844188,0.845569,0.0462147,4871.0,False,1.0
MZF1,MZF1,MA0056.2,-1.95973,0.981264,0.817902,0.819369,0.048598,4871.0,False,1.0
PROX1,PROX1,MA0794.1,-1.97184,0.982115,0.757548,0.758873,0.0446203,4871.0,False,1.0
CLOCK,CLOCK,MA0819.1,-2.02039,0.984183,0.806928,0.808379,0.0473118,4871.0,False,1.0
MYF5,MYF5,MA1641.1,-2.03658,0.984651,0.816811,0.818577,0.0560641,4871.0,False,1.0
NR1H4,NR1H4::RXRA,MA1146.1,-2.06131,0.985644,0.756558,0.757709,0.0361168,4871.0,False,1.0
RXRA,NR1H4::RXRA,MA1146.1,-2.06131,0.985644,0.756558,0.757709,0.0361168,4871.0,False,1.0
NFIC,NFIC::TLX1,MA0119.1,-2.10381,0.986908,0.737177,0.738771,0.047395,4871.0,False,1.0
TLX1,NFIC::TLX1,MA0119.1,-2.10381,0.986908,0.737177,0.738771,0.047395,4871.0,False,1.0
THRB,THRB,MA1576.1,-2.11817,0.987745,0.736873,0.738049,0.0360857,4871.0,True,1.0
RARA,RARA,MA0730.1,-2.18221,0.98971,0.709449,0.710809,0.0403011,4871.0,False,1.0
SNAI3,SNAI3,MA1559.1,-2.22829,0.990941,0.834135,0.835868,0.0500788,4871.0,True,1.0
NR2F1,NR2F1,MA1537.1,-2.24594,0.991528,0.752021,0.753464,0.0421896,4871.0,True,1.0
TP73,TP73,MA0861.1,-2.25624,0.991774,0.741183,0.74256,0.0400698,4871.0,False,1.0
ESR2,ESR2,MA0258.2,-2.26497,0.991844,0.798751,0.800151,0.0397752,4871.0,False,1.0
ZNF140,ZNF140,MA1589.1,-2.27376,0.992118,0.685266,0.686559,0.0369726,4871.0,False,1.0
ZBTB12,ZBTB12,MA1649.1,-2.34137,0.993573,0.838888,0.840757,0.0521701,4871.0,False,1.0
ATF7,ATF7,MA0834.1,-2.35033,0.994057,0.725581,0.727749,0.0635555,4871.0,False,1.0
ZNF143,ZNF143,MA0088.2,-2.35248,0.994138,0.744935,0.746474,0.0453917,4871.0,False,1.0
JDP2,JDP2,MA0656.1,-2.39438,0.99482,0.736249,0.738511,0.0652613,4871.0,False,1.0
PAX3,PAX3,MA1546.1,-2.45017,0.995443,0.747622,0.749015,0.0376423,4871.0,False,1.0
SMAD2,SMAD2::SMAD3::SMAD4,MA0513.1,-2.47459,0.995597,0.804626,0.806328,0.0436278,4871.0,False,1.0
SMAD3,SMAD2::SMAD3::SMAD4,MA0513.1,-2.47459,0.995597,0.804626,0.806328,0.0436278,4871.0,False,1.0
SMAD4,SMAD2::SMAD3::SMAD4,MA0513.1,-2.47459,0.995597,0.804626,0.806328,0.0436278,4871.0,False,1.0
SNAI1,SNAI1,MA1558.1,-2.56281,0.996738,0.873274,0.875314,0.0515958,4871.0,False,1.0
RXRA,RXRA::VDR,MA0074.1,-2.5694,0.99683,0.754457,0.755991,0.0389791,4871.0,False,1.0
VDR,RXRA::VDR,MA0074.1,-2.5694,0.99683,0.754457,0.755991,0.0389791,4871.0,False,1.0
NR2C2,NR2C2,MA1536.1,-2.59127,0.997018,0.945605,0.947009,0.0350463,4871.0,False,1.0
SNAI2,SNAI2,MA0745.2,-2.62093,0.997234,0.812617,0.814747,0.051511,4871.0,False,1.0
Nkx2-5,Nkx2-5,MA0503.1,-2.65326,0.997579,0.851824,0.853514,0.0414334,4871.0,False,1.0
RARG,RARG,MA1553.1,-2.64883,0.99758,0.739687,0.741353,0.0414554,4871.0,False,1.0
IRF9,IRF9,MA0653.1,-2.83361,0.998737,0.687315,0.68948,0.0511149,4871.0,False,1.0
Prdm15,Prdm15,MA1616.1,-2.86324,0.998826,0.772686,0.774667,0.0452338,4871.0,False,1.0
NR1D1,NR1D1,MA1531.1,-2.89569,0.998926,0.771724,0.773504,0.0393752,4871.0,False,1.0
RFX1,RFX1,MA0509.2,-2.89515,0.999019,0.771319,0.773599,0.0539477,4871.0,False,1.0
ATOH1,ATOH1,MA1467.1,-3.04287,0.999392,0.827806,0.83003,0.0479596,4871.0,False,1.0
BHLHA15,BHLHA15,MA1472.1,-3.06739,0.999437,0.872236,0.87435,0.0448319,4871.0,False,1.0
IRF3,IRF3,MA1418.1,-3.12887,0.999572,0.702796,0.705022,0.047471,4871.0,True,1.0
SOX18,SOX18,MA1563.1,-3.19587,0.99965,0.91787,0.919466,0.0321434,4871.0,False,1.0
Ar,Ar,MA0007.3,-3.24252,0.999715,0.723023,0.725172,0.0433032,4871.0,True,1.0
NR2F1,NR2F1,MA0017.2,-3.26954,0.99974,0.80706,0.809668,0.0517479,4871.0,True,1.0
FOSL1,FOSL1::JUND,MA1143.1,-3.33331,0.999821,0.807043,0.80978,0.0567211,4871.0,False,1.0
JUND,FOSL1::JUND,MA1143.1,-3.33331,0.999821,0.807043,0.80978,0.0567211,4871.0,True,1.0
FOSB,FOSB::JUNB,MA1136.1,-3.35382,0.999834,0.777249,0.780211,0.060837,4871.0,True,1.0
JUNB,FOSB::JUNB,MA1136.1,-3.35382,0.999834,0.777249,0.780211,0.060837,4871.0,True,1.0
JUN,JUN::JUNB,MA1133.1,-3.38833,0.999857,0.767494,0.770415,0.0594564,4871.0,True,1.0
JUNB,JUN::JUNB,MA1133.1,-3.38833,0.999857,0.767494,0.770415,0.0594564,4871.0,True,1.0
Bach1,Bach1::Mafk,MA0591.1,-3.43753,0.999863,0.764272,0.76653,0.041616,4871.0,False,1.0
Mafk,Bach1::Mafk,MA0591.1,-3.43753,0.999863,0.764272,0.76653,0.041616,4871.0,True,1.0
HSF4,HSF4,MA0771.1,-3.42321,0.999864,0.779376,0.781862,0.0477616,4871.0,False,1.0
FOSB,FOSB::JUN,MA1127.1,-3.41875,0.999874,0.750447,0.753617,0.064078,4871.0,True,1.0
JUN,FOSB::JUN,MA1127.1,-3.41875,0.999874,0.750447,0.753617,0.064078,4871.0,True,1.0
NFATC4,NFATC4,MA1525.1,-3.45963,0.99988,0.859123,0.861923,0.0525197,4871.0,False,1.0
NEUROD1,NEUROD1,MA1109.1,-3.49753,0.999898,0.821474,0.824118,0.049151,4871.0,True,1.0
FOSL1,FOSL1::JUN,MA1129.1,-3.50569,0.999912,0.762025,0.765238,0.0631056,4871.0,False,1.0
JUN,FOSL1::JUN,MA1129.1,-3.50569,0.999912,0.762025,0.765238,0.0631056,4871.0,True,1.0
IRF2,IRF2,MA0051.1,-3.5205,0.999913,0.750606,0.753151,0.0485511,4871.0,True,1.0
CEBPG,CEBPG,MA0838.1,-3.5314,0.999914,0.772613,0.775369,0.0515702,4871.0,False,1.0
TBX18,TBX18,MA1565.1,-3.64327,0.999944,0.812989,0.815464,0.0437476,4871.0,False,1.0
MAF,MAF,MA1520.1,-3.65622,0.999946,0.748387,0.750653,0.0395263,4871.0,False,1.0
RXRB,RXRB,MA0855.1,-3.6531,0.99995,0.717165,0.719728,0.0466467,4871.0,True,1.0
OVOL1,OVOL1,MA1544.1,-3.65655,0.99995,0.744475,0.747231,0.0499818,4871.0,False,1.0
MSANTD3,MSANTD3,MA1523.1,-3.69016,0.999957,0.845508,0.848171,0.047534,4871.0,True,1.0
FOSL2,FOSL2::JUND,MA1145.1,-3.68589,0.99996,0.753216,0.756443,0.0602851,4871.0,True,1.0
JUND,FOSL2::JUND,MA1145.1,-3.68589,0.99996,0.753216,0.756443,0.0602851,4871.0,True,1.0
Rxra,Rxra,MA0512.2,-3.71984,0.999963,0.720324,0.722924,0.0464166,4871.0,False,1.0
Hand1,Hand1::Tcf3,MA0092.1,-3.76256,0.99997,0.878469,0.880692,0.0395308,4871.0,False,1.0
Tcf3,Hand1::Tcf3,MA0092.1,-3.76256,0.99997,0.878469,0.880692,0.0395308,4871.0,False,1.0
PPARD,PPARD,MA1550.1,-3.80063,0.999974,0.750424,0.75284,0.0421028,4871.0,False,1.0
Creb5,Creb5,MA0840.1,-3.83105,0.999979,0.752674,0.756349,0.0659652,4871.0,True,1.0
FOSL2,FOSL2::JUN,MA1131.1,-3.88223,0.999984,0.774065,0.777587,0.0623508,4871.0,True,1.0
JUN,FOSL2::JUN,MA1131.1,-3.88223,0.999984,0.774065,0.777587,0.0623508,4871.0,True,1.0
Rbpjl,Rbpjl,MA1621.1,-3.94538,0.999985,0.828212,0.831368,0.0508576,4871.0,False,1.0
NFATC1,NFATC1,MA0624.1,-3.93997,0.999986,0.876857,0.879874,0.0498163,4871.0,False,1.0
MITF,MITF,MA0620.3,-3.92936,0.999987,0.748081,0.751349,0.0566572,4871.0,True,1.0
TP53,TP53,MA0106.3,-3.96518,0.999987,0.705591,0.707924,0.0384778,4871.0,False,1.0
Hic1,Hic1,MA0739.1,-4.08813,0.999992,0.861769,0.864458,0.0417112,4871.0,False,1.0
HNF4A,HNF4A,MA1494.1,-4.07821,0.999993,0.724939,0.727653,0.0437609,4871.0,False,1.0
Nr2f6,Nr2f6,MA0677.1,-4.14029,0.999995,0.741591,0.744364,0.0444106,4871.0,True,1.0
NFIC,NFIC,MA0161.2,-4.17529,0.999995,0.82992,0.833577,0.0572744,4871.0,False,1.0
RXRG,RXRG,MA0856.1,-4.20745,0.999996,0.726956,0.729869,0.0459453,4871.0,False,1.0
USF2,USF2,MA0526.3,-4.20162,0.999996,0.768116,0.771632,0.0565003,4871.0,False,1.0
BCL6,BCL6,MA0463.2,-4.31134,0.999998,0.736116,0.738985,0.0435114,4871.0,False,1.0
ZNF274,ZNF274,MA1592.1,-4.3277,0.999998,0.773094,0.775754,0.0407819,4871.0,False,1.0
FOSL2,FOSL2::JUNB,MA1139.1,-4.40956,0.999999,0.744342,0.74857,0.066015,4871.0,True,1.0
JUNB,FOSL2::JUNB,MA1139.1,-4.40956,0.999999,0.744342,0.74857,0.066015,4871.0,True,1.0
Tcf21,Tcf21,MA0832.1,-4.44993,0.999999,0.734579,0.737949,0.0495115,4871.0,False,1.0
NKX2-3,NKX2-3,MA0672.1,-4.46984,0.999999,0.859536,0.862678,0.0454513,4871.0,False,1.0
SPIC,SPIC,MA0687.1,-4.5459,0.999999,0.800665,0.803793,0.0458294,4871.0,False,1.0
NKX2-2,NKX2-2,MA1645.1,-4.6105,1.0,0.809656,0.813013,0.0475105,4871.0,False,1.0
HAND2,HAND2,MA1638.1,-4.66073,1.0,0.859804,0.863946,0.0562343,4871.0,False,1.0
ZKSCAN1,ZKSCAN1,MA1585.1,-4.69728,1.0,0.787123,0.790744,0.0502904,4871.0,False,1.0
STAT3,STAT3,MA0144.2,-4.69487,1.0,0.854099,0.857659,0.0508506,4871.0,False,1.0
Rarg,Rarg,MA0860.1,-4.72618,1.0,0.692194,0.695376,0.0437888,4871.0,False,1.0
USF1,USF1,MA0093.3,-4.73812,1.0,0.768095,0.771984,0.0552012,4871.0,False,1.0
PKNOX1,PKNOX1,MA0782.2,-4.7771,1.0,0.766337,0.770201,0.0534547,4871.0,True,1.0
NFATC3,NFATC3,MA0625.1,-4.81947,1.0,0.857964,0.861871,0.0529485,4871.0,True,1.0
Rarb,Rarb,MA0858.1,-4.87658,1.0,0.69771,0.700934,0.0430165,4871.0,True,1.0
HOXA9,HOXA9,MA0594.2,-4.89461,1.0,0.855725,0.859193,0.0468489,4871.0,False,1.0
BCL6B,BCL6B,MA0731.1,-4.92738,1.0,0.664151,0.667536,0.0453211,4871.0,False,1.0
BARHL1,BARHL1,MA0877.2,-4.9296,1.0,0.880236,0.884044,0.0523479,4871.0,False,1.0
STAT1,STAT1,MA0137.3,-4.95696,1.0,0.821551,0.82571,0.0555468,4871.0,True,1.0
Stat4,Stat4,MA0518.1,-5.10633,1.0,0.828889,0.832738,0.0501969,4871.0,False,1.0
SREBF2,SREBF2,MA0596.1,-5.12778,1.0,0.830737,0.834496,0.0474234,4871.0,False,1.0
IKZF1,IKZF1,MA1508.1,-5.15665,1.0,0.827041,0.831165,0.0534001,4871.0,False,1.0
Nr5a2,Nr5a2,MA0505.1,-5.18976,1.0,0.775134,0.778761,0.0453648,4871.0,False,1.0
FIGLA,FIGLA,MA0820.1,-5.19765,1.0,0.86009,0.863992,0.0490064,4871.0,False,1.0
MSC,MSC,MA0665.1,-5.29204,1.0,0.804504,0.808316,0.0473884,4871.0,False,1.0
NKX2-8,NKX2-8,MA0673.1,-5.30872,1.0,0.891801,0.895011,0.0390843,4871.0,False,1.0
MGA,MGA,MA0801.1,-5.3594,1.0,0.8526,0.856725,0.0490814,4871.0,False,1.0
OTX1,OTX1,MA0711.1,-5.36151,1.0,0.853684,0.858537,0.0595364,4871.0,False,1.0
SPI1,SPI1,MA0080.5,-5.36318,1.0,0.747364,0.751331,0.0494359,4871.0,False,1.0
NEUROG2,NEUROG2,MA1642.1,-5.39974,1.0,0.828031,0.832284,0.0512645,4871.0,False,1.0
Stat5b,Stat5b,MA1625.1,-5.43625,1.0,0.784718,0.789661,0.0609087,4871.0,False,1.0
Ptf1a,Ptf1a,MA1620.1,-5.56358,1.0,0.828587,0.833191,0.0529158,4871.0,False,1.0
ZBTB26,ZBTB26,MA1579.1,-5.55674,1.0,0.821968,0.826646,0.0553338,4871.0,False,1.0
TGIF2LX,TGIF2LX,MA1571.1,-5.59348,1.0,0.745246,0.749191,0.0461447,4871.0,False,1.0
TBX6,TBX6,MA1567.1,-5.64448,1.0,0.85009,0.85378,0.0417019,4871.0,False,1.0
HSF1,HSF1,MA0486.2,-5.66663,1.0,0.733855,0.738534,0.0541356,4871.0,False,1.0
PPARA,PPARA::RXRA,MA1148.1,-5.73897,1.0,0.756005,0.759183,0.0362816,4871.0,True,1.0
RXRA,PPARA::RXRA,MA1148.1,-5.73897,1.0,0.756005,0.759183,0.0362816,4871.0,False,1.0
PPARG,PPARG,MA0066.1,-5.78378,1.0,0.737979,0.740964,0.033305,4871.0,True,1.0
TGIF2LY,TGIF2LY,MA1572.1,-5.77792,1.0,0.752254,0.756281,0.0455594,4871.0,False,1.0
FOS,FOS::JUN,MA1126.1,-5.78314,1.0,0.74416,0.74861,0.0523131,4871.0,True,1.0
JUN,FOS::JUN,MA1126.1,-5.78314,1.0,0.74416,0.74861,0.0523131,4871.0,True,1.0
IRF7,IRF7,MA0772.1,-5.80634,1.0,0.755352,0.760339,0.056842,4871.0,False,1.0
CEBPB,CEBPB,MA0466.2,-5.96837,1.0,0.806997,0.811598,0.0510639,4871.0,True,1.0
NFATC2,NFATC2,MA0152.1,-5.97625,1.0,0.898271,0.903213,0.0546469,4871.0,True,1.0
TCF21,TCF21,MA1568.1,-6.03227,1.0,0.806918,0.810428,0.0366041,4871.0,False,1.0
EN2,EN2,MA0642.1,-6.00911,1.0,0.859763,0.86434,0.0509264,4871.0,False,1.0
Stat5a,Stat5a::Stat5b,MA0519.1,-6.03859,1.0,0.842343,0.847036,0.0518621,4871.0,False,1.0
Stat5b,Stat5a::Stat5b,MA0519.1,-6.03859,1.0,0.842343,0.847036,0.0518621,4871.0,False,1.0
MEIS2,MEIS2,MA0774.1,-6.14034,1.0,0.855966,0.861224,0.0567182,4871.0,False,1.0
SOX12,SOX12,MA1561.1,-6.14852,1.0,0.760447,0.765074,0.0498232,4871.0,False,1.0
Nr2e3,Nr2e3,MA0164.1,-6.1852,1.0,0.823494,0.830206,0.0725905,4871.0,False,1.0
SREBF1,SREBF1,MA0829.2,-6.21569,1.0,0.763891,0.769071,0.0548795,4871.0,False,1.0
PRDM1,PRDM1,MA0508.3,-6.21959,1.0,0.842489,0.848109,0.0608569,4871.0,True,1.0
Lhx8,Lhx8,MA0705.1,-6.2624,1.0,0.857311,0.863363,0.0633512,4871.0,False,1.0
NFIA,NFIA,MA0670.1,-6.30098,1.0,0.837526,0.843625,0.0623593,4871.0,False,1.0
NR1D2,NR1D2,MA1532.1,-6.32789,1.0,0.797513,0.800923,0.0350555,4871.0,True,1.0
CEBPE,CEBPE,MA0837.1,-6.46121,1.0,0.814756,0.819648,0.0502024,4871.0,False,1.0
Dux,Dux,MA0611.1,-6.46464,1.0,0.840405,0.847694,0.0757645,4871.0,False,1.0
GFI1,GFI1,MA0038.2,-6.50507,1.0,0.791377,0.796408,0.050753,4871.0,False,1.0
HSF2,HSF2,MA0770.1,-6.51044,1.0,0.746582,0.751853,0.0530153,4871.0,False,1.0
TFAP4,TFAP4,MA0691.1,-6.54115,1.0,0.790158,0.795801,0.0558239,4871.0,False,1.0
NEUROD2,NEUROD2,MA0668.1,-6.56638,1.0,0.84614,0.849938,0.0363882,4871.0,False,1.0
NR6A1,NR6A1,MA1541.1,-6.55208,1.0,0.743978,0.748165,0.0417238,4871.0,True,1.0
RUNX1,RUNX1,MA0002.2,-6.61919,1.0,0.847963,0.852338,0.0428684,4871.0,True,1.0
PAX6,PAX6,MA0069.1,-6.66884,1.0,0.764019,0.767996,0.0387089,4871.0,False,1.0
HOXD13,HOXD13,MA0909.2,-6.66315,1.0,0.804321,0.809276,0.048831,4871.0,False,1.0
STAT1,STAT1::STAT2,MA0517.1,-6.67016,1.0,0.776505,0.78214,0.0562267,4871.0,True,1.0
STAT2,STAT1::STAT2,MA0517.1,-6.67016,1.0,0.776505,0.78214,0.0562267,4871.0,False,1.0
SCRT2,SCRT2,MA0744.2,-6.75352,1.0,0.757917,0.762723,0.0473881,4871.0,False,1.0
NR3C2,NR3C2,MA0727.1,-6.79355,1.0,0.716351,0.7212,0.0464961,4871.0,True,1.0
NR4A2,NR4A2,MA0160.1,-6.78542,1.0,0.888956,0.893566,0.0448686,4871.0,False,1.0
Nr2f6,Nr2f6,MA0728.1,-6.79923,1.0,0.708092,0.713006,0.0470048,4871.0,True,1.0
ESRRA,ESRRA,MA0592.3,-6.81754,1.0,0.770616,0.776198,0.0531485,4871.0,False,1.0
PITX1,PITX1,MA0682.2,-6.84991,1.0,0.841436,0.848458,0.067186,4871.0,False,1.0
TBX15,TBX15,MA0803.1,-6.96166,1.0,0.829081,0.834836,0.0525185,4871.0,False,1.0
MSGN1,MSGN1,MA1524.1,-7.00004,1.0,0.835666,0.840896,0.0478699,4871.0,False,1.0
RHOXF1,RHOXF1,MA0719.1,-7.05498,1.0,0.94293,0.946755,0.0360909,4871.0,False,1.0
TBX4,TBX4,MA0806.1,-7.10968,1.0,0.857161,0.862423,0.0472587,4871.0,False,1.0
Stat5a,Stat5a,MA1624.1,-7.0909,1.0,0.797836,0.804115,0.0581613,4871.0,False,1.0
ZSCAN4,ZSCAN4,MA1155.1,-7.15004,1.0,0.725997,0.730937,0.044322,4871.0,False,1.0
PITX3,PITX3,MA0714.1,-7.13524,1.0,0.846943,0.853187,0.0578547,4871.0,False,1.0
HNF4G,HNF4G,MA0484.2,-7.15892,1.0,0.779131,0.784884,0.0525191,4871.0,False,1.0
TP63,TP63,MA0525.2,-7.17281,1.0,0.692264,0.696725,0.0412263,4871.0,False,1.0
NR3C1,NR3C1,MA0113.3,-7.19324,1.0,0.719605,0.724725,0.0462511,4871.0,False,1.0
TBX5,TBX5,MA0807.1,-7.21742,1.0,0.866901,0.87192,0.0443927,4871.0,False,1.0
Esrrg,Esrrg,MA0643.1,-7.20465,1.0,0.812186,0.81775,0.0501225,4871.0,True,1.0
Hmx1,Hmx1,MA0896.1,-7.21658,1.0,0.752786,0.758219,0.0490946,4871.0,False,1.0
NR1H2,NR1H2::RXRA,MA0115.1,-7.20104,1.0,0.66932,0.674225,0.0451694,4871.0,False,1.0
RXRA,NR1H2::RXRA,MA0115.1,-7.20104,1.0,0.66932,0.674225,0.0451694,4871.0,False,1.0
BARHL2,BARHL2,MA0635.1,-7.23246,1.0,0.857165,0.863159,0.0554252,4871.0,False,1.0
GRHL1,GRHL1,MA0647.1,-7.33211,1.0,0.742848,0.748851,0.0537104,4871.0,False,1.0
MXI1,MXI1,MA1108.2,-7.40105,1.0,0.856918,0.863902,0.059623,4871.0,False,1.0
GSC,GSC,MA0648.1,-7.37696,1.0,0.826385,0.833033,0.0600182,4871.0,False,1.0
GBX1,GBX1,MA0889.1,-7.43399,1.0,0.809831,0.817305,0.0660171,4871.0,False,1.0
TBXT,TBXT,MA0009.2,-7.4606,1.0,0.695313,0.700128,0.0412587,4871.0,False,1.0
PRDM4,PRDM4,MA1647.1,-7.45828,1.0,0.835971,0.842234,0.0555937,4871.0,False,1.0
VDR,VDR,MA0693.2,-7.47399,1.0,0.871014,0.876937,0.0518447,4871.0,False,1.0
HOXC13,HOXC13,MA0907.1,-7.47963,1.0,0.770879,0.777553,0.0588311,4871.0,False,1.0
ATOH7,ATOH7,MA1468.1,-7.53586,1.0,0.845213,0.84984,0.039207,4871.0,False,1.0
NFAT5,NFAT5,MA0606.1,-7.53001,1.0,0.865142,0.871135,0.0525462,4871.0,False,1.0
HNF4A,HNF4A,MA0114.4,-7.55773,1.0,0.773696,0.77989,0.0535855,4871.0,False,1.0
Nkx3-1,Nkx3-1,MA0124.2,-7.58122,1.0,0.826217,0.832362,0.053192,4871.0,False,1.0
GSC2,GSC2,MA0891.1,-7.57366,1.0,0.844144,0.85018,0.0531376,4871.0,False,1.0
MEIS3,MEIS3,MA0775.1,-7.60448,1.0,0.880761,0.886699,0.0513351,4871.0,True,1.0
HOXD12,HOXD12,MA0873.1,-7.64157,1.0,0.777185,0.783365,0.0529562,4871.0,False,1.0
Alx4,Alx4,MA0853.1,-7.69775,1.0,0.734096,0.74091,0.0572254,4871.0,False,1.0
Crx,Crx,MA0467.1,-7.68754,1.0,0.812202,0.817748,0.0473374,4871.0,False,1.0
NR1H4,NR1H4,MA1110.1,-7.72868,1.0,0.789426,0.795691,0.0520472,4871.0,False,1.0
Nr1h3,Nr1h3::Rxra,MA0494.1,-7.74068,1.0,0.789719,0.793816,0.0342763,4871.0,False,1.0
Rxra,Nr1h3::Rxra,MA0494.1,-7.74068,1.0,0.789719,0.793816,0.0342763,4871.0,False,1.0
MYF6,MYF6,MA0667.1,-7.74431,1.0,0.784176,0.790362,0.0527176,4871.0,False,1.0
LBX2,LBX2,MA0699.1,-7.75359,1.0,0.839401,0.846595,0.0612369,4871.0,False,1.0
TBP,TBP,MA0108.2,-7.75903,1.0,0.813097,0.819899,0.0577689,4871.0,False,1.0
DBP,DBP,MA0639.1,-7.7594,1.0,0.77422,0.78137,0.0608019,4871.0,True,1.0
FOXN3,FOXN3,MA1489.1,-7.77128,1.0,0.755646,0.765425,0.0834799,4871.0,False,1.0
PITX2,PITX2,MA1547.1,-7.80735,1.0,0.840731,0.849285,0.0721659,4871.0,False,1.0
HOXA13,HOXA13,MA0650.2,-7.83681,1.0,0.785969,0.792936,0.0586816,4871.0,False,1.0
MSX1,MSX1,MA0666.1,-7.84448,1.0,0.853716,0.861427,0.0645216,4871.0,False,1.0
TGIF2,TGIF2,MA0797.1,-7.86659,1.0,0.724858,0.730896,0.0502393,4871.0,False,1.0
NKX2-5,NKX2-5,MA0063.2,-7.85376,1.0,0.827034,0.833775,0.0569294,4871.0,False,1.0
SOX14,SOX14,MA1562.1,-7.86051,1.0,0.77241,0.778832,0.0538665,4871.0,False,1.0
HOXD10,HOXD10,MA1506.1,-7.90822,1.0,0.767885,0.774477,0.0546036,4871.0,False,1.0
TBX1,TBX1,MA0805.1,-7.93559,1.0,0.82622,0.833,0.0547799,4871.0,False,1.0
BACH1,BACH1,MA1633.1,-7.96113,1.0,0.760434,0.766999,0.0522469,4871.0,False,1.0
HOXC12,HOXC12,MA0906.1,-7.99079,1.0,0.768414,0.775166,0.0553217,4871.0,False,1.0
EN1,EN1,MA0027.2,-8.06858,1.0,0.857445,0.86567,0.0674206,4871.0,False,1.0
MAFK,MAFK,MA0496.3,-8.13019,1.0,0.739385,0.745989,0.0509435,4871.0,True,1.0
ZNF24,ZNF24,MA1124.1,-8.06079,1.0,0.701648,0.709547,0.0659519,4871.0,False,1.0
TEF,TEF,MA0843.1,-8.09197,1.0,0.763205,0.770451,0.0585901,4871.0,True,1.0
HMBOX1,HMBOX1,MA0895.1,-8.1222,1.0,0.825463,0.83189,0.0521267,4871.0,True,1.0
ISL2,ISL2,MA0914.1,-8.12183,1.0,0.85922,0.865869,0.0540648,4871.0,False,1.0
TEAD2,TEAD2,MA1121.1,-8.14034,1.0,0.795531,0.802032,0.0522288,4871.0,False,1.0
MSX2,MSX2,MA0708.1,-8.14162,1.0,0.830385,0.839384,0.0727519,4871.0,False,1.0
GBX2,GBX2,MA0890.1,-8.17538,1.0,0.822712,0.831573,0.0707216,4871.0,False,1.0
IRF1,IRF1,MA0050.2,-8.17696,1.0,0.738975,0.746391,0.0592869,4871.0,False,1.0
SCRT1,SCRT1,MA0743.2,-8.18763,1.0,0.753158,0.759067,0.0478266,4871.0,False,1.0
Msx3,Msx3,MA0709.1,-8.23874,1.0,0.835553,0.845244,0.0765971,4871.0,False,1.0
Hmx2,Hmx2,MA0897.1,-8.24747,1.0,0.729153,0.735962,0.0535063,4871.0,False,1.0
TGIF1,TGIF1,MA0796.1,-8.25612,1.0,0.69011,0.696999,0.0546351,4871.0,True,1.0
Bhlha15,Bhlha15,MA0607.1,-8.28519,1.0,0.850819,0.857561,0.0523888,4871.0,False,1.0
JUN,JUN::JUNB,MA1132.1,-8.28796,1.0,0.811378,0.817917,0.0517331,4871.0,True,1.0
JUNB,JUN::JUNB,MA1132.1,-8.28796,1.0,0.811378,0.817917,0.0517331,4871.0,True,1.0
HOXC11,HOXC11,MA0651.1,-8.30028,1.0,0.783632,0.790853,0.0566661,4871.0,False,1.0
LHX1,LHX1,MA1518.1,-8.30137,1.0,0.878423,0.885667,0.0583807,4871.0,False,1.0
Ddit3,Ddit3::Cebpa,MA0019.1,-8.34458,1.0,0.820573,0.826143,0.0433841,4871.0,True,1.0
Cebpa,Ddit3::Cebpa,MA0019.1,-8.34458,1.0,0.820573,0.826143,0.0433841,4871.0,True,1.0
Hmx3,Hmx3,MA0898.1,-8.36564,1.0,0.726884,0.733844,0.0540527,4871.0,False,1.0
PKNOX2,PKNOX2,MA0783.1,-8.39755,1.0,0.716383,0.723001,0.0515001,4871.0,True,1.0
GSX2,GSX2,MA0893.2,-8.40561,1.0,0.884945,0.892,0.0547064,4871.0,False,1.0
CUX2,CUX2,MA0755.1,-8.44585,1.0,0.750705,0.75931,0.0659701,4871.0,True,1.0
Isl1,Isl1,MA1608.1,-8.44185,1.0,0.809554,0.81737,0.0604254,4871.0,False,1.0
NR1I3,NR1I3,MA1534.1,-8.46407,1.0,0.834265,0.841076,0.0524954,4871.0,False,1.0
RARA,RARA,MA0729.1,-8.47389,1.0,0.688925,0.694408,0.0419293,4871.0,False,1.0
HOXB7,HOXB7,MA1501.1,-8.48113,1.0,0.829173,0.835693,0.0496231,4871.0,False,1.0
ESX1,ESX1,MA0644.1,-8.46437,1.0,0.835816,0.844224,0.0651892,4871.0,False,1.0
TBR1,TBR1,MA0802.1,-8.47888,1.0,0.795626,0.80205,0.0498084,4871.0,False,1.0
RAX2,RAX2,MA0717.1,-8.49168,1.0,0.850072,0.859182,0.0702607,4871.0,False,1.0
LHX6,LHX6,MA0658.1,-8.5145,1.0,0.799155,0.80722,0.0610267,4871.0,False,1.0
Sox3,Sox3,MA0514.1,-8.49081,1.0,0.866967,0.873454,0.050977,4871.0,False,1.0
RAX,RAX,MA0718.1,-8.53288,1.0,0.827742,0.837121,0.0719144,4871.0,False,1.0
RUNX3,RUNX3,MA0684.2,-8.54539,1.0,0.816529,0.823821,0.055378,4871.0,False,1.0
CUX1,CUX1,MA0754.1,-8.54576,1.0,0.765434,0.774403,0.0681868,4871.0,True,1.0
HESX1,HESX1,MA0894.1,-8.54727,1.0,0.817274,0.826882,0.0733791,4871.0,False,1.0
Shox2,Shox2,MA0720.1,-8.55186,1.0,0.841373,0.85139,0.0765493,4871.0,False,1.0
Dmbx1,Dmbx1,MA0883.1,-8.55527,1.0,0.778253,0.784689,0.0491142,4871.0,False,1.0
ZNF382,ZNF382,MA1594.1,-8.57612,1.0,0.676094,0.680435,0.0330501,4871.0,False,1.0
Arx,Arx,MA0874.1,-8.61063,1.0,0.725444,0.733105,0.0573092,4871.0,False,1.0
MIXL1,MIXL1,MA0662.1,-8.60927,1.0,0.849116,0.85787,0.0664214,4871.0,False,1.0
HOXC9,HOXC9,MA0485.2,-8.6229,1.0,0.771114,0.779078,0.0605089,4871.0,False,1.0
PAX4,PAX4,MA0068.2,-8.71466,1.0,0.806369,0.81558,0.0688446,4871.0,False,1.0
EOMES,EOMES,MA0800.1,-8.74881,1.0,0.779464,0.785714,0.0464362,4871.0,False,1.0
Alx1,Alx1,MA0854.1,-8.77464,1.0,0.734804,0.743078,0.0606935,4871.0,False,1.0
Gfi1b,Gfi1b,MA0483.1,-8.76232,1.0,0.83001,0.836853,0.0518247,4871.0,False,1.0
LHX9,LHX9,MA0701.2,-8.80636,1.0,0.820663,0.830304,0.0704813,4871.0,False,1.0
FOS,FOS::JUND,MA1141.1,-8.8135,1.0,0.78355,0.791116,0.0552446,4871.0,True,1.0
JUND,FOS::JUND,MA1141.1,-8.8135,1.0,0.78355,0.791116,0.0552446,4871.0,True,1.0
MEIS1,MEIS1,MA0498.2,-8.79351,1.0,0.918243,0.925456,0.0539153,4871.0,False,1.0
OTX2,OTX2,MA0712.2,-8.81567,1.0,0.814739,0.823168,0.0628688,4871.0,False,1.0
FOSL2,FOSL2,MA0478.1,-8.86881,1.0,0.814613,0.822129,0.053919,4871.0,True,1.0
UNCX,UNCX,MA0721.1,-8.84264,1.0,0.845423,0.855265,0.0725953,4871.0,False,1.0
HOXA5,HOXA5,MA0158.2,-8.84815,1.0,0.855602,0.863656,0.059334,4871.0,False,1.0
SHOX,SHOX,MA0630.1,-8.8468,1.0,0.847209,0.857587,0.0765846,4871.0,False,1.0
HOXB9,HOXB9,MA1503.1,-8.84545,1.0,0.780879,0.78887,0.0590825,4871.0,False,1.0
TEAD1,TEAD1,MA0090.3,-8.8542,1.0,0.785407,0.792671,0.0532627,4871.0,True,1.0
ZNF136,ZNF136,MA1588.1,-8.85555,1.0,0.721587,0.727715,0.0451235,4871.0,False,1.0
VENTX,VENTX,MA0724.1,-8.87749,1.0,0.812761,0.821439,0.0636861,4871.0,False,1.0
TEAD3,TEAD3,MA0808.1,-8.89285,1.0,0.862872,0.870246,0.053529,4871.0,False,1.0
TBX2,TBX2,MA0688.1,-8.87619,1.0,0.813292,0.819378,0.045074,4871.0,False,1.0
Rarg,Rarg,MA0859.1,-8.90862,1.0,0.697073,0.703576,0.0471544,4871.0,False,1.0
RORC,RORC,MA1151.1,-8.90937,1.0,0.825598,0.831566,0.0434127,4871.0,False,1.0
Nfe2l2,Nfe2l2,MA0150.2,-8.91766,1.0,0.740509,0.746756,0.0453159,4871.0,False,1.0
DLX5,DLX5,MA1476.1,-8.92684,1.0,0.821646,0.833255,0.0840643,4871.0,False,1.0
TAL1,TAL1::TCF3,MA0091.1,-8.93913,1.0,0.806366,0.812849,0.0470018,4871.0,False,1.0
TCF3,TAL1::TCF3,MA0091.1,-8.93913,1.0,0.806366,0.812849,0.0470018,4871.0,False,1.0
PRRX1,PRRX1,MA0716.1,-8.93721,1.0,0.839478,0.850064,0.0774037,4871.0,False,1.0
TCF7,TCF7,MA0769.2,-8.93448,1.0,0.81692,0.825329,0.0622574,4871.0,True,1.0
ISX,ISX,MA0654.1,-8.99226,1.0,0.830515,0.841417,0.0785252,4871.0,False,1.0
Hoxa11,Hoxa11,MA0911.1,-9.00114,1.0,0.789902,0.797164,0.0525899,4871.0,False,1.0
Stat6,Stat6,MA0520.1,-8.99834,1.0,0.80177,0.809161,0.0546524,4871.0,False,1.0
PRRX2,PRRX2,MA0075.3,-9.06999,1.0,0.802036,0.8135,0.0810176,4871.0,False,1.0
CDX2,CDX2,MA0465.2,-9.10601,1.0,0.775862,0.7856,0.0691775,4871.0,False,1.0
TBX21,TBX21,MA0690.1,-9.12671,1.0,0.792657,0.799524,0.0488495,4871.0,False,1.0
Rhox11,Rhox11,MA0629.1,-9.15091,1.0,0.787312,0.793401,0.0439571,4871.0,False,1.0
LIN54,LIN54,MA0619.1,-9.14604,1.0,0.837132,0.848971,0.08622,4871.0,False,1.0
GATA5,GATA5,MA0766.2,-9.17949,1.0,0.838424,0.846353,0.0562651,4871.0,False,1.0
FOXO3,FOXO3,MA0157.2,-9.17391,1.0,0.813851,0.823193,0.0675892,4871.0,False,1.0
HOXB5,HOXB5,MA0904.2,-9.22388,1.0,0.844592,0.853491,0.0623053,4871.0,False,1.0
FOSL1,FOSL1::JUN,MA1128.1,-9.22932,1.0,0.791319,0.799226,0.0550757,4871.0,False,1.0
JUN,FOSL1::JUN,MA1128.1,-9.22932,1.0,0.791319,0.799226,0.0550757,4871.0,True,1.0
ATF2,ATF2,MA1632.1,-9.20899,1.0,0.770858,0.77972,0.0633517,4871.0,False,1.0
DRGX,DRGX,MA1481.1,-9.22667,1.0,0.848924,0.859175,0.072116,4871.0,True,1.0
BACH2,BACH2,MA1470.1,-9.25318,1.0,0.688637,0.694831,0.043948,4871.0,True,1.0
GRHL2,GRHL2,MA1105.2,-9.29475,1.0,0.774773,0.782541,0.0543586,4871.0,False,1.0
Nobox,Nobox,MA0125.1,-9.30346,1.0,0.847772,0.856964,0.0644433,4871.0,False,1.0
Dlx2,Dlx2,MA0885.1,-9.3365,1.0,0.848873,0.860045,0.0773997,4871.0,False,1.0
RORA,RORA,MA0071.1,-9.32483,1.0,0.815789,0.823488,0.0541782,4871.0,True,1.0
TBX19,TBX19,MA0804.1,-9.37371,1.0,0.677042,0.682991,0.040343,4871.0,False,1.0
TWIST1,TWIST1,MA1123.2,-9.34942,1.0,0.809116,0.816578,0.0519309,4871.0,True,1.0
LHX5,LHX5,MA1519.1,-9.38248,1.0,0.819032,0.830107,0.0755615,4871.0,False,1.0
BSX,BSX,MA0876.1,-9.34491,1.0,0.876746,0.886044,0.0657385,4871.0,False,1.0
ZNF410,ZNF410,MA0752.1,-9.35613,1.0,0.672013,0.678758,0.0473914,4871.0,False,1.0
SOX10,SOX10,MA0442.2,-9.37284,1.0,0.840128,0.849151,0.0627694,4871.0,False,1.0
ALX3,ALX3,MA0634.1,-9.3814,1.0,0.822978,0.8326,0.0664421,4871.0,False,1.0
FOSL2,FOSL2::JUN,MA1130.1,-9.39153,1.0,0.797635,0.805799,0.0559802,4871.0,True,1.0
JUN,FOSL2::JUN,MA1130.1,-9.39153,1.0,0.797635,0.805799,0.0559802,4871.0,True,1.0
HOXB13,HOXB13,MA0901.2,-9.37798,1.0,0.756555,0.767805,0.0782031,4871.0,False,1.0
JUND,JUND,MA0492.1,-9.38822,1.0,0.787131,0.794849,0.0543172,4871.0,True,1.0
HLTF,HLTF,MA0109.1,-9.37202,1.0,0.940215,0.944413,0.0303769,4871.0,False,1.0
EVX1,EVX1,MA0887.1,-9.42983,1.0,0.845203,0.85347,0.0568079,4871.0,False,1.0
TFAP4,TFAP4,MA1570.1,-9.43727,1.0,0.854089,0.860875,0.0467093,4871.0,False,1.0
TLX2,TLX2,MA1577.1,-9.43697,1.0,0.829485,0.842124,0.0872911,4871.0,False,1.0
HOXB2,HOXB2,MA0902.2,-9.44824,1.0,0.864356,0.873685,0.0644949,4871.0,False,1.0
ESRRB,ESRRB,MA0141.3,-9.4558,1.0,0.763567,0.771515,0.0547544,4871.0,False,1.0
FOXK1,FOXK1,MA0852.2,-9.43014,1.0,0.783717,0.792099,0.0592696,4871.0,False,1.0
Dlx4,Dlx4,MA0881.1,-9.46416,1.0,0.861453,0.871196,0.0667984,4871.0,False,1.0
HOXA6,HOXA6,MA1497.1,-9.495,1.0,0.839847,0.84754,0.0520038,4871.0,False,1.0
ARGFX,ARGFX,MA1463.1,-9.49841,1.0,0.763247,0.775068,0.0801493,4871.0,True,1.0
TCF7L1,TCF7L1,MA1421.1,-9.48424,1.0,0.759892,0.767411,0.0519951,4871.0,False,1.0
EMX1,EMX1,MA0612.2,-9.50738,1.0,0.823957,0.834392,0.0708402,4871.0,False,1.0
EMX2,EMX2,MA0886.1,-9.50189,1.0,0.813942,0.82385,0.0677245,4871.0,False,1.0
HOXB6,HOXB6,MA1500.1,-9.52078,1.0,0.880155,0.887805,0.0517065,4871.0,False,1.0
FOXP3,FOXP3,MA0850.1,-9.47595,1.0,0.901103,0.908238,0.0504367,4871.0,False,1.0
EVX2,EVX2,MA0888.1,-9.53183,1.0,0.842156,0.850599,0.0571804,4871.0,False,1.0
NFE2,NFE2,MA0841.1,-9.54229,1.0,0.747689,0.756022,0.0560194,4871.0,False,1.0
Rarb,Rarb,MA0857.1,-9.54854,1.0,0.676926,0.683853,0.0470994,4871.0,True,1.0
Dlx3,Dlx3,MA0880.1,-9.562,1.0,0.859373,0.869648,0.0698018,4871.0,False,1.0
NOTO,NOTO,MA0710.1,-9.59544,1.0,0.840011,0.8494,0.0636331,4871.0,False,1.0
PAX3,PAX3,MA0780.1,-9.64244,1.0,0.717689,0.72919,0.0764249,4871.0,False,1.0
HOXD3,HOXD3,MA0912.2,-9.66432,1.0,0.808519,0.818275,0.0645169,4871.0,False,1.0
PAX7,PAX7,MA0680.1,-9.66823,1.0,0.707463,0.718947,0.0761923,4871.0,False,1.0
Lhx4,Lhx4,MA0704.1,-9.65983,1.0,0.841673,0.85153,0.0659846,4871.0,True,1.0
HOXA1,HOXA1,MA1495.1,-9.68048,1.0,0.860096,0.869061,0.0600837,4871.0,False,1.0
HOXD9,HOXD9,MA0913.2,-9.68065,1.0,0.803792,0.814017,0.0685449,4871.0,False,1.0
MEOX1,MEOX1,MA0661.1,-9.69964,1.0,0.826328,0.835225,0.0586032,4871.0,False,1.0
CEBPD,CEBPD,MA0836.2,-9.67723,1.0,0.768165,0.776794,0.0583483,4871.0,True,1.0
DLX6,DLX6,MA0882.1,-9.68864,1.0,0.858948,0.869207,0.0687245,4871.0,False,1.0
VSX2,VSX2,MA0726.1,-9.72079,1.0,0.808785,0.820343,0.0762741,4871.0,False,1.0
JUN,JUN,MA0488.1,-9.70992,1.0,0.786452,0.794577,0.0546931,4871.0,True,1.0
RORB,RORB,MA1150.1,-9.71616,1.0,0.819281,0.826326,0.0473303,4871.0,False,1.0
ONECUT2,ONECUT2,MA0756.1,-9.73852,1.0,0.717663,0.72799,0.0687282,4871.0,False,1.0
FOXG1,FOXG1,MA0613.1,-9.72654,1.0,0.814167,0.825753,0.0790758,4871.0,True,1.0
NR2F2,NR2F2,MA1111.1,-9.75349,1.0,0.813484,0.822183,0.0582376,4871.0,False,1.0
FOS,FOS::JUN,MA0099.3,-9.77212,1.0,0.802443,0.810925,0.0560549,4871.0,True,1.0
JUN,FOS::JUN,MA0099.3,-9.77212,1.0,0.802443,0.810925,0.0560549,4871.0,True,1.0
SRF,SRF,MA0083.3,-9.78638,1.0,0.67647,0.683802,0.0488174,4871.0,False,1.0
BARX1,BARX1,MA0875.1,-9.77375,1.0,0.869062,0.879305,0.0692061,4871.0,False,1.0
ZNF384,ZNF384,MA1125.1,-9.78047,1.0,0.784625,0.801516,0.114247,4871.0,False,1.0
Sox6,Sox6,MA0515.1,-9.79687,1.0,0.855415,0.863219,0.0520941,4871.0,False,1.0
SOX4,SOX4,MA0867.2,-9.79768,1.0,0.855157,0.863611,0.0564988,4871.0,True,1.0
HOXA10,HOXA10,MA0899.1,-9.80994,1.0,0.812983,0.823298,0.0685116,4871.0,False,1.0
HOXA7,HOXA7,MA1498.1,-9.80787,1.0,0.865741,0.874915,0.0613858,4871.0,False,1.0
FOXI1,FOXI1,MA0042.2,-9.79172,1.0,0.838768,0.849178,0.0707166,4871.0,False,1.0
ZNF652,ZNF652,MA1657.1,-9.80375,1.0,0.757408,0.766657,0.0625838,4871.0,True,1.0
VSX1,VSX1,MA0725.1,-9.86122,1.0,0.824387,0.836006,0.0756058,4871.0,False,1.0
SOX9,SOX9,MA0077.1,-9.84873,1.0,0.835937,0.843883,0.0526723,4871.0,False,1.0
TEAD4,TEAD4,MA0809.2,-9.86467,1.0,0.803235,0.811377,0.0536572,4871.0,False,1.0
HOXA2,HOXA2,MA0900.2,-9.9011,1.0,0.821693,0.833052,0.0730885,4871.0,False,1.0
GATA3,GATA3,MA0037.3,-9.89551,1.0,0.853172,0.862595,0.0617226,4871.0,False,1.0
DPRX,DPRX,MA1480.1,-9.88282,1.0,0.796346,0.804567,0.0545494,4871.0,False,1.0
CDX4,CDX4,MA1473.1,-9.92879,1.0,0.783119,0.792821,0.0631373,4871.0,False,1.0
LHX2,LHX2,MA0700.2,-9.91971,1.0,0.790823,0.802205,0.0747625,4871.0,False,1.0
LEF1,LEF1,MA0768.1,-9.93162,1.0,0.736862,0.744781,0.0520015,4871.0,False,1.0
NRL,NRL,MA0842.2,-9.96883,1.0,0.771841,0.779201,0.0473016,4871.0,False,1.0
SIX1,SIX1,MA1118.1,-9.98565,1.0,0.780608,0.788541,0.051266,4871.0,False,1.0
HOXC4,HOXC4,MA1504.1,-9.99737,1.0,0.871868,0.882558,0.0685766,4871.0,False,1.0
VAX2,VAX2,MA0723.1,-10.0067,1.0,0.846641,0.856277,0.0614092,4871.0,False,1.0
MNX1,MNX1,MA0707.1,-9.99212,1.0,0.847812,0.857582,0.0632463,4871.0,False,1.0
Sox17,Sox17,MA0078.1,-10.0021,1.0,0.866429,0.875054,0.0561255,4871.0,False,1.0
FOXD1,FOXD1,MA0031.1,-9.97,1.0,0.82387,0.834363,0.0702235,4871.0,False,1.0
LBX1,LBX1,MA0618.1,-10.0292,1.0,0.836044,0.845877,0.0628703,4871.0,False,1.0
Dlx1,Dlx1,MA0879.1,-10.0194,1.0,0.845764,0.856185,0.0676531,4871.0,False,1.0
FOS,FOS::JUNB,MA1134.1,-10.0428,1.0,0.781048,0.789905,0.0566126,4871.0,True,1.0
JUNB,FOS::JUNB,MA1134.1,-10.0428,1.0,0.781048,0.789905,0.0566126,4871.0,True,1.0
Foxo1,Foxo1,MA0480.1,-10.0044,1.0,0.822583,0.831147,0.056863,4871.0,False,1.0
HOXC10,HOXC10,MA0905.1,-10.0488,1.0,0.817922,0.827346,0.0610902,4871.0,False,1.0
PBX1,PBX1,MA0070.1,-10.0678,1.0,0.776371,0.784579,0.0533866,4871.0,False,1.0
HOXD8,HOXD8,MA0910.2,-10.0856,1.0,0.852474,0.862371,0.0638686,4871.0,False,1.0
HOXD4,HOXD4,MA1507.1,-10.1388,1.0,0.863974,0.8751,0.0696731,4871.0,False,1.0
BHLHE22,BHLHE22,MA0818.1,-10.1399,1.0,0.785215,0.793098,0.0493392,4871.0,True,1.0
GSX1,GSX1,MA0892.1,-10.1261,1.0,0.856964,0.865483,0.0545999,4871.0,False,1.0
FOSL2,FOSL2::JUND,MA1144.1,-10.1405,1.0,0.791929,0.801056,0.0577838,4871.0,True,1.0
JUND,FOSL2::JUND,MA1144.1,-10.1405,1.0,0.791929,0.801056,0.0577838,4871.0,True,1.0
ONECUT3,ONECUT3,MA0757.1,-10.1278,1.0,0.711814,0.723323,0.0739261,4871.0,False,1.0
HOXD11,HOXD11,MA0908.1,-10.1234,1.0,0.801887,0.811412,0.0614471,4871.0,False,1.0
HOXB8,HOXB8,MA1502.1,-10.1321,1.0,0.856752,0.866955,0.0655564,4871.0,False,1.0
TCF7L2,TCF7L2,MA0523.1,-10.1334,1.0,0.805437,0.81315,0.0502071,4871.0,False,1.0
NEUROG2,NEUROG2,MA0669.1,-10.2096,1.0,0.78497,0.792675,0.0483737,4871.0,False,1.0
MEF2B,MEF2B,MA0660.1,-10.1914,1.0,0.735712,0.747181,0.0736904,4871.0,False,1.0
Stat2,Stat2,MA1623.1,-10.2138,1.0,0.778733,0.789435,0.0685515,4871.0,False,1.0
HOXB3,HOXB3,MA0903.1,-10.2259,1.0,0.860423,0.870484,0.0640191,4871.0,False,1.0
Mafb,Mafb,MA0117.2,-10.2598,1.0,0.805485,0.812943,0.046529,4871.0,False,1.0
Arid3a,Arid3a,MA0151.1,-10.2284,1.0,0.876898,0.890637,0.0882443,4871.0,True,1.0
NR4A1,NR4A1,MA1112.2,-10.2517,1.0,0.81034,0.819326,0.0573336,4871.0,True,1.0
FOS,FOS,MA0476.1,-10.3014,1.0,0.809935,0.81946,0.0588753,4871.0,True,1.0
CDX1,CDX1,MA0878.2,-10.3013,1.0,0.77367,0.783456,0.0611434,4871.0,False,1.0
HOXC8,HOXC8,MA1505.1,-10.3085,1.0,0.862781,0.871986,0.0582314,4871.0,False,1.0
NEUROG1,NEUROG1,MA0623.2,-10.3701,1.0,0.783963,0.792074,0.0493465,4871.0,False,1.0
LMX1A,LMX1A,MA0702.2,-10.3664,1.0,0.783994,0.797493,0.0835251,4871.0,False,1.0
FOXH1,FOXH1,MA0479.1,-10.357,1.0,0.811152,0.8201,0.0561981,4871.0,False,1.0
HLF,HLF,MA0043.3,-10.3511,1.0,0.761261,0.771213,0.0628774,4871.0,False,1.0
Twist2,Twist2,MA0633.1,-10.4027,1.0,0.795769,0.805608,0.0595959,4871.0,True,1.0
FOXF2,FOXF2,MA0030.1,-10.3488,1.0,0.766345,0.775928,0.0611995,4871.0,False,1.0
FOSB,FOSB::JUNB,MA1135.1,-10.3935,1.0,0.79538,0.80477,0.0579086,4871.0,True,1.0
JUNB,FOSB::JUNB,MA1135.1,-10.3935,1.0,0.79538,0.80477,0.0579086,4871.0,True,1.0
VAX1,VAX1,MA0722.1,-10.4143,1.0,0.846984,0.857371,0.0635602,4871.0,False,1.0
PDX1,PDX1,MA0132.2,-10.402,1.0,0.848932,0.861063,0.0752099,4871.0,False,1.0
MEF2C,MEF2C,MA0497.1,-10.3952,1.0,0.792535,0.802844,0.0650453,4871.0,False,1.0
CREB1,CREB1,MA0018.4,-10.4073,1.0,0.776125,0.786928,0.0677093,4871.0,False,1.0
NKX6-2,NKX6-2,MA0675.1,-10.43,1.0,0.858436,0.869819,0.070337,4871.0,False,1.0
FOXO6,FOXO6,MA0849.1,-10.4144,1.0,0.842587,0.853485,0.0693395,4871.0,False,1.0
HOXA4,HOXA4,MA1496.1,-10.4658,1.0,0.887204,0.895059,0.0480822,4871.0,False,1.0
POU6F1,POU6F1,MA0628.1,-10.4882,1.0,0.757951,0.770941,0.0798102,4871.0,False,1.0
ZBTB18,ZBTB18,MA0698.1,-10.5259,1.0,0.785499,0.793457,0.0491795,4871.0,True,1.0
NKX6-1,NKX6-1,MA0674.1,-10.5682,1.0,0.852549,0.863258,0.0643812,4871.0,False,1.0
GATA4,GATA4,MA0482.2,-10.5284,1.0,0.793394,0.802708,0.0581583,4871.0,False,1.0
MEOX2,MEOX2,MA0706.1,-10.5784,1.0,0.831417,0.841309,0.0595995,4871.0,True,1.0
Ptf1a,Ptf1a,MA1618.1,-10.5486,1.0,0.808886,0.817587,0.0538621,4871.0,False,1.0
MEF2D,MEF2D,MA0773.1,-10.5558,1.0,0.74448,0.756895,0.0768582,4871.0,True,1.0
FOXK2,FOXK2,MA1103.2,-10.5356,1.0,0.799836,0.811392,0.0729835,4871.0,False,1.0
mix-a,mix-a,MA0621.1,-10.6262,1.0,0.74688,0.762142,0.0927187,4871.0,False,1.0
JUN,JUN,MA0489.1,-10.6389,1.0,0.791992,0.800788,0.0532776,4871.0,True,1.0
Lhx3,Lhx3,MA0135.1,-10.6289,1.0,0.765156,0.777149,0.0738483,4871.0,False,1.0
FOSL2,FOSL2::JUNB,MA1138.1,-10.6643,1.0,0.789728,0.799716,0.0599202,4871.0,True,1.0
JUNB,FOSL2::JUNB,MA1138.1,-10.6643,1.0,0.789728,0.799716,0.0599202,4871.0,True,1.0
ZNF317,ZNF317,MA1593.1,-10.6593,1.0,0.787774,0.796164,0.0512844,4871.0,False,1.0
JDP2,JDP2,MA0655.1,-10.6903,1.0,0.759618,0.769973,0.0621174,4871.0,False,1.0
LMX1B,LMX1B,MA0703.2,-10.7223,1.0,0.731046,0.746153,0.0909633,4871.0,False,1.0
SIX2,SIX2,MA1119.1,-10.7604,1.0,0.7295,0.737451,0.0471502,4871.0,False,1.0
RORA,RORA,MA0072.1,-10.7578,1.0,0.756084,0.76483,0.0530239,4871.0,True,1.0
Atoh1,Atoh1,MA0461.2,-10.7968,1.0,0.815494,0.823517,0.0475971,4871.0,False,1.0
Arid3b,Arid3b,MA0601.1,-10.7812,1.0,0.778371,0.79376,0.0931633,4871.0,True,1.0
CEBPA,CEBPA,MA0102.4,-10.8162,1.0,0.753103,0.762792,0.057912,4871.0,True,1.0
ONECUT1,ONECUT1,MA0679.2,-10.814,1.0,0.704126,0.717223,0.0786159,4871.0,False,1.0
TBX20,TBX20,MA0689.1,-10.8127,1.0,0.792503,0.800256,0.0469126,4871.0,False,1.0
FOXO4,FOXO4,MA0848.1,-10.808,1.0,0.858561,0.869398,0.0665695,4871.0,True,1.0
FOSL1,FOSL1::JUNB,MA1137.1,-10.8638,1.0,0.78785,0.796883,0.0531659,4871.0,False,1.0
JUNB,FOSL1::JUNB,MA1137.1,-10.8638,1.0,0.78785,0.796883,0.0531659,4871.0,True,1.0
SOX13,SOX13,MA1120.1,-10.9116,1.0,0.818629,0.829006,0.0623666,4871.0,False,1.0
Foxd3,Foxd3,MA0041.1,-10.911,1.0,0.829166,0.840069,0.0656341,4871.0,False,1.0
HNF1B,HNF1B,MA0153.2,-10.9657,1.0,0.710691,0.722486,0.0686682,4871.0,False,1.0
FOXP2,FOXP2,MA0593.1,-10.9287,1.0,0.81398,0.825244,0.0686121,4871.0,True,1.0
BACH2,BACH2,MA1101.2,-11.0029,1.0,0.701155,0.709513,0.047978,4871.0,True,1.0
HOXB4,HOXB4,MA1499.1,-11.0018,1.0,0.842855,0.85515,0.070684,4871.0,False,1.0
GATA2,GATA2,MA0036.3,-10.9749,1.0,0.807777,0.818733,0.0649173,4871.0,False,1.0
ATF4,ATF4,MA0833.2,-10.9919,1.0,0.753425,0.762907,0.0556339,4871.0,True,1.0
FOSL1,FOSL1::JUND,MA1142.1,-10.9888,1.0,0.823899,0.832877,0.0528929,4871.0,False,1.0
JUND,FOSL1::JUND,MA1142.1,-10.9888,1.0,0.823899,0.832877,0.0528929,4871.0,True,1.0
FOXP1,FOXP1,MA0481.3,-10.9629,1.0,0.804018,0.816202,0.0735019,4871.0,True,1.0
FOSL1,FOSL1,MA0477.2,-11.029,1.0,0.771137,0.78171,0.0613278,4871.0,False,1.0
NFIL3,NFIL3,MA0025.2,-11.0037,1.0,0.758789,0.770336,0.068716,4871.0,False,1.0
Foxf1,Foxf1,MA1606.1,-11.0346,1.0,0.799022,0.811742,0.0762199,4871.0,False,1.0
Nr2e1,Nr2e1,MA0676.1,-11.0768,1.0,0.824847,0.834504,0.0566458,4871.0,False,1.0
NFE2L1,NFE2L1,MA0089.2,-11.1104,1.0,0.729289,0.737551,0.047188,4871.0,True,1.0
FOXL1,FOXL1,MA0033.2,-11.0585,1.0,0.870587,0.88206,0.068686,4871.0,False,1.0
Smad2,Smad2::Smad3,MA1622.1,-11.1192,1.0,0.779308,0.790122,0.0623696,4871.0,False,1.0
Smad3,Smad2::Smad3,MA1622.1,-11.1192,1.0,0.779308,0.790122,0.0623696,4871.0,False,1.0
BARX2,BARX2,MA1471.1,-11.1184,1.0,0.801699,0.814035,0.0717392,4871.0,False,1.0
HNF1A,HNF1A,MA0046.2,-11.1658,1.0,0.719804,0.731904,0.0695855,4871.0,False,1.0
NKX6-3,NKX6-3,MA1530.1,-11.1676,1.0,0.844106,0.854417,0.0592696,4871.0,False,1.0
Nkx3-2,Nkx3-2,MA0122.3,-11.1572,1.0,0.765376,0.775699,0.0599084,4871.0,False,1.0
Sox5,Sox5,MA0087.1,-11.1798,1.0,0.851132,0.863871,0.0745379,4871.0,True,1.0
DUXA,DUXA,MA0884.1,-11.2185,1.0,0.774775,0.785032,0.0589943,4871.0,False,1.0
GATA1,GATA1,MA0035.4,-11.2022,1.0,0.797169,0.807908,0.0632041,4871.0,False,1.0
MAF,MAF::NFE2,MA0501.1,-11.2729,1.0,0.737037,0.745182,0.0457847,4871.0,False,1.0
NFE2,MAF::NFE2,MA0501.1,-11.2729,1.0,0.737037,0.745182,0.0457847,4871.0,False,1.0
FOXA3,FOXA3,MA1683.1,-11.2406,1.0,0.801064,0.81337,0.072527,4871.0,False,1.0
Foxj2,Foxj2,MA0614.1,-11.2333,1.0,0.840781,0.852875,0.0717505,4871.0,True,1.0
POU6F1,POU6F1,MA1549.1,-11.2933,1.0,0.823784,0.833784,0.0568228,4871.0,False,1.0
MEF2A,MEF2A,MA0052.4,-11.2604,1.0,0.752727,0.766248,0.0789638,4871.0,False,1.0
SOX8,SOX8,MA0868.2,-11.2918,1.0,0.818195,0.828354,0.0591828,4871.0,False,1.0
BATF,BATF,MA1634.1,-11.369,1.0,0.78005,0.791318,0.0636493,4871.0,False,1.0
BATF,BATF::JUN,MA0462.2,-11.3784,1.0,0.778486,0.789704,0.0633352,4871.0,False,1.0
JUN,BATF::JUN,MA0462.2,-11.3784,1.0,0.778486,0.789704,0.0633352,4871.0,True,1.0
OLIG3,OLIG3,MA0827.1,-11.4385,1.0,0.810934,0.819075,0.0450957,4871.0,False,1.0
PROP1,PROP1,MA0715.1,-11.4487,1.0,0.726981,0.741717,0.0832338,4871.0,False,1.0
PBX2,PBX2,MA1113.2,-11.4518,1.0,0.752085,0.764427,0.0701353,4871.0,True,1.0
PHOX2A,PHOX2A,MA0713.1,-11.4656,1.0,0.75827,0.77139,0.0737707,4871.0,False,1.0
OLIG2,OLIG2,MA0678.1,-11.5592,1.0,0.784102,0.793193,0.0496598,4871.0,False,1.0
Arid5a,Arid5a,MA0602.1,-11.5368,1.0,0.76885,0.781936,0.073318,4871.0,False,1.0
Foxq1,Foxq1,MA0040.1,-11.6021,1.0,0.793521,0.805412,0.0661123,4871.0,False,1.0
POU3F2,POU3F2,MA0787.1,-11.6171,1.0,0.754323,0.767246,0.0728825,4871.0,True,1.0
FOXA2,FOXA2,MA0047.3,-11.6208,1.0,0.797511,0.810188,0.0718513,4871.0,False,1.0
MEIS1,MEIS1,MA1639.1,-11.6571,1.0,0.769061,0.780327,0.0623663,4871.0,False,1.0
JUND,JUND,MA0491.2,-11.6827,1.0,0.759319,0.770631,0.0617264,4871.0,True,1.0
POU6F2,POU6F2,MA0793.1,-11.7072,1.0,0.787685,0.799538,0.0644594,4871.0,True,1.0
Foxl2,Foxl2,MA1607.1,-11.6819,1.0,0.762118,0.774689,0.0705337,4871.0,False,1.0
CEBPG,CEBPG,MA1636.1,-11.7196,1.0,0.751024,0.761107,0.0555017,4871.0,False,1.0
MEIS2,MEIS2,MA1640.1,-11.7094,1.0,0.741613,0.753406,0.0655561,4871.0,False,1.0
FOXE1,FOXE1,MA1487.1,-11.7062,1.0,0.764158,0.774922,0.06034,4871.0,False,1.0
GATA1,GATA1::TAL1,MA0140.2,-11.7172,1.0,0.753529,0.762472,0.0499439,4871.0,False,1.0
TAL1,GATA1::TAL1,MA0140.2,-11.7172,1.0,0.753529,0.762472,0.0499439,4871.0,False,1.0
POU3F4,POU3F4,MA0789.1,-11.7373,1.0,0.774798,0.788443,0.0762536,4871.0,False,1.0
SRY,SRY,MA0084.1,-11.7185,1.0,0.863388,0.874533,0.0634537,4871.0,False,1.0
FOXD2,FOXD2,MA0847.2,-11.7899,1.0,0.801602,0.812352,0.0602114,4871.0,False,1.0
Dmrt1,Dmrt1,MA1603.1,-11.8241,1.0,0.746165,0.756716,0.0578198,4871.0,False,1.0
BATF3,BATF3,MA0835.2,-11.8406,1.0,0.777787,0.78925,0.0622158,4871.0,True,1.0
POU5F1B,POU5F1B,MA0792.1,-11.8264,1.0,0.799972,0.812863,0.0716278,4871.0,False,1.0
POU3F1,POU3F1,MA0786.1,-11.843,1.0,0.763319,0.776844,0.0749983,4871.0,True,1.0
JUNB,JUNB,MA0490.2,-11.9014,1.0,0.755399,0.767068,0.0625725,4871.0,True,1.0
POU4F2,POU4F2,MA0683.1,-11.8993,1.0,0.673286,0.685626,0.0669723,4871.0,False,1.0
POU1F1,POU1F1,MA0784.1,-11.8888,1.0,0.720585,0.733381,0.0708152,4871.0,False,1.0
Foxj3,Foxj3,MA0851.1,-11.8824,1.0,0.767909,0.779994,0.067405,4871.0,False,1.0
DUX4,DUX4,MA0468.1,-11.9251,1.0,0.78826,0.799608,0.0615674,4871.0,False,1.0
SOX2,SOX2,MA0143.4,-11.9048,1.0,0.812148,0.823216,0.0610801,4871.0,False,1.0
Six3,Six3,MA0631.1,-11.9402,1.0,0.721332,0.729997,0.0467303,4871.0,False,1.0
POU3F3,POU3F3,MA0788.1,-12.0149,1.0,0.748238,0.761638,0.0728661,4871.0,False,1.0
SOX15,SOX15,MA1152.1,-12.0062,1.0,0.855584,0.866958,0.0627075,4871.0,False,1.0
Mecom,Mecom,MA0029.1,-12.0864,1.0,0.738834,0.749394,0.0568537,4871.0,False,1.0
GATA6,GATA6,MA1104.2,-12.1143,1.0,0.767073,0.778888,0.0638944,4871.0,False,1.0
PHOX2B,PHOX2B,MA0681.2,-12.1494,1.0,0.686524,0.70334,0.0900077,4871.0,False,1.0
OLIG1,OLIG1,MA0826.1,-12.1964,1.0,0.763738,0.773932,0.0529025,4871.0,False,1.0
POU2F2,POU2F2,MA0507.1,-12.1959,1.0,0.76654,0.779783,0.0709602,4871.0,False,1.0
FOXA1,FOXA1,MA0148.4,-12.1775,1.0,0.774042,0.786924,0.0702793,4871.0,False,1.0
POU2F1,POU2F1,MA0785.1,-12.2674,1.0,0.767331,0.780451,0.0701546,4871.0,True,1.0
POU2F3,POU2F3,MA0627.2,-12.3312,1.0,0.754806,0.768735,0.074129,4871.0,False,1.0
ZBTB32,ZBTB32,MA1580.1,-12.3981,1.0,0.765883,0.777553,0.0597096,4871.0,False,1.0
POU4F3,POU4F3,MA0791.1,-12.4426,1.0,0.694472,0.708699,0.0737875,4871.0,False,1.0
Sox11,Sox11,MA0869.1,-12.514,1.0,0.645269,0.656775,0.0594109,4871.0,False,1.0
POU5F1,POU5F1,MA1115.1,-12.4929,1.0,0.794528,0.808771,0.0754549,4871.0,False,1.0
BHLHE23,BHLHE23,MA0817.1,-12.5704,1.0,0.750029,0.760671,0.0537018,4871.0,False,1.0
Sox1,Sox1,MA0870.1,-12.5699,1.0,0.681357,0.692287,0.055698,4871.0,False,1.0
FOXC2,FOXC2,MA0846.1,-12.576,1.0,0.804871,0.818261,0.0699313,4871.0,False,1.0
FOXB1,FOXB1,MA0845.1,-12.5902,1.0,0.782588,0.796028,0.0696385,4871.0,False,1.0
FOXC1,FOXC1,MA0032.2,-12.6049,1.0,0.81196,0.825264,0.0694367,4871.0,False,1.0
Pou5f1,Pou5f1::Sox2,MA0142.1,-12.7323,1.0,0.738041,0.749041,0.0559755,4871.0,False,1.0
Sox2,Pou5f1::Sox2,MA0142.1,-12.7323,1.0,0.738041,0.749041,0.0559755,4871.0,False,1.0
DMRT3,DMRT3,MA0610.1,-12.918,1.0,0.774686,0.786884,0.0597039,4871.0,False,1.0
SOX21,SOX21,MA0866.1,-12.9171,1.0,0.680272,0.69156,0.056102,4871.0,False,1.0
POU4F1,POU4F1,MA0790.1,-13.017,1.0,0.713351,0.728739,0.0759098,4871.0,False,1.0
MAFG,MAFG,MA0659.2,-13.2051,1.0,0.738851,0.749157,0.0495737,4871.0,False,1.0
DMRTA2,DMRTA2,MA1478.1,-13.2782,1.0,0.794369,0.804898,0.0505691,4871.0,False,1.0
MAFF,MAFF,MA0495.3,-13.85,1.0,0.732516,0.743798,0.0520283,4871.0,False,1.0
DMRTC2,DMRTC2,MA1479.1,-14.1978,1.0,0.762825,0.774699,0.0534471,4871.0,False,1.0
Degrees,Degrees,of,freedom:,42252.0,,,,,False,1.0
