"CHEM_ID","SUPER_PATHWAY","SUB_PATHWAY","CHEMICAL_NAME","SHORT_NAME","CHEMSPIDER","HMDB","PUBCHEM","KEGG","p_val","acrophase_AD","acrophase_CTL","amplitude_AD","amplitude_CTL","BHQ","Bonf","Log_AD_CTL_ampRatio"
"100000007","Lipid","Carnitine Metabolism","carnitine","carnitine",10455,"HMDB0000062",288,"C00487,C00308",0.733114646390544,"5.09163012767477","5.46531281573566","0.160187410665326","0.146991763571488",0.965719430998663,1,0.0859678913529046
"100000008","Xenobiotics","Benzoate Metabolism","benzoate","benzoate",238,"HMDB0001870",243,"C00180",0.223866183388941,"2.20162550620288","2.91175488244832","0.131266958198011","0.0514951216485715",0.869633858265618,1,0.935746020531112
"100000039","Amino Acid","Methionine, Cysteine, SAM and Taurine Metabolism","methionine sulfoxide","methionine sulfoxide",139840,"HMDB0002005",158980,"C02989",0.325990591236258,"5.59259517040363","6.26286275374224","0.173913679688534","0.125681737511339",0.869841646053757,1,0.324806263640108
"100000042","Amino Acid","Histidine Metabolism","3-methylhistidine","3-methylhistidine",58494,"HMDB0000479",64969,"C01152",0.155063924203223,"2.46607016194213","2.24902399997607","0.615447676706541","0.192247258643898",0.866210306792007,1,1.16356758364384
"100000096","Amino Acid","Guanidino and Acetamido Metabolism","4-guanidinobutanoate","4-guanidinobutanoate",486,"HMDB0003464",500,"C01035",0.680564669332539,"1.59543752459687","2.14545048887106","0.0664275770506799","0.0931919344546372",0.965719430998663,1,-0.338548890469977
"100000125","Nucleotide","Pyrimidine Metabolism, Cytidine containing","2'-deoxycytidine","2'-deoxycytidine",13117,"HMDB0000014",13711,"C00881",0.301646358713091,"1.92265999432507","2.1076764808291","0.378119286746489","0.237420284696323",0.869841646053757,1,0.465377795490239
"100000135","Nucleotide","Purine Metabolism, (Hypo)Xanthine/Inosine containing","2'-deoxyinosine","2'-deoxyinosine",58569,"HMDB0000071",135398593,"C05512",0.727556506873915,"5.72299615846477","6.13678936982016","0.152455978368905","0.156451839154899",0.965719430998663,1,-0.0258723376481702
"100000265","Amino Acid","Tryptophan Metabolism","kynurenine","kynurenine",141580,"HMDB0000684",161166,"C00328",0.712445786075474,"4.86245906853574","5.02700838152954","0.363267509252015","0.314380553934899",0.965719430998663,1,0.144535295655957
"100000269","Lipid","Phospholipid Metabolism","glycerophosphorylcholine (GPC)","glycerophosphorylcholine (GPC)",571409,"HMDB0000086",71920,"C00670",0.0661412440642687,"4.85401273725581","5.53862911066226","0.229530764301717","0.127776009487409",0.637839142385228,1,0.585758264630628
"100000272","Amino Acid","Glycine, Serine and Threonine Metabolism","allo-threonine","allo-threonine",89699,"HMDB0004041",99289,"C05519",0.708003135020437,"5.44917350052013","5.04668770057231","0.104124896104753","0.142227308222465",0.965719430998663,1,-0.311835437184223
"100000275","Carbohydrate","Glycogen Metabolism","maltotetraose","maltotetraose",393830,"HMDB0001296",439639,"C02052",0.711620576337646,"5.66676498809091","5.36408701900035","0.571759915589303","0.415488059499721",0.965719430998663,1,0.319265299062186
"100000276","Carbohydrate","Glycogen Metabolism","maltotriose","maltotriose",388669,"HMDB0001262",439586,"C01835",0.483110963333723,"5.88235213400068","5.3033015500179","0.497622120328762","0.29094071514502",0.965719430998663,1,0.536721476081686
"100000298","Carbohydrate","Nucleotide Sugar","UDP-galactose","UDP-galactose",17069,"HMDB0000302",18068,"C00052",0.277470701730132,"4.9775793414177","5.98942289592005","0.223953124373389","0.222804942528299",0.869841646053757,1,0.00514007225878721
"100000300","Carbohydrate","Fructose, Mannose and Galactose Metabolism","galactose 1-phosphate","galactose 1-phosphate",NA,"HMDB0000645",123912,"C00446",0.785789832129171,"5.33461741591879","4.91052382083966","0.152491583916202","0.173075298913098",0.971227143557836,1,-0.1266173465454
"100000442","Xenobiotics","Food Component/Plant","quinate","quinate",10246715,"HMDB0003072",6508,"C00296",0.172911869625862,"1.95879202947993","1.23483829631738","0.468551538345582","0.0548004512018706",0.866210306792007,1,2.14594767523833
"100000467","Amino Acid","Tryptophan Metabolism","3-indoxyl sulfate","3-indoxyl sulfate",9840,"HMDB0000682",10258,NA,0.578205613503162,"5.04327816134375","4.44123563734756","0.361698836529146","0.310336653807803",0.965719430998663,1,0.153154234024617
"100000487","Peptide","Dipeptide","glycylvaline","glycylvaline",2006926,"HMDB0028854",2724807,NA,0.625937014723425,"5.55536917468926","5.94575474616505","0.313292041124442","0.321838797125785",0.965719430998663,1,-0.0269149958768873
"100000660","Lipid","Phosphatidylcholine (PC)","1,2-distearoyl-GPC (18:0/18:0)","1,2-distearoyl-GPC (18:0/18:0)",85004,"HMDB0008036",94190,NA,0.0561921558026394,"6.16421556712885","2.69934594982662","0.00492076890786267","0.208841616472769",0.637839142385228,1,-3.74811134837806
"100000776","Lipid","Fatty Acid Metabolism (Acyl Carnitine, Long Chain Saturated)","palmitoylcarnitine (C16)","palmitoylcarnitine (C16)",448,"HMDB0000222",461,"C02990",0.699367440212158,"5.05845606948223","4.68769632736982","0.170841921422257","0.193685783083927",0.965719430998663,1,-0.125498478325982
"100000802","Lipid","Fatty Acid Metabolism (Acyl Carnitine, Short Chain)","acetylcarnitine (C2)","acetylcarnitine (C2)",5406074,"HMDB0000201",7045767,"C02571",0.628843973219969,"4.97748257019602","4.92595062544196","0.0828007678858416","0.133988109432197",0.965719430998663,1,-0.481313725101252
"100000846","Xenobiotics","Food Component/Plant","erythritol","erythritol",13835932,"HMDB0002994",222285,"C00503",0.735009417903386,"5.12346622127066","5.15895902035479","0.087016088062091","0.0563528328217632",0.965719430998663,1,0.434460510687148
"100000961","Amino Acid","Urea cycle; Arginine and Proline Metabolism","homoarginine","homoarginine",8732,"HMDB0000670",9085,"C01924",0.68837557948228,"1.07055481840911","1.4837476738336","0.180069920372775","0.248650423603411",0.965719430998663,1,-0.32270276679264
"100000997","Lipid","Fatty Acid, Monohydroxy","3-hydroxydecanoate","3-hydroxydecanoate",24790,"HMDB0002203",26612,NA,0.276382296243333,"5.85419326350195","4.989232862065","0.106129474444496","0.0796478954181857",0.869841646053757,1,0.287044192629662
"100001006","Amino Acid","Glycine, Serine and Threonine Metabolism","N-acetylglycine","N-acetylglycine",10507,"HMDB0000532",10972,NA,0.96240089696694,"5.51338213516029","5.34281747904014","0.141795874732764","0.12991706696596",0.990588370936683,1,0.0874922210567699
"100001022","Cofactors and Vitamins","Ascorbate and Aldarate Metabolism","threonate","threonate",133224,"HMDB0062620,HMDB0000943",1511525460407,"C01620",0.603680840660786,"5.38608381928458","5.12001860911116","0.0397045667365548","0.0862138505643978",0.965719430998663,1,-0.775364631938416
"100001051","Amino Acid","Histidine Metabolism","1-methylhistidine","1-methylhistidine",83153,"HMDB0000001",92105,"C01152",0.884779011361681,"5.20589823602894","5.016303766199","0.266857082561887","0.319531917584465",0.985581022633763,1,-0.180143923583359
"100001054","Lipid","Fatty Acid Metabolism (also BCAA Metabolism)","butyrylcarnitine (C4)","butyrylcarnitine (C4)",184820,"HMDB0002013",439829,"C02862",0.604043290266786,"5.04617743872063","4.51211853162729","0.183649398916286","0.189033005329656",0.965719430998663,1,-0.0288931319119822
"100001055","Amino Acid","Leucine, Isoleucine and Valine Metabolism","isobutyrylcarnitine (C4)","isobutyrylcarnitine (C4)",NA,"HMDB0000736",168379,NA,0.767117324421189,"4.99100769398522","5.30137768582915","0.297135072157484","0.26970508283901",0.965719430998663,1,0.0968577475887702
"100001092","Cofactors and Vitamins","Nicotinate and Nicotinamide Metabolism","trigonelline (N'-methylnicotinate)","trigonelline (N'-methylnicotinate)",5369,"HMDB0000875",5570,"C01004",0.617179240101984,"1.756881225681","1.86820963712098","0.622528751522733","0.376234743378161",0.965719430998663,1,0.503576548377469
"100001112","Lipid","Fatty Acid, Monohydroxy","3-hydroxylaurate","3-hydroxylaurate",85026,"HMDB0000387",94216,NA,0.268896006926304,"5.37881514056691","4.93685080216711","0.0830335092788904","0.155539604799791",0.869841646053757,1,-0.62765613986394
"100001162","Lipid","Fatty Acid Metabolism (also BCAA Metabolism)","propionylcarnitine (C3)","propionylcarnitine (C3)",96904,"HMDB0000824",107738,"C03017",0.676460271929582,"5.22225961065675","4.84202795960546","0.0975010943729322","0.139413649604763",0.965719430998663,1,-0.357581808074704
"100001170","Amino Acid","Leucine, Isoleucine and Valine Metabolism","3-hydroxy-2-ethylpropionate","3-hydroxy-2-ethylpropionate",164207,"HMDB0000396",188979,NA,0.362328219934454,"5.13324323298972","5.50864951805142","0.214774085953647","0.125709236674971",0.873850412783095,1,0.535615117885239
"100001198","Lipid","Long Chain Monounsaturated Fatty Acid","myristoleate (14:1n5)","myristoleate (14:1n5)",4444564,"HMDB0002000",5281119,"C08322",0.527473489173211,"5.36149261389007","5.72837452088781","0.0602934936746505","0.162890068338124",0.965719430998663,1,-0.993851347252774
"100001208","Amino Acid","Histidine Metabolism","1-methyl-4-imidazoleacetate","1-methyl-4-imidazoleacetate",68319,"HMDB0002820",75810,"C05828",0.439087877405477,"1.50227722511557","1.89057846410386","0.302820476994856","0.243248143826469",0.935314592257693,1,0.219058054441845
"100001258","Peptide","Dipeptide","glycylleucine","glycylleucine",83812,"HMDB0000759",92843,"C02155",0.597317946142805,"5.70338748791792","6.25613121477732","0.316999632716098","0.38773554223114",0.965719430998663,1,-0.201422899793619
"100001270","Lipid","Fatty Acid Metabolism (Acyl Carnitine, Long Chain Saturated)","myristoylcarnitine (C14)","myristoylcarnitine (C14)",4932274,"HMDB000506",6426854,NA,0.980265656232655,"5.12245570669314","5.03001977843728","0.209342685288729","0.212950788010133",0.995430560558436,1,-0.0170885450607635
"100001293","Amino Acid","Histidine Metabolism","N-acetylhistidine","N-acetylhistidine",68142,"HMDB0032055",75619,"C02997",0.0355623828945138,"0.959520189733398","2.01624318664783","0.402677077724541","0.223005273278003",0.637839142385228,1,0.590939526601493
"100001300","Amino Acid","Leucine, Isoleucine and Valine Metabolism","alpha-hydroxyisovalerate","alpha-hydroxyisovalerate",90190,"HMDB0000407",99823,NA,0.22440081514723,"4.48311674163894","5.29197614910584","0.288573968626494","0.308607112095704",0.869633858265618,1,-0.0671175425156621
"100001310","Cofactors and Vitamins","Nicotinate and Nicotinamide Metabolism","nicotinamide riboside","nicotinamide riboside",NA,"HMDB0000855",439924,"C03150",0.750161954990378,"1.67214476061968","1.43868914865666","0.207455343002047","0.176822366686213",0.965719430998663,1,0.159770451452622
"100001311","Amino Acid","Glutathione Metabolism","ophthalmate","ophthalmate",7993181,"HMDB0005765",7018721,NA,0.884137926337489,"5.18442615188865","5.36296719568253","0.292521856502724","0.325623489429647",0.985581022633763,1,-0.107202386542706
"100001320","Carbohydrate","Aminosugar Metabolism","erythronate*","erythronate*",2061231,"HMDB0000613",2781043,NA,0.410800815972666,"4.62300226458413","5.23580898676764","0.0299927069063455","0.0667926432859899",0.927128447057576,1,-0.800638695042559
"100001391","Lipid","Fatty Acid Metabolism (Acyl Carnitine, Long Chain Saturated)","stearoylcarnitine (C18)","stearoylcarnitine (C18)",21233653,"HMDB0000848",3006797,NA,0.444201994042671,"5.15643176410546","4.65263874760865","0.148253031441163","0.182353262218318",0.935314592257693,1,-0.207025321129031
"100001392","Lipid","Fatty Acid Metabolism (Acyl Carnitine, Medium Chain)","laurylcarnitine (C12)","laurylcarnitine (C12)",8602997,"HMDB000225",168381,NA,0.876453463136918,"5.24132612980743","5.01454049618408","0.225337585157089","0.234579963159588",0.985581022633763,1,-0.0401968678077818
"100001393","Amino Acid","Leucine, Isoleucine and Valine Metabolism","isovalerylcarnitine (C5)","isovalerylcarnitine (C5)",4932271,"HMDB0000688",169235,"C20826",0.623584136025867,"4.88782766405764","5.39358886460433","0.298926430786757","0.271905144069859",0.965719430998663,1,0.0947442217982808
"100001407","Lipid","Phospholipid Metabolism","cytidine-5'-diphosphoethanolamine","CDP-ethanolamine",287,"HMDB0001564",123727,"C00570",0.768949768213655,"4.84741083825643","4.55822694278461","0.0668384781969158","0.0929405022942867",0.965719430998663,1,-0.32968059252469
"100001409","Nucleotide","Purine Metabolism, (Hypo)Xanthine/Inosine containing","N1-methylinosine","N1-methylinosine",513976,"HMDB0002721",650095,NA,0.811434794734037,"4.67568486184242","4.98354823369649","0.17349131097773","0.165785429437398",0.975837164155957,1,0.0454331588267875
"100001412","Nucleotide","Purine Metabolism, Guanine containing","N2,N2-dimethylguanosine","N2,N2-dimethylguanosine",83878,"HMDB0004824",135501639,NA,0.947258219674428,"4.92573441982606","5.09579866978092","0.188687872564362","0.187938045237905",0.990588370936683,1,0.00398182005919699
"100001415","Nucleotide","Purine Metabolism, Adenine containing","N6-carbamoylthreonyladenosine","N6-carbamoylthreonyladenosine",141829,"HMDB0041623",161466,NA,0.388598375724741,"4.81730705429973","5.16769924850229","0.0351482867727543","0.0760082187720459",0.910430480269393,1,-0.771265599570244
"100001416","Nucleotide","Pyrimidine Metabolism, Orotate containing","orotidine","orotidine",83729,"HMDB0000788",92751,NA,0.612354250723794,"3.57459265986867","3.3245477145429","0.10630334621966","0.21113405960081",0.965719430998663,1,-0.6861965214119
"100001417","Peptide","Acetylated Peptides","phenylacetylglutamine","phenylacetylglutamine",270643,"HMDB0006344",92258,"C04148",0.767665318263026,"5.04756775127031","4.70875335404036","0.471284508784707","0.444016150769112",0.965719430998663,1,0.0596010268947706
"100001425","Nucleotide","Pyrimidine Metabolism, Uracil containing","5,6-dihydrouridine","5,6-dihydrouridine",85115,"HMDB0000497",94312,NA,0.920538065713801,"5.15718300054319","4.96274642583931","0.206158816570692","0.210672518755077",0.985581022633763,1,-0.0216580580099159
"100001437","Amino Acid","Glutathione Metabolism","cysteine-glutathione disulfide","cysteine-glutathione disulfide",3455404,"HMDB0000656",3080690,"R00900",0.198392895800177,"6.1925562563683","5.19947277356057","0.125055412235052","0.161218759221264",0.866210306792007,1,-0.2540052586869
"100001456","Nucleotide","Purine Metabolism, Guanine containing","7-methylguanine","7-methylguanine",10883,"HMDB0000897",135398679,"C02242",0.70060507440692,"5.98587583921316","5.6435740733787","0.0606158906284206","0.0904571124073997",0.965719430998663,1,-0.400318762038532
"100001462","Lipid","Lysophospholipid","1-stearoyl-GPG (18:0)","1-stearoyl-GPG (18:0)",21403138,NA,NA,NA,0.00395799526842995,"2.18766488526891","0.348866960939123","0.296927776629392","0.164199235042703",0.401851139779106,0.973666836033768,0.592408394583482
"100001467","Nucleotide","Purine Metabolism, Guanine containing","N2-methylguanosine","N2-methylguanosine",2299669,"HMDB0005862",135501934,NA,0.772945997328558,"5.9455882082024","6.20302984112247","0.10151965357339","0.127075317620342",0.965719430998663,1,-0.224527551798697
"100001468","Cofactors and Vitamins","Nicotinate and Nicotinamide Metabolism","N1-Methyl-2-pyridone-5-carboxamide","N1-Methyl-2-pyridone-5-carboxamide",62899,"HMDB0004193",69698,"C05842",0.884125802748099,"4.91133827198227","4.64195092978812","0.317670586992919","0.347409200534093",0.985581022633763,1,-0.0894883815187174
"100001501","Lipid","Fatty Acid Metabolism (Acyl Carnitine, Monounsaturated)","oleoylcarnitine (C18:1)","oleoylcarnitine (C18:1)",21403150,"HMDB0005065",6441392,NA,0.907667459672999,"4.78918449896715","4.76820756715913","0.194612324581824","0.232598574282431",0.985581022633763,1,-0.178304609939729
"100001509","Amino Acid","Leucine, Isoleucine and Valine Metabolism","2-methylbutyrylcarnitine (C5)","2-methylbutyrylcarnitine (C5)",4932320,"HMDB0000378",6426901,NA,0.575952739345917,"4.68451322890962","5.14510857472498","0.236722149078744","0.264164212728504",0.965719430998663,1,-0.109683841065078
"100001540","Partially Characterized Molecules","Partially Characterized Molecules","glutamine_degradant*","glutamine_degradant*",NA,NA,NA,NA,0.0653213127766149,"5.06463727584995","5.70571105828334","0.179758246125829","0.0866493088960449",0.637839142385228,1,0.729743830755482
"100001586","Cofactors and Vitamins","Ascorbate and Aldarate Metabolism","gulonate*","gulonate*",7969943,"HMDB0003290",152304,"C00800",0.427291334346017,"5.56251719756929","4.89152362698293","0.0930091721657231","0.156354693334051",0.934614559463761,1,-0.519428987851671
"100001593","Amino Acid","Lysine Metabolism","glutarylcarnitine (C5-DC)","glutarylcarnitine (C5-DC)",21403175,"HMDB0013130",71317118,NA,0.418256924743901,"5.65837190663011","4.8373875156508","0.139299033723785","0.1443441412815",0.931624006158199,1,-0.0355773742833857
"100001594","Amino Acid","Leucine, Isoleucine and Valine Metabolism","beta-hydroxyisovaleroylcarnitine","beta-hydroxyisovaleroylcarnitine",21403176,NA,NA,NA,0.43199928879413,"5.26146943471825","5.17904826799718","0.190185028689616","0.12187271614504",0.934614559463761,1,0.445020243679428
"100001597","Amino Acid","Leucine, Isoleucine and Valine Metabolism","tiglylcarnitine (C5:1-DC)","tiglyl carnitine (C5)",17216200,"HMDB0002366",22833596,NA,0.509741895213727,"5.28116379309132","5.62921793983501","0.167278408577915","0.259562665633372",0.965719430998663,1,-0.43933861796359
"100001620","Lipid","Phospholipid Metabolism","glycerophosphoethanolamine","glycerophosphoethanolamine",110410,"HMDB0000114",123874,"C01233",0.467814993693192,"4.98177115910858","5.40993626432628","0.122644769072051","0.0927760192923341",0.956889349879822,1,0.279103926966204
"100001628","Carbohydrate","Pentose Phosphate Pathway","sedoheptulose-7-phosphate","sedoheptulose-7-phosphate",596,"HMDB0001068",616,"C05382",0.0804598580144848,"5.48180114580161","3.75972398274512","0.0646758916178685","0.153709588418001",0.638487905534299,1,-0.865676518474855
"100001644","Carbohydrate","Nucleotide Sugar","adenosine-5'-diphosphoglucose","adenosine-5'-diphosphoglucose",193,"HMDB0006557",16500,"C00498",0.535226552312915,"5.66753392877501","5.56000146803682","0.0842233451143149","0.194169932883765",0.965719430998663,1,-0.835261577640083
"100001668","Amino Acid","Histidine Metabolism","1-ribosyl-imidazoleacetate*","1-ribosyl-imidazoleacetate*",4292299,"HMDB0002331",440569,"C05131",0.156143283457845,"5.43955602743871","4.20097660114094","0.238119348910304","0.158106457616966",0.866210306792007,1,0.409503425465708
"100001694","Nucleotide","Purine Metabolism, Adenine containing","adenosine 2'-monophosphate (2'-AMP)","2'-AMP",NA,"HMDB0011617",94136,"C00946",0.992188026169952,"5.39859226137258","5.35225950071382","0.203101498839868","0.195561782519041",0.996237773215544,1,0.0378294957554254
"100001734","Amino Acid","Lysine Metabolism","N6-acetyllysine","N6-acetyllysine",83801,"HMDB0000206",92832,"C02727",0.069579042491283,"5.51859942581856","6.27834000126609","0.200073429447686","0.117504096583648",0.637839142385228,1,0.532211248886267
"100001740","Carbohydrate","Fructose, Mannose and Galactose Metabolism","mannitol/sorbitol","mannitol/sorbitol",440,"HMDB0000247,HMDB0000765",57806251,"C00392,C00794",0.652970376572785,"5.39924828859957","5.32237513075463","0.158196242424808","0.114727263172703",0.965719430998663,1,0.321278615973828
"100001810","Amino Acid","Urea cycle; Arginine and Proline Metabolism","dimethylarginine (SDMA + ADMA)","dimethylarginine (ADMA + SDMA)",110375,"HMDB0003334,HMDB0001539",123831169148,"C21189,C03626",0.929976510779009,"5.44179338994063","5.40169080508044","0.188695410708731","0.158158273620729",0.985581022633763,1,0.176537868105019
"100001856","Lipid","Phosphatidylethanolamine (PE)","1-stearoyl-2-oleoyl-GPE (18:0/18:1)","1-stearoyl-2-oleoyl-GPE (18:0/18:1)",NA,"HMDB0008993",9546742,NA,0.0494392184878328,"1.36322872667143","3.23969338101741","0.0420001505514303","0.0603226240068871",0.637839142385228,1,-0.362034021359168
"100002102","Nucleotide","Pyrimidine Metabolism, Uracil containing","N-acetyl-beta-alanine","N-acetyl-beta-alanine",68881,"HMDB0061880",76406,"C01073",0.605470910966833,"4.42970908339315","4.71957382838551","0.0637051840584441","0.120387483616766",0.965719430998663,1,-0.636449629139565
"100002113","Amino Acid","Methionine, Cysteine, SAM and Taurine Metabolism","cysteine sulfinic acid","cysteine sulfinic acid",107,"HMDB0000996",109,"C00606",0.334648611547369,"1.00052063797723","1.36044653959594","0.0458738121527018","0.143240326990533",0.869841646053757,1,-1.13862941503303
"100002180","Carbohydrate","Glycolysis, Gluconeogenesis, and Pyruvate Metabolism","fructose 1,6-diphosphate/glucose 1,6-diphosphate/myo-inositol diphosphates","Isobar: hexose diphosphates",NA,"HMDB0001058,HMDB0003514",3.9341243839561e+46,"C01231,C00354,C05378",0.0308857027598353,"0.709636803997295","4.36723860035576","0.0909911127402575","0.188218846602398",0.637839142385228,1,-0.726843523936597
"100002204","Amino Acid","Histidine Metabolism","N-acetyl-3-methylhistidine*","N-acetyl-3-methylhistidine*",19993498,NA,193270,NA,0.156844257014672,"1.85431344400446","1.97061967208464","0.721720476472417","0.319578567001994",0.866210306792007,1,0.81463476253284
"100002284","Lipid","Fatty Acid, Dihydroxy","2S,3R-dihydroxybutyrate","2S,3R-dihydroxybutyrate",9139682,"HMDB0002453",10964471,NA,0.928846274386192,"5.16293779085795","5.28316981872656","0.317363751396196","0.317900921791666",0.985581022633763,1,-0.0016911707707675
"100002458","Amino Acid","Leucine, Isoleucine and Valine Metabolism","3-methylglutaconate","3-methylglutaconate",1267861,"HMDB0000522",1551553,NA,0.17023277473481,"4.54549228216396","5.03846733407586","0.137846122184754","0.194060349000185",0.866210306792007,1,-0.342031181622533
"100002462","Amino Acid","Lysine Metabolism","5-(galactosylhydroxy)-L-lysine","5-(galactosylhydroxy)-L-lysine",NA,NA,66995551,NA,0.66360708630234,"5.08971301618396","4.52814031823326","0.0759624635044085","0.0835581796798786",0.965719430998663,1,-0.0953038348445517
"100002528","Xenobiotics","Chemical","sulfate*","sulfate*",1086,"HMDB01448",5152822,"C00059",0.675314171762625,"4.63661511647448","4.9682502210308","0.159780236274671","0.136635764264187",0.965719430998663,1,0.156480617480511
"100002668","Xenobiotics","Drug - Other","N-carbamoylglutamate","N-carbamoylglutamate",108351,"HMDB0062795",3679006,"C05829",0.327305672483894,"5.79660605359404","5.04013136203479","0.114930433151435","0.16316334682861",0.869841646053757,1,-0.350424810592961
"100002733","Nucleotide","Purine Metabolism, Guanine containing","guanosine 2'-monophosphate (2'-GMP)*","guanosine 2'-monophosphate (2'-GMP)*",392466,"HMDB0240586",135460966,NA,0.602022728126687,"5.37851514603158","5.84568710425222","0.239187927980628","0.209208269318242",0.965719430998663,1,0.133919292795076
"100002769","Amino Acid","Urea cycle; Arginine and Proline Metabolism","argininate*","argininate*",140984,"HMDB0003148",160437,NA,0.0700852152774371,"2.85703201293708","1.74294570570346","0.0371781350501573","0.16084081474242",0.637839142385228,1,-1.46469432655505
"100003000","Lipid","Lysoplasmalogen","1-(1-enyl-palmitoyl)-GPE (P-16:0)*","1-(1-enyl-palmitoyl)-GPE (P-16:0)*",10471193,"HMDB0011152",NA,NA,0.652384749319637,"5.752183477506","5.86798730972074","0.0981890169093514","0.0586798883745121",0.965719430998663,1,0.514797314006984
"100003001","Lipid","Lysoplasmalogen","1-(1-enyl-stearoyl)-GPE (P-18:0)*","1-(1-enyl-stearoyl)-GPE (P-18:0)*",NA,NA,NA,NA,0.162974182730584,"6.03278990011972","4.81127344943228","0.0787296988467561","0.0316085341566703",0.866210306792007,1,0.912593299669358
"100003151","Lipid","Fatty Acid Metabolism (Acyl Carnitine, Polyunsaturated)","linoleoylcarnitine (C18:2)*","linoleoylcarnitine (C18:2)*",4952667,"HMDB0006469",6450015,NA,0.933497472657182,"4.76351249114298","4.86711815393073","0.228043190653677","0.261772111829019",0.985581022633763,1,-0.13793927937847
"100003169","Peptide","Dipeptide","isoleucylglycine","isoleucylglycine",303621,"HMDB0028907",342532,NA,0.325380073664057,"5.53459991711988","6.22831020161573","0.292414156855464","0.476738601459589",0.869841646053757,1,-0.488797192590771
"100003185","Peptide","Dipeptide","leucylglycine","leucylglycine",71402,"HMDB0028929",79070,NA,0.740786686163636,"5.72671320459949","6.00035419953505","0.142011641093901","0.190430118184916",0.965719430998663,1,-0.293376259816206
"100003258","Cofactors and Vitamins","Ascorbate and Aldarate Metabolism","2-O-methylascorbic acid","2-O-methylascorbic acid",90149,"HMDB0240294",54726398,NA,0.96015978480846,"4.72733492334069","4.89698378858027","0.073294544703307","0.0789089679945571",0.990588370936683,1,-0.0738087023037676
"100003588","Peptide","Dipeptide","phenylalanylglycine","phenylalanylglycine",88678,"HMDB0028995",6992304,NA,0.797291681805266,"5.65759052763967","5.93789400930924","0.353265160056336","0.389023364411153",0.973550537639002,1,-0.0964204679830806
"100003598","Peptide","Dipeptide","tyrosylglycine","tyrosylglycine",227627,"HMDB0029105",7021854,NA,0.924151268246673,"5.57905939000307","5.74989919453972","0.230566648906303","0.220932378639724",0.985581022633763,1,0.0426832942183838
"100003674","Peptide","Dipeptide","prolylglycine","prolylglycine",4932143,"HMDB0011178",6426709,NA,0.30394056412691,"5.8174110458295","0.385513663267188","0.0821869392467927","0.127648771359347",0.869841646053757,1,-0.440286119071414
"100003695","Xenobiotics","Food Component/Plant","mannonate*","mannonate*",2496757,NA,3246006,NA,0.145306702962924,"5.36684520387617","4.81085673825232","0.252777055816149","0.122284864498423",0.866210306792007,1,0.726154620065671
"100003823","Xenobiotics","Food Component/Plant","3-hydroxyindolin-2-one","3-hydroxyindolin-2-one",5872,NA,6097,"C11130",0.549721251830137,"5.3327655925185","4.75815678576851","0.262967478082201","0.206033048654056",0.965719430998663,1,0.24399378076792
"100003892","Amino Acid","Methionine, Cysteine, SAM and Taurine Metabolism","lanthionine","lanthionine",88959,NA,98504,NA,0.932922736626235,"4.91342578027222","4.86848391821568","0.131153944091166","0.112324529368248",0.985581022633763,1,0.154979513955509
"100003926","Lipid","Fatty Acid Metabolism (Acyl Carnitine, Hydroxy)","(R)-3-hydroxybutyrylcarnitine","(R)-3-hydroxybutyrylcarnitine",NA,"HMDB0013127",53481617,NA,0.33855441995852,"5.80488418904299","5.14750522207608","0.253848563588154","0.178650494403393",0.869841646053757,1,0.351306530964092
"100004290","Amino Acid","Tyrosine Metabolism","o-Tyrosine","o-Tyrosine",82607,"HMDB0006050",91482,NA,0.715654750369353,"5.31246864534097","5.62064054660773","0.106817185178643","0.0907365258826184",0.965719430998663,1,0.163158836495095
"100004488","Amino Acid","Urea cycle; Arginine and Proline Metabolism","N-monomethylarginine","N-monomethylarginine",117259,"HMDB0029416",132862,"C03884",0.564553812228119,"5.86066554606196","0.119388073626117","0.12879811637568","0.145261845878989",0.965719430998663,1,-0.120291758360606
"100004499","Amino Acid","Lysine Metabolism","6-oxopiperidine-2-carboxylate","6-oxopiperidine-2-carboxylate",2282737,"HMDB0061705",3014237,NA,0.212379577937721,"5.03030553720212","5.59815115349079","0.456833208698347","0.145557458921579",0.869633858265618,1,1.14374743891699
"100004541","Amino Acid","Polyamine Metabolism","acisoga","acisoga",114601,"HMDB0061384",129397,NA,0.457228319241418,"4.83458863332112","5.13199725284775","0.434993635533711","0.342097729392518",0.945194676751167,1,0.240234945325576
"100004561","Amino Acid","Tryptophan Metabolism","N-formylanthranilic acid","N-formylanthranilic acid",91624,"HMDB0004089",101399,"C05653",0.55608016832794,"5.54011088810525","5.7078814017789","0.158048498183082","0.101916904166135",0.965719430998663,1,0.438744120226646
"100005383","Xenobiotics","Bacterial/Fungal","N-methylpipecolate","N-methylpipecolate",9461516,NA,11286529,NA,0.569115878594019,"4.57163520047865","4.74254698139393","0.148971660763015","0.3236528368183",0.965719430998663,1,-0.775915358399106
"100005384","Xenobiotics","Chemical","O-sulfo-L-tyrosine","O-sulfo-L-tyrosine",448617,NA,514186,NA,0.930834638480712,"4.96728793068889","4.80706056805613","0.0549733098049913","0.0671875909771926",0.985581022633763,1,-0.200640781225263
"100006051","Lipid","Fatty Acid Metabolism (Acyl Carnitine, Monounsaturated)","myristoleoylcarnitine (C14:1)*","myristoleoylcarnitine (C14:1)*",34999520,"HMDB0240588",129691961,NA,0.893571912755001,"4.94903897009418","5.14683514513319","0.238546217433157","0.262836426767718",0.985581022633763,1,-0.0969688118906181
"100006115","Carbohydrate","Pentose Metabolism","arabonate/xylonate","arabonate/xylonate",NA,"HMDB0000539",1220456602431,"C00502,C05411",0.488586398897558,"5.05769857892499","5.00604781446434","0.135888074830697","0.0642151470583568",0.965719430998663,1,0.749592449360777
"100006294","Lipid","Sphingomyelins","behenoyl sphingomyelin (d18:1/22:0)*","behenoyl sphingomyelin (d18:1/22:0)*",24846873,"HMDB0012103",44260125,NA,0.10386260470804,"0.25182217185875","2.86376084612743","0.0452291869606521","0.15711584787605",0.774248507823571,1,-1.24524081014342
"100006435","Carbohydrate","Aminosugar Metabolism","N-acetylglucosamine/N-acetylgalactosamine","N-acetylglucosamine/N-acetylgalactosamine",NA,"HMDB0000212,HMDB0000215",43917484265,"C01074",0.637810236444361,"1.54210265355227","1.18865131309282","0.126426990745925","0.15572214452359",0.965719430998663,1,-0.208408301012035
"100008928","Amino Acid","Glutathione Metabolism","2-hydroxybutyrate/2-hydroxyisobutyrate","2-hydroxybutyrate/2-hydroxyisobutyrate",NA,"HMDB0000729,HMDB00008",4408644277439,"C21297,C05984",0.746564026486498,"5.05439125931315","5.30599078193687","0.26087481555773","0.271873695423078",0.965719430998663,1,-0.0412969450044422
"100008929","Energy","TCA Cycle","2-methylcitrate/homocitrate","2-methylcitrate/homocitrate",NA,"HMDB0003518,HMDB0000379",439459515,"C01251",0.531551586631999,"4.70174659449093","4.70744119428266","0.0564314476685178","0.119663889172829",0.965719430998663,1,-0.75166030340826
"100008977","Lipid","Phosphatidylethanolamine (PE)","1-stearoyl-2-arachidonoyl-GPE (18:0/20:4)","1-stearoyl-2-arachidonoyl-GPE (18:0/20:4)",4451158,"HMDB0009003",5289133,"C05210",0.315825797087697,"1.68983893315454","2.57225319063893","0.048393777468901","0.0482532439255959",0.869841646053757,1,0.00290818362169075
"100008990","Lipid","Phosphatidylethanolamine (PE)","1-palmitoyl-2-arachidonoyl-GPE (16:0/20:4)*","1-palmitoyl-2-arachidonoyl-GPE (16:0/20:4)*",7825750,"HMDB0005323",9546800,"C05210",0.247456788937371,"1.62626212522568","2.42019957326636","0.0589872252402333","0.0420236602957707",0.869633858265618,1,0.33908809906737
"100008993","Lipid","Phosphatidylinositol (PI)","1-palmitoyl-2-arachidonoyl-GPI (16:0/20:4)*","1-palmitoyl-2-arachidonoyl-GPI (16:0/20:4)*",24767674,"HMDB0009789",NA,NA,0.397257449030208,"1.70874960018453","2.2900444373264","0.0564291984827312","0.044720566791035",0.921937098692747,1,0.232553225151604
"100009025","Lipid","Sphingomyelins","sphingomyelin (d18:1/21:0, d17:1/22:0, d16:1/23:0)*","sphingomyelin (d18:1/21:0, d17:1/22:0, d16:1/23:0)*",NA,NA,NA,NA,0.0137760225181008,"0.390097588637048","3.07828917586639","0.0662452421871371","0.111305266263181",0.4841287913504,1,-0.518912926849459
"100009075","Lipid","Phosphatidylcholine (PC)","1-palmitoleoyl-2-linoleoyl-GPC (16:1/18:2)*","1-palmitoleoyl-2-linoleoyl-GPC (16:1/18:2)*",24766675,"HMDB0008006",24778768,NA,0.31159034547049,"5.61547738881728","4.68126828584719","0.0774260215624605","0.143255825563603",0.869841646053757,1,-0.615309101886705
"100009204","Lipid","Phosphatidylethanolamine (PE)","1,2-dipalmitoyl-GPE (16:0/16:0)*","1,2-dipalmitoyl-GPE (16:0/16:0)*",393103,"HMDB0008923",445468,NA,0.829391528813834,"2.02740161314666","2.38978198647089","0.110711418782332","0.109314343747393",0.985581022633763,1,0.012699365699749
"100009227","Lipid","Lysophospholipid","1-linoleoyl-GPG (18:2)*","1-linoleoyl-GPG (18:2)*",NA,NA,NA,NA,0.0968017448256284,"3.49390630326274","5.69551207621426","0.0652085090912161","0.208554384412476",0.744163413347018,1,-1.16260987578637
"100009232","Xenobiotics","Chemical","thioproline","thioproline",84120,NA,93176,NA,0.246745032696137,"3.4249004936891","2.36460052085316","0.381435265301759","0.456190076295376",0.869633858265618,1,-0.178968404979065
"100009271","Lipid","Fatty Acid Metabolism (Acyl Carnitine, Hydroxy)","(S)-3-hydroxybutyrylcarnitine","(S)-3-hydroxybutyrylcarnitine",NA,"HMDB0013127",71464477,NA,0.911873148133277,"4.87669974309725","4.68658522839222","0.178960060054017","0.174037037106978",0.985581022633763,1,0.0278945192537472
"100009406","Lipid","Fatty Acid Metabolism (Acyl Carnitine, Monounsaturated)","palmitoleoylcarnitine (C16:1)*","palmitoleoylcarnitine (C16:1)*",28639183,NA,71464547,NA,0.973315116146369,"4.69161230196044","4.79545779840335","0.249831019059348","0.245824521087391",0.995430560558436,1,0.0161668130809882
"100010901","Peptide","Gamma-glutamyl Amino Acid","gamma-glutamyl-alpha-lysine","gamma-glutamyl-alpha-lysine",58747,NA,65254,NA,0.555600671785653,"0.687886825616175","1.15537025715176","0.284897087302872","0.220742211985744",0.965719430998663,1,0.255132458805515
"100015624","Lipid","Ceramides","N-behenoyl-sphingadienine (d18:2/22:0)*","N-behenoyl-sphingadienine (d18:2/22:0)*",NA,NA,NA,NA,0.386899875951819,"1.5777318509985","2.69560079212099","0.104178474016761","0.109149785055193",0.910430480269393,1,-0.0466155890877366
"100015643","Lipid","Sphingolipid Synthesis","sphingadienine","sphingadienine",4952479,NA,6449795,NA,0.754810039677805,"6.24435833318671","6.16923429999891","0.103642976608271","0.143613717930103",0.965719430998663,1,-0.326175104880213
"100015832","Lipid","Fatty Acid Metabolism (Acyl Carnitine, Long Chain Saturated)","behenoylcarnitine (C22)*","behenoylcarnitine (C22)*",28639204,"HMDB0062468",71464577,NA,0.193888138506551,"5.48023581942015","4.8898065059501","0.175762059222657","0.133545217975438",0.866210306792007,1,0.274691012195921
"100015833","Lipid","Fatty Acid Metabolism (Acyl Carnitine, Long Chain Saturated)","arachidoylcarnitine (C20)*","arachidoylcarnitine (C20)*",28639199,"HMDB0006460",53477833,NA,0.366812386525132,"5.32300792084802","4.75344842344584","0.177696923537236","0.156555261170499",0.876076185293034,1,0.126670368159863
"100015834","Lipid","Fatty Acid Metabolism (Acyl Carnitine, Long Chain Saturated)","lignoceroylcarnitine (C24)*","lignoceroylcarnitine (C24)*",NA,NA,NA,NA,0.00451985659639768,"5.84810829241463","4.43120691563984","0.213286173653015","0.112870636383652",0.401851139779106,1,0.636392450094731
"100015836","Lipid","Fatty Acid Metabolism (Acyl Carnitine, Monounsaturated)","ximenoylcarnitine (C26:1)*","ximenoylcarnitine (C26:1)*",NA,NA,NA,NA,0.958492515497231,"5.12431794516689","5.11555467824031","0.173512483444166","0.149023671587652",0.990588370936683,1,0.152144384442636
"100015837","Lipid","Fatty Acid Metabolism (Acyl Carnitine, Polyunsaturated)","arachidonoylcarnitine (C20:4)","arachidonoylcarnitine (C20:4)",NA,"HMDB0006455",136212424,NA,0.580742500507186,"4.9137665845693","4.32062110028074","0.11071157600532","0.176831790504405",0.965719430998663,1,-0.468270539376979
"100015838","Lipid","Fatty Acid Metabolism (Acyl Carnitine, Monounsaturated)","eicosenoylcarnitine (C20:1)*","eicosenoylcarnitine (C20:1)*",NA,NA,NA,NA,0.876482211098709,"4.9712311367942","4.81311516636679","0.198524512246764","0.227589887825504",0.985581022633763,1,-0.136632691783434
"100015839","Lipid","Fatty Acid Metabolism (Acyl Carnitine, Polyunsaturated)","dihomo-linoleoylcarnitine (C20:2)*","dihomo-linoleoylcarnitine (C20:2)*",NA,NA,NA,NA,0.849593224935557,"5.00680435149798","4.85594087343146","0.208375771645174","0.257062478987334",0.985581022633763,1,-0.209976120028866
"100015840","Lipid","Fatty Acid Metabolism (Acyl Carnitine, Polyunsaturated)","dihomo-linolenoylcarnitine (C20:3n3 or 6)*","dihomo-linolenoylcarnitine (C20:3n3 or 6)*",NA,NA,NA,NA,0.655367247714659,"5.0607677455695","4.53590476303946","0.177002957828841","0.159561276838734",0.965719430998663,1,0.103738414078152
"100015841","Lipid","Fatty Acid Metabolism (Acyl Carnitine, Monounsaturated)","erucoylcarnitine (C22:1)*","erucoylcarnitine (C22:1)*",NA,NA,NA,NA,0.998084122709222,"5.06089628834673","5.08382190487831","0.194458266771263","0.1970758958071",0.998084122709222,1,-0.0133713391422359
"100015846","Lipid","Fatty Acid Metabolism (Acyl Carnitine, Monounsaturated)","nervonoylcarnitine (C24:1)*","nervonoylcarnitine (C24:1)*",NA,NA,NA,NA,0.695759297489786,"5.41622021438748","5.01715510145591","0.181014306694386","0.16987656562389",0.965719430998663,1,0.0635039818947067
"100015848","Lipid","Fatty Acid Metabolism (Acyl Carnitine, Polyunsaturated)","docosadienoylcarnitine (C22:2)*","docosadienoylcarnitine (C22:2)*",NA,NA,71464511,NA,0.869888844300901,"5.1660783242627","5.09836065994728","0.208212864204843","0.256806107331886",0.985581022633763,1,-0.20976041197857
"100016038","Amino Acid","Polyamine Metabolism","(N(1) + N(8))-acetylspermidine","(N(1) + N(8))-acetylspermidine",NA,"HMDB0002189,HMDB0001276",496123689,"C01029,C00612",0.288740355319949,"4.49981989029999","4.47928488253619","0.0577363474347052","0.192424814749863",0.869841646053757,1,-1.2038185913104
"100019800","Lipid","Fatty Acid Metabolism (Acyl Carnitine, Hydroxy)","3-hydroxypalmitoylcarnitine","3-hydroxypalmitoylcarnitine",NA,"HMDB0013336",126456228,NA,0.960460350641211,"4.90448085640993","5.04564870816716","0.212306532544696","0.208822095145074",0.990588370936683,1,0.0165484685126499
"100019957","Lipid","Endocannabinoid","N-stearoylserine*","N-stearoylserine*",15545488,NA,NA,NA,0.006534164874457,"2.88116627442156","6.23131121361266","0.202454251014757","0.193308517991287",0.401851139779106,1,0.0462264886912008
"100020217","Amino Acid","Urea cycle; Arginine and Proline Metabolism","N,N,N-trimethyl-alanylproline betaine (TMAP)","N,N,N-trimethyl-alanylproline betaine (TMAP)",NA,"HMDB0240365",NA,NA,0.326149395828235,"5.80419881966842","4.94081700095156","0.245479160785795","0.237319382285808",0.869841646053757,1,0.0338052203362567
"100020343","Lipid","Long Chain Polyunsaturated Fatty Acid (n3 and n6)","tetradecadienoate (14:2)*","tetradecadienoate (14:2)*",4471834,"HMDB0000560",5312409,NA,0.653746977574019,"5.35142000313596","5.23806937412483","0.096839674862982","0.192416254425335",0.965719430998663,1,-0.686604242525213
"100020419","Amino Acid","Phenylalanine Metabolism","1-carboxyethylphenylalanine","1-carboxyethylphenylalanine",19276386,NA,59100900,NA,0.0112392477550083,"5.4555893743798","0.0273959920901281","0.262905557699503","0.162864299764386",0.46080915795534,1,0.478877534198374
"100020421","Amino Acid","Tyrosine Metabolism","1-carboxyethyltyrosine","1-carboxyethyltyrosine",NA,NA,NA,NA,0.0344272539223683,"5.27017849855307","6.12555495630913","0.22236983931131","0.194337647092313",0.637839142385228,1,0.134744843405901
"100020423","Amino Acid","Leucine, Isoleucine and Valine Metabolism","1-carboxyethylvaline","1-carboxyethylvaline",NA,NA,NA,NA,0.034706241661817,"5.38680455493959","0.26734831099999","0.182521933598658","0.178987741520121",0.637839142385228,1,0.0195530295353883
"100020425","Amino Acid","Leucine, Isoleucine and Valine Metabolism","1-carboxyethylleucine","1-carboxyethylleucine",NA,NA,NA,NA,0.116433880933251,"5.53898274890365","6.27964871011065","0.187860184498299","0.152330493638841",0.818363848845136,1,0.209645525939348
"100020427","Amino Acid","Leucine, Isoleucine and Valine Metabolism","1-carboxyethylisoleucine","1-carboxyethylisoleucine",NA,NA,NA,NA,0.420366929607968,"6.16956450212188","0.380717396795543","0.185289011656204","0.222849905217898",0.931624006158199,1,-0.184581642831874
"100020825","Lipid","Fatty Acid Metabolism (Acyl Carnitine, Hydroxy)","3-hydroxyhexanoylcarnitine (1)","3-hydroxyhexanoylcarnitine (1)",NA,NA,NA,NA,0.470665086729506,"5.17306268201532","4.4867537528313","0.119593798661389","0.102863959573637",0.956889349879822,1,0.150693655123587
"100020893","Amino Acid","Methionine, Cysteine, SAM and Taurine Metabolism","2,3-dihydroxy-5-methylthio-4-pentenoate (DMTPA)*","2,3-dihydroxy-5-methylthio-4-pentenoate (DMTPA)*",NA,"HMDB0240388",NA,NA,0.346256847392598,"4.40833103139102","5.05168792823999","0.111585337543192","0.144854817560862",0.869841646053757,1,-0.260942325331789
"100020899","Amino Acid","Glutathione Metabolism","3'-dephospho-CoA-glutathione*","3'-dephospho-CoA-glutathione*",NA,NA,NA,NA,0.513891047952638,"4.83059430178727","5.41687225352686","0.143433186598309","0.22221716859322",0.965719430998663,1,-0.437785812459838
"100021770","Cofactors and Vitamins","Nicotinate and Nicotinamide Metabolism","NADHX*","NADHX*",2267,"HMDB0059644",2.52035235692786e+24,"C20482,C04856",0.605657167049743,"2.39081477458614","1.78579191399043","0.141818524348537","0.127860348476681",0.965719430998663,1,0.103609601930537
"1052","Carbohydrate","Glycolysis, Gluconeogenesis, and Pyruvate Metabolism","glycerate","glycerate",732,"HMDB0000139,HMDB0006372",439194752,"C00258",0.730486342622531,"5.65115394599852","5.34170555475289","0.0557960091664325","0.0717907457337198",0.965719430998663,1,-0.252053231729967
"1053","Nucleotide","Pyrimidine Metabolism, Uracil containing","3-ureidopropionate","3-ureidopropionate",109,"HMDB0000026",111,"C02642",0.512518349378423,"4.77039355891961","5.31644327383629","0.202215473221435","0.122292330691521",0.965719430998663,1,0.502919496252978
"1083","Amino Acid","Methionine, Cysteine, SAM and Taurine Metabolism","N-acetylmethionine","N-acetylmethionine",395338,"HMDB0011745",448580,"C02712",0.409515593961475,"0.176992046804998","6.08886663023702","0.0720005700479564","0.105259570756334",0.927128447057576,1,-0.379755365662712
"1084","Amino Acid","Leucine, Isoleucine and Valine Metabolism","N-acetylvaline","N-acetylvaline",60154,"HMDB0011757",66789,NA,0.406053984916781,"5.03792515904114","5.82711254373535","0.0515485066720523","0.0747016462200294",0.927128447057576,1,-0.370978888138357
"1096","Carbohydrate","Nucleotide Sugar","UDP-glucose","UDP-glucose",8308,"HMDB0000286",8629,"C00029",0.240336125445757,"5.06692299437233","5.74685357344327","0.32487875866504","0.296928498960784",0.869633858265618,1,0.0899606968883944
"1105","Cofactors and Vitamins","Tocopherol Metabolism","alpha-tocopherol","alpha-tocopherol",14265,"HMDB0001893",86472,"C02477",0.0313595164654705,"0.833019878561544","4.70843694495995","0.0706420108414094","0.186385693698779",0.637839142385228,1,-0.970193126827565
"1114","Nucleotide","Pyrimidine Metabolism, Thymine containing","3-aminoisobutyrate","3-aminoisobutyrate",58481,"HMDB0002166",64956,"C05145",0.776541328707222,"5.37203030254647","5.36874254944487","0.121520139638828","0.172758852780885",0.965719430998663,1,-0.351816700145312
"1134","Nucleotide","Purine Metabolism, (Hypo)Xanthine/Inosine containing","urate","urate",NA,"HMDB0000289",1175,"C00366",0.200707266207904,"4.63865664974454","5.20576187726568","0.293038931892847","0.210439994278603",0.866210306792007,1,0.331104923869788
"1212","Carbohydrate","Aminosugar Metabolism","N-acetyl-glucosamine 1-phosphate","N-acetyl-glucosamine 1-phosphate",389323,"HMDB0001367",440364,"C04256",0.789615563868159,"5.16977471815455","5.57790750846421","0.189632742616381","0.207833198619563",0.971227143557836,1,-0.091646560234485
"1220","Lipid","Phospholipid Metabolism","cytidine 5'-diphosphocholine","CDP-choline",21531769,"HMDB0001413",13804,"C00307",0.813197636796631,"4.86074232696876","5.02910517995642","0.123199387953372","0.0970529943546464",0.975837164155957,1,0.23854692030554
"1232","Carbohydrate","Glycolysis, Gluconeogenesis, and Pyruvate Metabolism","fructose-6-phosphate","fructose 6-phosphate",19969987,"HMDB0003971",440641,"C05345",0.433114064141743,"5.58039445586249","4.93278643027504","0.261242224516651","0.223726635106298",0.934614559463761,1,0.155023112623958
"1242","Nucleotide","Purine Metabolism, Adenine containing","N1-methyladenosine","1-methyladenosine",4573813,"HMDB0003331",27476,"C02494",0.99168360957927,"5.39718604040966","5.3338874566687","0.0770534857940112","0.0798442650301125",0.996237773215544,1,-0.0355782488744362
"132","Carbohydrate","Glycolysis, Gluconeogenesis, and Pyruvate Metabolism","3-phosphoglycerate","3-phosphoglycerate",10669764,"HMDB0000807",724,"C00597",0.278899159889653,"0.206734401322215","6.06411468008018","0.217041918163993","0.0751146417919372",0.869841646053757,1,1.06107500244027
"141","Amino Acid","Glutamate Metabolism","gamma-aminobutyrate (GABA)","gamma-aminobutyrate (GABA)",116,"HMDB0000112",119,"C00334",0.346671010179262,"1.91756648082093","2.4725265249904","0.0616420693557618","0.0599832214691576",0.869841646053757,1,0.0272797005920984
"1442","Amino Acid","Leucine, Isoleucine and Valine Metabolism","beta-hydroxyisovalerate","beta-hydroxyisovalerate",62571,"HMDB0000754",69362,NA,0.866789303188,"4.50415100466777","4.55658478701248","0.142996744373196","0.19172403605421",0.985581022633763,1,-0.29323516250635
"1526","Lipid","Phosphatidylethanolamine (PE)","1-palmitoyl-2-oleoyl-GPE (16:0/18:1)","1-palmitoyl-2-oleoyl-GPE (16:0/18:1)",4446615,"HMDB0005320",5283496,NA,0.200271619614695,"1.74925931300132","2.98668731812347","0.0294206767346334","0.0470344417414765",0.866210306792007,1,-0.469182418905608
"1531","Lipid","Phosphatidylserine (PS)","1-palmitoyl-2-oleoyl-GPS (16:0/18:1)","1-palmitoyl-2-oleoyl-GPS (16:0/18:1)",4446618,"HMDB0012357",5283499,"C13880",0.844759506059671,"2.22801812916509","2.04258249413998","0.091734070294414","0.0709518396913676",0.985581022633763,1,0.256892518415461
"1830","Lipid","Fatty Acid Metabolism","acetyl CoA","acetyl-CoA",392413,"HMDB0001206",444493,"C00024",0.0405265102028393,"3.40232555355084","5.42291007965528","0.0846957927634963","0.205558390172946",0.637839142385228,1,-0.886664202461053
"194","Amino Acid","Methionine, Cysteine, SAM and Taurine Metabolism","N-formylmethionine","N-formylmethionine",388809,"HMDB0001015",439750,"C03145",0.354067336051615,"5.02669221776101","5.54453782849962","0.086891578751814","0.138740287061857",0.871005646686973,1,-0.467942626786807
"197","Amino Acid","Methionine, Cysteine, SAM and Taurine Metabolism","S-adenosylhomocysteine (SAH)","S-adenosylhomocysteine (SAH)",16788012,"HMDB00939",439155,"C00021",0.896548768641486,"5.25507548246554","5.36852038300171","0.1791482165303","0.161729407348006",0.985581022633763,1,0.102288874853949
"2054","Amino Acid","Leucine, Isoleucine and Valine Metabolism","ethylmalonate","ethylmalonate",11263,"HMDB0000622",11756,NA,0.670132283346604,"4.93799866596853","4.44183036256778","0.116389659668266","0.0994272728000031",0.965719430998663,1,0.157517246611951
"209","Nucleotide","Purine Metabolism, Adenine containing","adenosine 5'-monophosphate (AMP)","AMP",10239183,"HMDB0000045",6083,"C00020",0.703201597584,"5.86111310404961","5.55423942334328","0.125294352263224","0.153645186140928",0.965719430998663,1,-0.203980170887057
"212","Amino Acid","Polyamine Metabolism","5-methylthioadenosine (MTA)","5-methylthioadenosine (MTA)",388321,"HMDB0001173",439176,"C00170",0.920748932936042,"4.9511181119374","4.77054065369171","0.16127711603196","0.173814691761691",0.985581022633763,1,-0.0748656388576689
"215","Cofactors and Vitamins","Nicotinate and Nicotinamide Metabolism","adenosine 5'-diphosphoribose (ADP-ribose)","adenosine 5'-diphosphoribose (ADP-ribose)",3674071,"HMDB0001178",192,"C00301",0.149852122319191,"4.56218301656369","0.599422877245538","0.016380345497542","0.138609908147298",0.866210306792007,1,-2.13558140070644
"231","Amino Acid","Urea cycle; Arginine and Proline Metabolism","arginine","arginine",227,"HMDB0000517",6322,"C00062",0.554953297470968,"5.76353336485745","6.15529419013002","0.0930290662101211","0.107468642056412",0.965719430998663,1,-0.144287118997041
"240","Amino Acid","Tyrosine Metabolism","3-(4-hydroxyphenyl)lactate","3-(4-hydroxyphenyl)lactate (HPLA)",9010,"HMDB0000755",9378,"C03672",0.646572978282146,"5.14863704918063","5.54772744587986","0.225411640541724","0.200197458165688",0.965719430998663,1,0.118624073876305
"249","Amino Acid","Histidine Metabolism","carnosine","carnosine",388363,"HMDB0000033",439224,"C00386",0.720530807425942,"5.84870242312615","5.38035255571676","0.223933644833959","0.251762460771244",0.965719430998663,1,-0.117136247431561
"264","Lipid","Sterol","7-dehydrocholesterol","7-dehydrocholesterol",388534,"HMDB0000032",439423,"C01164",0.605040025918642,"2.3501938740361","2.22791386135595","0.145281118628916","0.359676240214009",0.965719430998663,1,-0.906533679432067
"269","Amino Acid","Glutathione Metabolism","CoA-glutathione*","CoA-glutathione*",10128089,NA,46873828,"C00920",0.622643401633578,"4.58556512047145","4.45781031891971","0.104936305625909","0.208517225202094",0.965719430998663,1,-0.686668099697801
"275","Amino Acid","Creatine Metabolism","creatinine","creatinine",568,"HMDB0000562",588,"C00791",0.799419547166985,"5.3881172809344","5.03007590490433","0.0741492903699158","0.0726108952126323",0.973550537639002,1,0.020965515971014
"290","Carbohydrate","Aminosugar Metabolism","glucosamine-6-phosphate","glucosamine-6-phosphate",8013767,"HMDB0001254",440997,"C00352",0.108699626345868,"6.18019281077345","4.92465543756432","0.173141364836384","0.16083689039708",0.786473767090692,1,0.0737176502801335
"294","Carbohydrate","Fructose, Mannose and Galactose Metabolism","mannose-6-phosphate","mannose 6-phosphate",19969422,"HMDB0001078",439198,"C00275",0.777286371291607,"5.76366998195177","5.32528267833144","0.213327613862825","0.219516593379941",0.965719430998663,1,-0.0285987486137355
"297","Lipid","Sphingosines","sphingosine","sphingosine",4510275,"HMDB0000252",5280335,"C00319",0.735867286589699,"5.55833572597996","5.82232133711585","0.103452105489824","0.0822173867467791",0.965719430998663,1,0.229741959417365
"301","Cofactors and Vitamins","Ascorbate and Aldarate Metabolism","dehydroascorbate","dehydroascorbate",812,"HMDB0001264",440667,"C05422",0.848846659375362,"5.22628720285854","5.21405619960228","0.195065436823124","0.159509833924419",0.985581022633763,1,0.201229500700609
"335","Carbohydrate","Nucleotide Sugar","guanosine 5'-diphospho-fucose","guanosine 5'-diphospho-fucose",NA,NA,NA,NA,0.734691977997698,"4.86847643861647","5.34449711335282","0.163253825423466","0.148572659434586",0.965719430998663,1,0.0942320730959042
"339","Lipid","Fatty Acid, Dicarboxylate","glutarate (C5-DC)","glutarate (C5-DC)",3618533,"HMDB0000661",7434418048,"C00489",0.333339998994085,"5.53386514692315","4.60469348523647","0.0905262162264447","0.105723402330414",0.869841646053757,1,-0.155186780868974
"370","Lipid","Inositol Metabolism","inositol 1-phosphate (I1P)","inositol 1-phosphate (I1P)",17215924,"HMDB0000213",440194,"C01177",0.865651174201758,"5.68201880625969","5.96134056796426","0.124771935387563","0.133456680912768",0.985581022633763,1,-0.0672893836934695
"376","Amino Acid","Leucine, Isoleucine and Valine Metabolism","isoleucine","isoleucine",769,"HMDB0000172",6306,"C06418,C00407,C16424",0.243327331963477,"5.90788075432227","0.124103704996825","0.0871363823209817","0.115177408137199",0.869633858265618,1,-0.278999114992645
"381","Amino Acid","Lysine Metabolism","2-aminoadipate","2-aminoadipate",456,"HMDB0000510",92136,"C00956",0.0767387236380933,"4.7257506158836","5.58675947362418","0.357472759414703","0.1968300190016",0.637839142385228,1,0.596718653226479
"397","Amino Acid","Leucine, Isoleucine and Valine Metabolism","leucine","leucine",NA,"HMDB0000687",6106,"C00123",0.206865906303809,"5.7042367067594","6.26562038324517","0.0910563854033111","0.111246513821466",0.869633858265618,1,-0.200269649670736
"407","Amino Acid","Lysine Metabolism","lysine","lysine",5747,"HMDB0003405",5962,"C00739,C00047",0.270068548930515,"5.69622964529411","0.0294727418453532","0.0933259406574635","0.0773873543512608",0.869841646053757,1,0.187274717349647
"415","Amino Acid","Methionine, Cysteine, SAM and Taurine Metabolism","methionine","methionine",5907,"HMDB0000696",6137,"C00073",0.266826632002616,"5.81946378291088","0.073007210023224","0.0843023260256245","0.105726345901579",0.869841646053757,1,-0.226444656624033
"418","Lipid","Fatty Acid Metabolism (also BCAA Metabolism)","methylmalonate (MMA)","methylmalonate (MMA)",473,"HMDB0000202",487,"C02170",0.264935386329738,"5.90707574226866","5.14684671926913","0.069789490191736","0.145408280823128",0.869841646053757,1,-0.734062087381216
"432","Cofactors and Vitamins","Nicotinate and Nicotinamide Metabolism","nicotinamide","nicotinamide",911,"HMDB0001406",936,"C00153",0.525594737089572,"4.46066727426818","4.51468463145288","0.0278022393280643","0.0578912698540357",0.965719430998663,1,-0.733450024665776
"460","Amino Acid","Phenylalanine Metabolism","phenylalanine","phenylalanine",5910,"HMDB0000159",6140,"C00079",0.0227974573334519,"5.29943622977549","5.95665120010544","0.167365933278639","0.119522657962856",0.637839142385228,1,0.336676672656586
"463","Carbohydrate","Glycolysis, Gluconeogenesis, and Pyruvate Metabolism","phosphoenolpyruvate (PEP)","phosphoenolpyruvate (PEP)",980,"HMDB0000263",1005,"C00074",0.227003931622093,"0.365908673401852","5.98879593750558","0.214747806238364","0.0648995266981823",0.869633858265618,1,1.19662401449394
"480","Amino Acid","Urea cycle; Arginine and Proline Metabolism","proline","proline",128566,"HMDB0000162,HMDB0003411",8988145742614,"C00148,C000763",0.198831601134926,"0.0662536703143116","0.626832722364572","0.0466515515917004","0.10861554641207",0.866210306792007,1,-0.84510836320759
"482","Carbohydrate","Glycolysis, Gluconeogenesis, and Pyruvate Metabolism","lactate","lactate",592,"HMDB0000190",612,"C00186",0.343096163396272,"4.88052052340923","5.60563487238656","0.0632716394965659","0.032378572095168",0.869841646053757,1,0.669940346604519
"50","Amino Acid","Polyamine Metabolism","spermidine","spermidine",1071,"HMDB0001257",1102,"C00315",0.0368912006483582,"3.75593934957386","2.09237894069272","0.217872913573041","0.253973577800874",0.637839142385228,1,-0.153318309664122
"501","Xenobiotics","Drug - Topical Agents","salicylate","salicylate",331,"HMDB0001895",338,"C00805",0.00863277191037145,"3.06589711338281","1.76026018753243","0.0954706726509496","0.620701042121223",0.424732377990275,1,-1.87203044469943
"503","Amino Acid","Glycine, Serine and Threonine Metabolism","serine","serine",5736,"HMDB0000187",5951,"C00065",0.210825215143326,"5.90473678657541","0.319859033870997","0.0463521332799702","0.0904035431465999",0.869633858265618,1,-0.668016144319068
"507","Amino Acid","Polyamine Metabolism","spermine","spermine",1072,"HMDB0001256",1103,"C00750",0.0498233032304153,"3.12863532538922","2.03427450275981","0.404066933496495","0.688012448579371",0.637839142385228,1,-0.532226390425258
"533","Amino Acid","Urea cycle; Arginine and Proline Metabolism","urea","urea",1143,"HMDB0000294",1176,"C00086",0.950025821001892,"5.06925157488348","5.08381263912671","0.332010059587548","0.303141595725357",0.990588370936683,1,0.0909652594421773
"536","Nucleotide","Pyrimidine Metabolism, Uracil containing","2'-deoxyuridine","2'-deoxyuridine",13118,"HMDB0000012",13712,"C00526",0.233192696275234,"1.75265938277237","1.63265556486068","0.23472679479712","0.131543452064154",0.869633858265618,1,0.579085031513341
"563","Amino Acid","Glutamate Metabolism","glutamine","glutamine",5746,"HMDB0000641",5961,"C00064",0.497835772648602,"4.95135937506333","5.06776726224535","0.172443998884515","0.108025567486636",0.965719430998663,1,0.467704604521308
"564","Amino Acid","Glycine, Serine and Threonine Metabolism","threonine","threonine",6051,"HMDB0000167",6288,"C00188",0.197903455745605,"5.56907754547826","0.0303084724660907","0.083480360184184","0.108857668867393",0.866210306792007,1,-0.265429841918642
"565","Amino Acid","Tryptophan Metabolism","tryptophan","tryptophan",6066,"HMDB0000929",6305,"C00078",0.228232894493588,"5.30768915341811","5.84122154628027","0.161082421326208","0.139732417459955",0.869633858265618,1,0.142186877814368
"566","Amino Acid","Leucine, Isoleucine and Valine Metabolism","valine","valine",6050,"HMDB0000883",6287,"C00183",0.0777852612664912,"5.55815983107437","0.0699056912674762","0.0961103965246196","0.111734732045768",0.637839142385228,1,-0.150630103606782
"568","Cofactors and Vitamins","Vitamin B6 Metabolism","pyridoxamine","pyridoxamine",1023,"HMDB0001431",1052,"C00534",0.195782424300724,"0.617497471365821","1.38051562366119","0.0367719778981666","0.110869131022912",0.866210306792007,1,-1.10361442100102
"572","Carbohydrate","Glycolysis, Gluconeogenesis, and Pyruvate Metabolism","glucose","glucose",71358,"HMDB0000122",5793,"C00031",0.350058223411878,"5.86717594842348","5.48735609648279","0.355674596880975","0.173412782427983",0.869841646053757,1,0.718341481091206
"799","Amino Acid","Glycine, Serine and Threonine Metabolism","betaine","betaine",19951173242,"HMDB0000043",247,"C00719",0.143376005171876,"1.7491091851052","1.99586444305156","0.325850743991343","0.177048588588675",0.866210306792007,1,0.610015229305601
"815","Amino Acid","Tyrosine Metabolism","tyrosine","tyrosine",5833,"HMDB0000158",6057,"C00082",0.0575205335177026,"5.45865598660551","6.10473036840321","0.13700085997071","0.128646916145477",0.637839142385228,1,0.0629156354127477
"821","Nucleotide","Pyrimidine Metabolism, Uracil containing","pseudouridine","pseudouridine",21403010,"HMDB0000767",15047,"C02067",0.858868627570929,"5.16151418997304","4.90439210241724","0.208401037825248","0.221212295675125",0.985581022633763,1,-0.0596585645036519
"823","Carbohydrate","Glycolysis, Gluconeogenesis, and Pyruvate Metabolism","pyruvate","pyruvate",96901,"HMDB0000243",1060,"C00022",0.299157665242163,"1.44696843377893","1.36002059769021","0.250525120195467","0.0955365142891992",0.869841646053757,1,0.964050672730524
"827","Nucleotide","Pyrimidine Metabolism, Cytidine containing","cytidine","cytidine",5940,"HMDB0000089",6175,"C00475",0.2435115001244,"1.96557709674234","2.64257906231766","0.183765024673829","0.0918162291978449",0.869633858265618,1,0.693868831033894
"828","Carbohydrate","Pentose Metabolism","arabinose","arabinose",59687,"HMDB0029942",66308,"C00216",0.742093471158799,"5.10679328849211","4.99316598030625","0.14146014489083","0.102979804385857",0.965719430998663,1,0.317485120779411
"873","Cofactors and Vitamins","Thiamine Metabolism","thiamin (Vitamin B1)","thiamin (Vitamin B1)",NA,"HMDB0000235",1130,"DG00125,C00378,D08580",0.975579276733643,"1.88276324122827","1.85445542775492","0.116830974287249","0.10511071772854",0.995430560558436,1,0.105713976884407
"878","Carbohydrate","Fructose, Mannose and Galactose Metabolism","fructose","fructose",5764,"HMDB0000660",2723872,"C00095",0.588007345065976,"5.42150997951636","5.10539905665349","0.200871889629071","0.1391085694432",0.965719430998663,1,0.367412636444947
"880","Nucleotide","Purine Metabolism, Adenine containing","adenine","adenine",185,"HMDB0000034",190,"C00147",0.335671569663484,"4.00669407244891","4.78646550883406","0.090777202287275","0.152153915528298",0.869841646053757,1,-0.516484432719371
"917","Amino Acid","Alanine and Aspartate Metabolism","asparagine","asparagine",6031,"HMDB0000168",6267,"C00152",0.361144688525302,"6.10850284723949","0.167754990526473","0.0650301984508848","0.111290083040679",0.873850412783095,1,-0.53728839959137
"935","Carbohydrate","Disaccharides and Oligosaccharides","sucrose","sucrose",5768,"HMDB0000258",5988,"C00089",0.89246486963457,"5.60000184087041","5.38716601639405","0.330435499614715","0.282737997483094",0.985581022633763,1,0.155890815354147
"98","Amino Acid","Tryptophan Metabolism","kynurenate","kynurenate",3712,"HMDB0000715",3845,"C01717",0.760860408933235,"4.90225901252887","5.10419754813552","0.251875603628998","0.2948547899793",0.965719430998663,1,-0.157547668552932
"999912100",NA,NA,"X - 12100","X - 12100",NA,NA,NA,NA,0.549095687658062,"5.23229956570664","5.45954536237915","0.1812009609584","0.120113703587511",0.965719430998663,1,0.411167872842359
"999914837",NA,NA,"X - 14837","X - 14837",NA,NA,NA,NA,0.699539026194138,"4.99931554823855","5.00850122471048","0.148724924268464","0.209690472460502",0.965719430998663,1,-0.343534048865402
"999915161",NA,NA,"X - 15161","X - 15161",NA,NA,NA,NA,0.444844745098171,"0.63842918931017","6.25998299342332","0.167405850202443","0.187719309184697",0.935314592257693,1,-0.114526705998442
"999915666",NA,NA,"X - 15666 - retired for oxindolylalanine","X - 15666 - retired for oxindolylalanine",NA,NA,NA,NA,0.175701716391238,"4.96781955926289","6.00136501811199","0.129740231587699","0.0878753090899225",0.866210306792007,1,0.389615365290776
"999915806",NA,NA,"X - 15806","X - 15806",NA,NA,NA,NA,0.164510952919722,"1.55264164767618","5.99202746685794","0.381077064016826","0.462449627833977",0.866210306792007,1,-0.193536015795616
"999922162",NA,NA,"X - 22162","X - 22162",NA,NA,NA,NA,0.895132872494193,"5.02160024303658","4.80125580229153","0.207341545221748","0.238968871031278",0.985581022633763,1,-0.141965886252039
"999922779",NA,NA,"X - 22779","X - 22779",NA,NA,NA,NA,0.200557935907982,"4.65168776023982","1.18618872565353","0.0394869778855029","0.272395926979186",0.866210306792007,1,-1.9312856780431
"999922810",NA,NA,"X - 22810","X - 22810",NA,NA,NA,NA,0.871841179635781,"5.57872385385834","5.75784149789149","0.187825807424026","0.168850506286512",0.985581022633763,1,0.10650123178959
"999923590",NA,NA,"X - 23590 - retired for N-acetyl-L-2-aminoadipic acid","X - 23590 - retired for N-acetyl-L-2-aminoadipic acid",NA,NA,NA,NA,0.543447414246162,"5.64386898699374","4.79844614522734","0.0586701755545309","0.0807655494570019",0.965719430998663,1,-0.319618991329857
"999923593",NA,NA,"X - 23593","X - 23593",NA,NA,NA,NA,0.137364010188889,"1.5768211636852","2.19304322246178","0.192644967320081","0.0797178033049756",0.866210306792007,1,0.882356007460899
"999923639",NA,NA,"X - 23639","X - 23639",NA,NA,NA,NA,0.0675910148268695,"1.59819141251997","2.3763345684719","0.426784576550329","0.210641825498464",0.637839142385228,1,0.706120199769074
"999923918",NA,NA,"X - 23918","X - 23918",NA,NA,NA,NA,0.808371660384101,"5.36190963726571","5.59727779578245","0.273321533325922","0.293253171388887",0.975837164155957,1,-0.0703874222009847
"999924428",NA,NA,"X - 24428","X - 24428",NA,NA,NA,NA,0.314756946248471,"5.30123583259409","5.31246314827098","0.215238006418651","0.123506943046258",0.869841646053757,1,0.555447048960215
"999925047",NA,NA,"X - 25047","X - 25047",NA,NA,NA,NA,0.0525474589671376,"1.94367750082643","2.8595509063031","0.375337763814341","0.184982574257017",0.637839142385228,1,0.707564696648771
"999925244",NA,NA,"X - 25244","X - 25244",NA,NA,NA,NA,0.00651404821337938,"3.50099488484312","1.9689164998447","0.460583515243406","0.629614725225171",0.401851139779106,1,-0.312613888051631
"999925422",NA,NA,"X - 25422","X - 25422",NA,NA,NA,NA,0.745129304136348,"5.30940202658968","4.88304737777442","0.281420166947557","0.281531116834035",0.965719430998663,1,-0.000394172252949538
"999925828",NA,NA,"X - 25828","X - 25828",NA,NA,NA,NA,0.453552651409446,"1.09774713380846","1.90169838430942","0.0480903393169743","0.0672454243546249",0.945194676751167,1,-0.335267665692189
"999925936",NA,NA,"X - 25936","X - 25936",NA,NA,NA,NA,0.125114398248515,"4.97817633862312","5.31793114070331","0.240336594532883","0.116493342229588",0.854948388031519,1,0.724206294880872
"999925957",NA,NA,"X - 25957","X - 25957",NA,NA,NA,NA,0.346518542901178,"3.12929532720383","2.17655452563425","0.670271856871824","0.667027277686237",0.869841646053757,1,0.00485244545248756
"999925981",NA,NA,"X - 25981","X - 25981",NA,NA,NA,NA,0.515562819792754,"1.59556160428951","1.98031768126523","0.0953025644796529","0.0538835735579691",0.965719430998663,1,0.5702310461135
"AAAs",NA,NA,NA,NA,NA,NA,NA,NA,0.0619887303191827,"5.34910430282705","5.96413856597065","0.464283401410896","0.385575061384941",0.637839142385228,1,0.185759258866231
"BCAAs",NA,NA,NA,NA,NA,NA,NA,NA,0.144999172211284,"5.7176173539778","0.0595996734967068","0.271503291126679","0.33758215244666",0.866210306792007,1,-0.217834634034744
"BCAAs/AAAs",NA,NA,NA,NA,NA,NA,NA,NA,0.26110101513065,"1.84150639346752","1.83930098665251","0.0875369229110249","0.0494085628369631",0.869841646053757,1,0.571936934529258
"BCAAs/Ala",NA,NA,NA,NA,NA,NA,NA,NA,0.343691662239264,"5.58232819193113","6.09808947190982","0.14013857493437","0.211570192069954",0.869841646053757,1,-0.411925066807178
"GSH/GSSG",NA,NA,NA,NA,NA,NA,NA,NA,0.0584661017519175,"6.11272103640572","0.874431125777596","0.121251724342834","0.648690118784935",0.637839142385228,1,-1.67708637666833
"KYN/TRY",NA,NA,NA,NA,NA,NA,NA,NA,0.983291163478455,"4.67586336042053","4.6165644535384","0.253514598362632","0.260488592820171",0.995430560558436,1,-0.0271376620742715
"PYRUV/LAC",NA,NA,NA,NA,NA,NA,NA,NA,0.074260175317637,"1.48723125801013","1.85145951038011","0.344113774244356","0.135314287850256",0.637839142385228,1,0.933372210914034
