"Ensembl","Gene_Symbols","p","acrophase_AD","acrophase_CTL","amplitude_AD","amplitude_CTL","BHQ","Bonf","Log_AD_CTL_ampRatio"
"ENSG00000241563","CORT",1.03818966212548e-09,"1.81239441653231","1.88485197340566","2.77499351184","6.46987221677052",6.03603469559754e-06,6.03603469559754e-06,-0.846507949085036
"ENSG00000147571","CRH",8.90647576769382e-09,"1.83896048630807","1.75939083834426","17.1088475847653","32.8439509996396",2.58911250566859e-05,5.17822501133719e-05,-0.652171855613462
"ENSG00000145741","BTF3",6.24573372315725e-07,"3.39126158751817","2.97131364051185","5.57330268550721","10.826476453829",0.00121042319554787,0.00363126958664363,-0.664006837589835
"ENSG00000182307","C8orf33",5.66541336375308e-06,"2.28360808863656","2.6699688498729","1.29978218743571","4.40761760636751",0.0082346783242151,0.0329387132968604,-1.22113761586764
"ENSG00000135624","CCT7",1.95068228323463e-05,"3.02110587559463","2.55828240953198","1.68166288489413","5.94359310883911",0.0189021113245436,0.113412667947261,-1.26253073466314
"ENSG00000180964","TCEAL8",1.62972194672537e-05,"3.01670208886324","2.53296871574407","3.6408330238019","6.45130608405595",0.0189021113245436,0.094752033982613,-0.572070095801998
"ENSG00000143947","RPS27A",4.67549872249769e-05,"2.96551124098645","2.77058832530835","14.8068876852312","37.7555756941071",0.0230513777147202,0.271833495726016,-0.936040708644835
"ENSG00000114902","SPCS1",4.49123625800941e-05,"2.55756289778545","2.63569660060185","4.36716347438644","9.60675520678365",0.0230513777147202,0.261120476040667,-0.78835281056166
"ENSG00000163682","RPL9",3.55210088899967e-05,"3.12871539721493","2.83298549779471","14.2766747590912","36.5286218659662",0.0230513777147202,0.206519145686441,-0.939469044218754
"ENSG00000229117","RPL41",4.75776629818786e-05,"2.75984891048283","2.81273356478781","22.7917623495111","56.0018659189472",0.0230513777147202,0.276616532576642,-0.898985839945632
"ENSG00000232388","SMIM26",4.71078033159811e-05,"3.30222003687843","2.72230911750481","2.26652724919125","5.37762805614236",0.0230513777147202,0.273884768479114,-0.863998581286298
"ENSG00000198832","SELENOM",4.29719708560388e-05,"2.86243656184951","2.62083679401131","4.98953914096303","11.2205933160071",0.0230513777147202,0.24983903855701,-0.810407229933111
"ENSG00000142937","RPS8",6.39441552922722e-05,"2.97420529940651","2.85031771354358","5.82989004804213","19.3141239119382",0.0268090071761424,0.371771318869271,-1.19783849667745
"ENSG00000170860","LSM3",7.83889098717614e-05,"3.08846957521057","2.88700587678119","1.5342401725767","4.66888986343773",0.0268090071761424,0.455753121994421,-1.11288606990637
"ENSG00000196683","TOMM7",6.87541847109957e-05,"2.91649668155851","2.77091951535675","8.42493477229766","22.5837709952321",0.0268090071761424,0.399736829909729,-0.98603581671865
"ENSG00000150316","CWC15",7.56739176540239e-05,"3.10327162745409","2.83281643920132","2.54891145816892","5.85449762013925",0.0268090071761424,0.439968157240495,-0.8315438009234
"ENSG00000154723","ATP5PF",7.20167820387854e-05,"2.85755903098119","2.73247282898374","6.0650152460893","15.9138382510831",0.0268090071761424,0.418705570773498,-0.964652004790118
"ENSG00000148303","RPL7A",8.58651797148004e-05,"3.18926729150562","2.94698107164465","12.2797216175406","27.9427144040405",0.0273684295623284,0.49922015486185,-0.822207247411844
"ENSG00000103254","ANTKMT",8.94393122951909e-05,"2.53050323688686","2.48775489707106","2.11453574011659","6.02558609341098",0.0273684295623284,0.52000016168424,-1.04717947137663
"ENSG00000145494","NDUFS6",9.80208195749738e-05,"2.42091632840554","2.36877411823347","3.05257804752028","8.62406333135764",0.0284946522504449,0.569893045008898,-1.03856986268814
"ENSG00000182899","RPL35A",0.000127223371758761,"3.09515730671755","2.8306870935476","12.7543354462665","27.5233793651808",0.031726833672269,0.739676683405436,-0.769164553419199
"ENSG00000177556","ATOX1",0.000158252180339835,"2.57048070534187","2.62962810290098","3.28660298108431","8.82366262413763",0.031726833672269,0.920078176495801,-0.987582544521676
"ENSG00000112667","DNPH1",0.000125201364773957,"2.88215131968469","2.48201698701818","0.820089556118891","2.5200790109634",0.031726833672269,0.727920734795786,-1.12263198449693
"ENSG00000112695","COX7A2",0.000153607037452281,"3.09117970386776","2.74104029863016","3.89764843130526","14.4827435995524",0.031726833672269,0.893071315747562,-1.31258443917033
"ENSG00000152457","DCLRE1C",0.000157492098820422,"3.08254539622564","2.91329425796332","2.7901676533389","7.11182158078752",0.031726833672269,0.915659062541934,-0.935656726000679
"ENSG00000149806","FAU",0.00015174559150754,"3.13369744211158","2.86260803923516","12.9854055555891","27.53595834075",0.031726833672269,0.882248869024838,-0.751666649318346
"ENSG00000139291","TMEM19",0.000132651900700063,"3.32121889762686","2.30389654474428","3.29493637031869","3.06964272655668",0.031726833672269,0.771238150670166,0.0708256776748499
"ENSG00000122026","RPL21",0.000143920270740779,"2.99117781094711","2.79914848510734","14.1214186596367","34.4305941825223",0.031726833672269,0.836752454086889,-0.891252836235127
"ENSG00000170889","RPS9",0.000133053902382191,"3.1890271890902","2.91589322447833","6.3379874110885","17.6067083061333",0.031726833672269,0.773575388450058,-1.02171870817359
"ENSG00000109475","RPL34",0.000177781817678704,"2.9673194467989","2.8931961685127","15.6544666127365","40.5545087730941",0.0333426931607737,1,-0.95189068200868
"ENSG00000112306","RPS12",0.000177128913059403,"2.95675113419009","2.77123786246547","9.49599693294146","26.5797882287123",0.0333426931607737,1,-1.02928075161324
"ENSG00000142676","RPL11",0.000186393732620613,"3.06284481632555","2.85906957138021","10.679685367558","23.871746375517",0.0338654112955076,1,-0.804352226483304
"ENSG00000116209","TMEM59",0.000199342170517622,"3.42171433244369","2.91890632459287","7.70893074315435","11.3454876597421",0.0340875111585134,1,-0.386440608318079
"ENSG00000214736","TOMM6",0.000193619215265282,"3.45902392502134","2.81601204274796","1.77247359912719","4.92714471491824",0.0340875111585134,1,-1.02238357033899
"ENSG00000151778","SERP2",0.000211049885098847,"3.12916953065689","2.58670757054542","3.45387209014074","7.57367176642036",0.035058400913277,1,-0.785182045000517
"ENSG00000114745","GORASP1",0.000247815462160897,"1.46501920948506","2.77600804382708","0.604261643622986","2.62258391119585",0.0393627089898663,1,-1.46790804745778
"ENSG00000125691","RPL23",0.000250502275993301,"3.06853584538336","2.80881216541734","8.8107648433384","19.1262845776781",0.0393627089898663,1,-0.7750892933755
"ENSG00000111906","HDDC2",0.000273594643423463,"2.60863336830058","2.67923533948604","5.15276985912151","10.3095177148684",0.0418599804437898,1,-0.693533111735511
"ENSG00000248485","PCP4L1",0.00029669083595356,"2.42589723146184","2.36867677739746","12.0317409587305","20.1682744988278",0.0434246565425875,1,-0.516562562790348
"ENSG00000164405","UQCRQ",0.000313697209285978,"2.97393205930048","2.52234886850811","2.34788087858208","6.73806022075725",0.0434246565425875,1,-1.05425891489028
"ENSG00000241468","ATP5MF",0.000307865617756207,"3.45761046951167","2.66276111610441","5.45207482890149","10.1994158248762",0.0434246565425875,1,-0.626334207802101
"ENSG00000198018","ENTPD7",0.000311378463843777,"3.33168260731548","2.2169095242097","2.24310040933167","0.464951552815209",0.0434246565425875,1,1.57368108649348
"ENSG00000137076","TLN1",0.000324963601161132,"4.95109233127706","2.46904837536642","0.718115465543197","1.12866702971177",0.0439381017942052,1,-0.452162224044742
"ENSG00000116288","PARK7",0.000456296563018478,"2.36608865586043","2.40030270855045","1.99583877829533","8.1347112040254",0.0442151369564905,1,-1.40507583738385
"ENSG00000177954","RPS27",0.000365423500013931,"2.97499152864647","2.83310687984822","29.6312128318636","55.4973188766133",0.0442151369564905,1,-0.627506417744505
"ENSG00000023572","GLRX2",0.00039813829953758,"3.68722285047457","2.74263979558501","2.13863672174091","3.46544054830257",0.0442151369564905,1,-0.482671186808895
"ENSG00000250317","SMIM20",0.000401309956195164,"5.75883295114293","2.98901217719786","1.11318616917798","0.553632185922094",0.0442151369564905,1,0.698481063268996
"ENSG00000109390","NDUFC1",0.000345084847925714,"3.45654520272896","2.78868627129495","4.180782368745","8.80605184070982",0.0442151369564905,1,-0.74494079571329
"ENSG00000186468","RPS23",0.00043436013465196,"3.23477136470861","2.92782489589631","19.2628908168331","35.6090261688204",0.0442151369564905,1,-0.614418660350219
"ENSG00000124614","RPS10",0.000435490585730715,"2.88863969477988","2.74093808688964","4.54640647034085","11.9726480068993",0.0442151369564905,1,-0.968287581217892
"ENSG00000124733","MEA1",0.000354495536155723,"3.435147962996","2.52868408426692","3.02460237611577","2.53688089038253",0.0442151369564905,1,0.175844306417648
"ENSG00000173915","ATP5MD",0.000346421338252722,"3.07069851675404","2.66648387901313","12.2789115861618","22.7460633561318",0.0442151369564905,1,-0.616508805390882
"ENSG00000103363","ELOB",0.000452350556298409,"3.23079947100032","2.72535159345008","5.776059396915","13.3717957543984",0.0442151369564905,1,-0.839426009378982
"ENSG00000134419","RPS15A",0.000419643175398925,"3.05945212357679","2.86029465647481","7.81643860805632","15.8098475774049",0.0442151369564905,1,-0.704403980420121
"ENSG00000174938","SEZ6L2",0.000414902403742813,"2.52123421388726","2.38114275647904","27.3922715877894","46.1501644638403",0.0442151369564905,1,-0.521639609854546
"ENSG00000131143","COX4I1",0.000376695253561095,"2.92632701120647","2.68930082615484","7.70928520988292","18.8513080359601",0.0442151369564905,1,-0.8941568295206
"ENSG00000127774","EMC6",0.000397007406254196,"3.24333409722368","2.68002036551444","2.17295717526149","3.24445930634214",0.0442151369564905,1,-0.400859719226254
"ENSG00000126267","COX6B1",0.000448452815204433,"3.45203911093378","2.73171258629964","5.00312283412086","10.2533816494581",0.0442151369564905,1,-0.71754528389648
"ENSG00000147123","NDUFB11",0.000454483858428252,"3.3155253074029","2.6665295667055","5.27392428631493","6.86981148062709",0.0442151369564905,1,-0.264361933099694
"ENSG00000068308","OTUD5",0.000401438730551132,"1.75157566098194","2.77318650281599","1.36061039283037","4.52672326588521",0.0442151369564905,1,-1.20206491957673
"ENSG00000116455","WDR77",0.000581678538321497,"2.17673756615028","2.66703968541512","2.46667806711153","1.45253173216807",0.0467902461503526,1,0.529564277240698
"ENSG00000203667","COX20",0.000553867529985882,"3.04020577946222","2.51673288222822","6.59591898152147","8.81008804146757",0.0467902461503526,1,-0.289446311603651
"ENSG00000232112","TMA7",0.000632551589703166,"2.89364527599141","2.80092005126796","12.7382361774313","25.2628551168429",0.0467902461503526,1,-0.68472694675747
"ENSG00000114391","RPL24",0.000652606403543867,"2.94085199162086","2.80655109515289","9.9242689409783","25.2691038662367",0.0467902461503526,1,-0.934599292893596
"ENSG00000243449","C4orf48",0.000623821924430501,"3.33119164834615","2.54810110249739","5.21058768281057","9.72228519536009",0.0467902461503526,1,-0.623728044835515
"ENSG00000164587","RPS14",0.000637689633423055,"3.26059733739261","2.91599348138524","11.8587942925743","27.4448768174439",0.0467902461503526,1,-0.839109786919382
"ENSG00000164713","BRI3",0.000589906106750273,"1.96924254120324","2.62010370279016","4.04869676205131","7.70800829298137",0.0467902461503526,1,-0.643864784258269
"ENSG00000245910","SNHG6",0.000587013002096315,"2.96858093353085","2.71814213258124","8.43233082553399","16.2385779788404",0.0467902461503526,1,-0.655316542463765
"ENSG00000137100","DCTN3",0.00049194665550639,"2.94206400040475","2.83846739904365","1.95934394521249","5.56768381947214",0.0467902461503526,1,-1.04436944074361
"ENSG00000175768","TOMM5",0.000617446994566957,"2.89284570441813","2.59471125849966","5.20545239552391","8.41591680898101",0.0467902461503526,1,-0.480418157225528
"ENSG00000110700","RPS13",0.000656608193429578,"3.2020749103097","2.91268750674798","8.24725727341125","15.7362774577245",0.0467902461503526,1,-0.646088019603155
"ENSG00000167283","ATP5MG",0.000657215863019964,"3.67917903171792","2.64576519822493","2.11230918938499","8.50038998232815",0.0467902461503526,1,-1.3923302910995
"ENSG00000100442","FKBP3",0.00054746059023597,"5.22935325144585","5.42763533183809","10.8407418463746","4.44663671621079",0.0467902461503526,1,0.891163413370425
"ENSG00000165502","RPL36AL",0.000538558670152611,"2.8962471657069","2.75030146082876","6.15756332792934","13.2417427391734",0.0467902461503526,1,-0.76569303303094
"ENSG00000137818","RPLP1",0.000546272818808115,"3.26174143255901","2.91597727612023","21.5293956140729","41.0781266183671",0.0467902461503526,1,-0.64605654158865
"ENSG00000140990","NDUFB10",0.000552608327723835,"3.14219928763556","2.69410997705187","4.27397726747079","7.94114134118983",0.0467902461503526,1,-0.619512172582451
"ENSG00000219200","RNASEK",0.000511339987523019,"2.74223237709917","2.59905835497287","8.066965561968","17.3018390630477",0.0467902461503526,1,-0.763035403131641
"ENSG00000132522","GPS2",0.000590293506320769,"3.19768154310814","2.18115274975732","1.01443067807175","3.01720852755083",0.0467902461503526,1,-1.09000452848395
"ENSG00000087191","PSMC5",0.000583802174126414,"2.84292785825434","2.62877052919865","1.74583509303879","5.58042352826549",0.0467902461503526,1,-1.16203167011024
"ENSG00000177576","C18orf32",0.000605506112268127,"3.17154400929349","2.71533931472097","8.18913014414344","11.6715294384245",0.0467902461503526,1,-0.35434481227032
"ENSG00000105640","RPL18A",0.000659924352309754,"3.42379999871467","3.02086062070164","11.8440683533882","21.7045064463093",0.0467902461503526,1,-0.605692727959547
"ENSG00000130204","TOMM40",0.00056242402819402,"1.52542344864405","1.96444561610575","2.49376846891927","4.92982724878124",0.0467902461503526,1,-0.681508938913964
"ENSG00000144713","RPL32",0.000703863567040248,"3.28197355021885","2.8162462467887","16.6458671383835","33.1522060617471",0.049295852389371,1,-0.688947296585451
"ENSG00000146386","ABRACL",0.000720122735919825,"2.4159632000735","2.03879547503829","1.51689531119794","2.82116523710093",0.049295852389371,1,-0.620484316681796
"ENSG00000106992","AK1",0.000726389743907461,"3.64016074886679","1.98183423778133","1.92744763796886","3.47348192796875",0.049295852389371,1,-0.588960867995465
"ENSG00000213741","RPS29",0.000737657233896677,"3.04923461292643","2.9100590802646","13.7499466466962","31.4129398150384",0.049295852389371,1,-0.826184960181519
"ENSG00000241343","RPL36A",0.000732476636751653,"3.11288654648944","2.89575287254597","5.20118220570125","12.2554963312066",0.049295852389371,1,-0.857088569464265
"ENSG00000188846","RPL14",0.000773145142101219,"3.33289096185539","2.92539760129245","18.6755277831492","28.6750977578825",0.0510802938201873,1,-0.428815080077199
"ENSG00000138326","RPS24",0.000788821746730121,"3.10602535735966","2.80442925240581","13.0726826021559","29.4752613227244",0.0511097371469069,1,-0.813026556893576
"ENSG00000204071","TCEAL6",0.000791172401654906,"1.76759209421346","2.38571711327252","2.67252717711696","6.22783980458619",0.0511097371469069,1,-0.84600499879482
"ENSG00000269893","SNHG8",0.00081890892060511,"2.75250523517285","2.84751536483838","3.03909113915692","6.90747998374894",0.0517514833086751,1,-0.821046376719139
"ENSG00000136828","RALGPS1",0.000812597772381354,"0.29930365639918","5.94334236744212","27.0124930151973","19.1468437653653",0.0517514833086751,1,0.344161577643362
"ENSG00000134248","LAMTOR5",0.000830975111859688,"3.16852987919263","2.64116648787801","5.0084347841983","7.94500186476941",0.0519493473156153,1,-0.461419586738148
"ENSG00000156467","UQCRB",0.000873731881502424,"3.13877517624421","2.71507336720997","14.7596688218105","28.9622959693979",0.0540412463729265,1,-0.674096463712333
"ENSG00000143575","HAX1",0.000896048867680774,"2.66889811789248","2.62055074897405","2.43760394090193","5.39037298403366",0.0545856934148218,1,-0.79359901638887
"ENSG00000157778","PSMG3",0.000901311759171465,"2.59287557365978","2.33182483660264","1.23450318428495","3.34528839207098",0.0545856934148218,1,-0.996884296517134
"ENSG00000222011","FAM185A",0.000940078466852238,"5.98370903538587","5.12940482093279","6.85709549181846","4.45246813856319",0.0563263901982963,1,0.431825374082802
"ENSG00000172586","CHCHD1",0.00095129845821247,"3.23598350682449","2.67882643717453","1.15819917824393","3.56032614839954",0.0563263901982963,1,-1.12298578908861
"ENSG00000129559","NEDD8",0.000968806160961409,"2.68449018154844","2.50482203820133","4.84379461941433","12.8077012582928",0.0563263901982963,1,-0.972348224977254
"ENSG00000156411","ATP5MPL",0.000959497325481852,"2.86843429923736","2.69384310143417","7.97636587985465","18.4104010690295",0.0563263901982963,1,-0.836432876190615
"ENSG00000161016","RPL8",0.00100841925177752,"3.24117958235216","2.81085844878621","8.21828018156379","17.8424073060716",0.0574587711856407,1,-0.775217093205876
"ENSG00000156858","PRR14",0.00102737005057283,"3.46526334728102","1.68955439486767","1.65881871728229","1.36534902773483",0.0574587711856407,1,0.194695639028526
"ENSG00000115268","RPS15",0.00102781427645453,"3.28344542198442","2.88939893550531","16.8295739956173","30.7843756130219",0.0574587711856407,1,-0.603869580296331
"ENSG00000182916","TCEAL7",0.00101146064162433,"2.98706369606019","2.6866440883867","8.73091225966894","13.3429909405749",0.0574587711856407,1,-0.424121362304961
"ENSG00000156482","RPL30",0.00106757879328996,"3.2349434020277","2.95944923060944","12.5906494217174","25.0805783188969",0.0585556896621493,1,-0.689139345395603
"ENSG00000188612","SUMO2",0.00106185978014689,"3.68423305279904","2.93075962997004","6.60229094422347","13.4418917954281",0.0585556896621493,1,-0.710959382214029
"ENSG00000116251","RPL22",0.00117114893800099,"3.41147493072227","2.66213358811354","6.83457119742837","12.7466573070731",0.0588159743324647,1,-0.623275333323487
"ENSG00000143543","JTB",0.00114917827397606,"3.574574318898","2.41831430695734","2.79691626338231","3.40470293586677",0.0588159743324647,1,-0.196640216530579
"ENSG00000169020","ATP5ME",0.00110709505079114,"2.95849282575203","2.54370959665148","2.85862816952747","10.968875627212",0.0588159743324647,1,-1.34471992504043
"ENSG00000176907","TCIM",0.00109507354505534,"2.41584375935346","2.16182214423734","5.10287586800791","7.56616508669648",0.0588159743324647,1,-0.393882069031631
"ENSG00000164919","COX6C",0.00114655215296428,"3.20855375646979","2.70067940516231","6.31156983530095","19.3872120201109",0.0588159743324647,1,-1.12222924357698
"ENSG00000211450","SELENOH",0.00111911955992675,"2.60155241010681","2.4792001853212","7.80168872531837","14.09023167794",0.0588159743324647,1,-0.591141554988442
"ENSG00000110721","CHKA",0.00115530477073829,"1.52800183023072","1.00007263169443","10.4051926116437","6.81142482835272",0.0588159743324647,1,0.423703646952006
"ENSG00000134001","EIF2S1",0.00113107770425099,"3.16519072308543","2.61291727793747","0.939859000466547","3.59405282551008",0.0588159743324647,1,-1.34130590097604
"ENSG00000161970","RPL26",0.00117348693198588,"2.88784988499567","2.71257955399643","16.2789900946401","34.6350377209094",0.0588159743324647,1,-0.754990495420508
"ENSG00000108298","RPL19",0.00108727398550952,"3.17769023716541","2.82222333141409","14.8593877811177","26.104004171881",0.0588159743324647,1,-0.563456879785039
"ENSG00000118181","RPS25",0.001214881311396,"3.20056450567827","2.80574026749293","17.8898981116033","26.0116760149955",0.0588609995371362,1,-0.374309312482694
"ENSG00000127540","UQCR11",0.00120592905131919,"2.9921846856343","2.66340240820716","3.93292689132164","10.5636060869183",0.0588609995371362,1,-0.988030800739359
"ENSG00000179271","GADD45GIP1",0.00120734336407661,"3.46102534573072","2.57095722072032","2.63101514476904","4.28915388317851",0.0588609995371362,1,-0.488719725139001
"ENSG00000124172","ATP5F1E",0.00119315366844982,"3.36242752054006","2.74324140491917","6.90058817616601","16.658357696236",0.0588609995371362,1,-0.881305403329845
"ENSG00000204052","LRRC73",0.00123209794244759,"1.47893557988949","2.48096106465003","0.548770160513179","2.10751288402533",0.0592017970032255,1,-1.34558410058315
"ENSG00000103154","NECAB2",0.00125453810792679,"2.49470880475362","2.09164623865161","12.9237478769447","18.7932298643233",0.0597859390121833,1,-0.374430151736339
"ENSG00000125901","MRPS26",0.00127434531562388,"2.69707305228624","2.69436346707045","2.43151843486265","5.97722585907576",0.0602361273580263,1,-0.899440624645447
"ENSG00000130770","ATP5IF1",0.00129126234721617,"2.83708647297953","2.59293665155176","8.19998460699533","17.6477479983572",0.0605435426347969,1,-0.766475906004914
"ENSG00000172476","RAB40A",0.00131849532353395,"1.24682348661672","5.09766596885853","1.27124714274834","0.408535150983994",0.0613258544882111,1,1.1351757402495
"ENSG00000233927","RPS28",0.00136092734515469,"3.08999869716309","2.90646407286114","26.8709550602252","47.8661011403479",0.0627970760692807,1,-0.57736158752635
"ENSG00000184076","UQCR10",0.00140264466656419,"3.11935697513634","2.69395644499327","9.66428516742571","16.7277289384733",0.064212410168537,1,-0.548630608958566
"ENSG00000197982","C1orf122",0.00145450776886121,"2.91246511960965","2.60773079925683","3.31747196468838","7.52191852891124",0.0655543268849541,1,-0.818618192494664
"ENSG00000089199","CHGB",0.00144510841015857,"2.66476687534757","2.59041268008715","5.23585550762677","9.46876015120078",0.0655543268849541,1,-0.592467723062194
"ENSG00000270170","NCBP2AS2",0.0015171568880394,"2.88826774341971","2.7866900959782","2.72149585095247","4.70854828757148",0.0656633828514179,1,-0.54819796697319
"ENSG00000154328","NEIL2",0.00154727957527421,"3.03905379202771","2.73421055765217","0.926889962873776","2.76594198550042",0.0656633828514179,1,-1.09330168173587
"ENSG00000054148","PHPT1",0.00148910212492303,"3.27892264491982","2.74178475582249","1.17649015108017","5.09680816826677",0.0656633828514179,1,-1.46607893666769
"ENSG00000150051","MKX",0.00153911453900346,"3.57266889198061","5.20673636141483","2.46858894892966","1.58800931324022",0.0656633828514179,1,0.441165484094159
"ENSG00000177600","RPLP2",0.0015101312533674,"3.27174178331231","2.83785068421008","14.1063881705789","22.4892142191326",0.0656633828514179,1,-0.466408069712409
"ENSG00000100938","GMPR2",0.00154056045489122,"3.12781018719397","2.69694802324162","1.49302377635105","2.79758458676318",0.0656633828514179,1,-0.627952953653396
"ENSG00000103647","CORO2B",0.00147892756505319,"0.215317048082565","0.0209113438813563","15.2817853410559","8.25363604435015",0.0656633828514179,1,0.616007782704069
"ENSG00000103507","BCKDK",0.00149130455385387,"1.90721817980669","2.39237009146942","0.746129084056992","2.06097402781157",0.0656633828514179,1,-1.01603535890606
"ENSG00000183648","NDUFB1",0.00156339495192036,"2.24699248468667","2.48085027838259","3.32052183184645","9.53745088014323",0.0658665090613404,1,-1.05510429757155
"ENSG00000161011","SQSTM1",0.00161167139000158,"2.91788025909411","2.89426456957181","1.95256023330766","8.24456803399355",0.0659877286018957,1,-1.4404131117897
"ENSG00000171159","C9orf16",0.00158634213726585,"3.89071923929649","2.78470048741718","2.99895419873426","7.36687498971517",0.0659877286018957,1,-0.898729971131661
"ENSG00000174446","SNAPC5",0.00159851306511608,"2.81155556373696","2.60079287286957","2.70079382257047","4.64713139120779",0.0659877286018957,1,-0.542704385960675
"ENSG00000168701","TMEM208",0.00160270153302555,"2.6612716376153","2.63407147289999","1.95605585127844","3.9539218762136",0.0659877286018957,1,-0.703777841359421
"ENSG00000113578","FGF1",0.00165992744087397,"1.54145725754454","1.99484296776656","3.90512170109799","6.25732541345162",0.0668667422171386,1,-0.471463895307222
"ENSG00000122687","MRM2",0.00166732483261773,"1.37367717002514","2.68895226775389","0.682708666049887","1.37977111464793",0.0668667422171386,1,-0.703604687311489
"ENSG00000111652","COPS7A",0.00166764320974976,"2.54766626143703","2.54051912393593","5.65129081866559","9.27451013259146",0.0668667422171386,1,-0.495385808660408
"ENSG00000129244","ATP1B2",0.00169191531758949,"2.91749915564675","2.86420017933305","19.2134370092983","34.2450605656946",0.0673753127155157,1,-0.577932458756699
"ENSG00000181852","RNF41",0.00171934776744885,"3.55933656212024","2.59053924937913","1.93546798963636","3.64671256973538",0.06760763614781,1,-0.633476943576564
"ENSG00000129194","SOX15",0.00172330657939994,"3.93834506192163","2.52761858005438","1.15976286849182","1.3646963094871",0.06760763614781,1,-0.162716359484526
"ENSG00000265681","RPL17",0.00173263463811897,"3.12111270996531","2.88345733283109","16.6289682302834","28.6189708812176",0.06760763614781,1,-0.54292356684984
"ENSG00000163319","MRPS18C",0.00177083529115106,"2.71376452724228","2.84508560495797","0.749368593178239","3.56810594369036",0.0681830224023329,1,-1.56055920980582
"ENSG00000171858","RPS21",0.00176254147899942,"3.18431391549599","2.88374270650459","13.4306050172089","28.1213562834181",0.0681830224023329,1,-0.738993238563412
"ENSG00000008952","SEC62",0.00178554162099473,"3.00913150615244","2.66829592083198","23.5902164268257","31.2264838274488",0.0682969670030484,1,-0.280434507484123
"ENSG00000162244","RPL29",0.00181985415250631,"3.01892720725083","2.90078429820687","6.88298572373609","16.7996866309882",0.0691544577952398,1,-0.89230770403774
"ENSG00000161203","AP2M1",0.0018594515801625,"3.16150344517684","2.58145865857802","12.9222523315171","17.0562862028044",0.0702003343315895,1,-0.277568015800132
"ENSG00000198830","HMGN2",0.00187587848326405,"2.4300134300858","2.5837335567078","7.20106265518051","12.7915579871409",0.0703635967851431,1,-0.574556814955058
"ENSG00000106153","CHCHD2",0.00195627685603258,"2.77971350554885","2.71826420649321","10.0355439381927","20.986489007456",0.0729089335959835,1,-0.737745665183762
"ENSG00000184209","SNRNP35",0.0020659083934755,"3.81516192138107","2.16154127828492","0.674180624833354","1.87136150786951",0.0765044038195322,1,-1.02092345962568
"ENSG00000186160","CYP4Z1",0.00229085076173055,"2.36765796370806","0.363037603360936","0.926638265741317","0.835433557961374",0.0779817351592077,1,0.103612447877804
"ENSG00000145050","MANF",0.00230052509655688,"4.03270424908645","2.96752652001503","0.939374553939424","2.00715773119102",0.0779817351592077,1,-0.759260650578049
"ENSG00000145354","CISD2",0.0023204059481498,"3.45245006481002","2.73898892450664","4.701071071702","3.99188612522328",0.0779817351592077,1,0.16352653805307
"ENSG00000132432","SEC61G",0.00227833853310458,"2.96920007085242","2.60784391313111","5.09319757420835","8.36927112655441",0.0779817351592077,1,-0.496660958618796
"ENSG00000136942","RPL35",0.00225310937001261,"2.98243719160894","2.76264299389863","10.2444162807061","24.2348669528712",0.0779817351592077,1,-0.861059575356239
"ENSG00000107902","LHPP",0.00222657647359236,"0.967479659925693","0.161972973468751","5.88505385794861","2.94118959332976",0.0779817351592077,1,0.693601769309252
"ENSG00000253719","ATXN7L3B",0.002145301324253,"3.31704289567099","2.64811871776975","10.5643284464264","8.50798370232948",0.0779817351592077,1,0.216478103289879
"ENSG00000179630","LACC1",0.00229111848664433,"0.645629900806275","2.74472169866295","1.51091092444191","1.27369807778134",0.0779817351592077,1,0.170788188706532
"ENSG00000181610","MRPS23",0.00217599685042752,"2.84746208117076","2.69666513445634","1.66956299423429","3.98368294718661",0.0779817351592077,1,-0.869644842940884
"ENSG00000174886","NDUFA11",0.00218792845673957,"3.62928908787377","2.61264835101658","2.36230255383053","5.28893219483759",0.0779817351592077,1,-0.805979570172198
"ENSG00000101438","SLC32A1",0.00215055818794593,"2.73085340924686","2.69346064120862","10.2287644268251","15.1275928271728",0.0779817351592077,1,-0.391316622537352
"ENSG00000185272","RBM11",0.00229419200202764,"3.80110210764417","2.60275419923955","2.72208648388189","0.746143158468992",0.0779817351592077,1,1.2942364716636
"ENSG00000241837","ATP5PO",0.00231752144528909,"3.27849885817834","2.53781982946401","4.35560735955735","7.1718908519904",0.0779817351592077,1,-0.498705273832356
"ENSG00000100100","PIK3IP1",0.0022003014711042,"4.60492306825493","3.51737409339838","0.798832197075045","3.66339797450841",0.0779817351592077,1,-1.52299549649321
"ENSG00000102003","SYP",0.00223797428943527,"2.78684946041495","2.4027174368301","15.3641845058492","26.3362550136055",0.0779817351592077,1,-0.53890738814441
"ENSG00000133169","BEX1",0.00220608717365523,"2.88790268383718","2.59498047836215","14.2588628120305","25.5671845637584",0.0779817351592077,1,-0.58393101112675
"ENSG00000187051","RPS19BP1",0.00234383242085159,"2.79602464820143","2.75662850820383","4.54871121708901","8.63913713993134",0.0783163315794893,1,-0.641458765916454
"ENSG00000147684","NDUFB9",0.00240430603698222,"2.77123306046992","2.62644122257401","4.78913553757894","9.86582412283962",0.0787033598083231,1,-0.722726753246265
"ENSG00000149218","ENDOD1",0.00240185851737668,"3.15867042469568","2.41678922538349","1.7381978713945","4.05399638797383",0.0787033598083231,1,-0.846854286633929
"ENSG00000196678","ERI2",0.00239992417741568,"1.85592158413294","2.1873017250002","3.85862845656543","1.79050002660469",0.0787033598083231,1,0.767816872886409
"ENSG00000102409","BEX4",0.00240956278738932,"2.82032239276981","2.65160125838433","17.115603433594","26.185274592087",0.0787033598083231,1,-0.425206685347087
"ENSG00000160678","S100A1",0.0024456177491779,"6.28206377050091","3.73761929980669","1.92373612216657","0.303379867184472",0.0794347575068174,1,1.84703876380117
"ENSG00000197756","RPL37A",0.00252578953023169,"3.10740344887787","2.87083297171258","34.9513854225664","67.0560941773159",0.0796799673767549,1,-0.65157138761461
"ENSG00000166441","RPL27A",0.00249858005965458,"3.0751272370594","2.93189961604485","11.4457780665189","24.9747118518212",0.0796799673767549,1,-0.780242852814954
"ENSG00000184999","SLC22A10",0.00252654476548635,"0.943170184942877","6.25326835047153","2.2406318024186","3.05501301401638",0.0796799673767549,1,-0.310025971773473
"ENSG00000111639","MRPL51",0.00249426277970927,"2.74663048409864","2.5743142573897","2.21785883507875","4.95541974795517",0.0796799673767549,1,-0.803939634430709
"ENSG00000149932","TMEM219",0.00253539627875811,"3.26699931846016","2.5053628084268","2.84472543366404","4.53513590646011",0.0796799673767549,1,-0.466388496923616
"ENSG00000185608","MRPL40",0.00249077789116053,"3.33767124823886","2.70813643386884","1.26156898532629","2.23175720357022",0.0796799673767549,1,-0.570433086078292
"ENSG00000149187","CELF1",0.00258389084416522,"0.190790285027354","5.93624530389499","14.6625429589889","19.9897362028606",0.0803817188182278,1,-0.30992280814042
"ENSG00000127863","TNFRSF19",0.00258537692105411,"3.86392655708647","6.17167764555956","1.96011169465579","2.04952995404992",0.0803817188182278,1,-0.0446090174638225
"ENSG00000099795","NDUFB7",0.00263817950090687,"2.94341580931664","2.3746306879245","3.18302678260353","7.26359658763224",0.0811554265517066,1,-0.825042541384302
"ENSG00000147403","RPL10",0.00263443528671106,"3.16948655397432","2.88202259089235","16.4944549050756","31.6016429874126",0.0811554265517066,1,-0.650184854449287
"ENSG00000181029","TRAPPC5",0.0026545897510726,"3.46825700947525","2.43381840071417","2.9630250237035","5.43716646599908",0.0812304463828216,1,-0.607047340996947
"ENSG00000063177","RPL18",0.00267042713616524,"3.28868344256219","3.00977862215808","20.2497873836245","31.9383979446687",0.081236466626407,1,-0.455664689329699
"ENSG00000083845","RPS5",0.00268273161201757,"3.60534882027264","3.0703317452888","5.60755017829551","11.5880326588341",0.081236466626407,1,-0.725858962437778
"ENSG00000168653","NDUFS5",0.00274063676990165,"2.99143085673473","2.72041977594128","3.32008860825299","12.5109525180329",0.0812962356133071,1,-1.32661299030541
"ENSG00000114942","EEF1B2",0.00270844711566044,"2.51929744784012","2.66277086967126","3.71440148920461","8.03214041224432",0.0812962356133071,1,-0.771233485749834
"ENSG00000062582","MRPS24",0.00273908329579841,"3.18212063766084","2.87673738898714","4.70197008722062","7.62345975916462",0.0812962356133071,1,-0.483248714907278
"ENSG00000042317","SPATA7",0.00273455234251549,"1.666330934883","0.476025489425163","7.14053906790706","3.26940800185567",0.0812962356133071,1,0.781179343876683
"ENSG00000119705","SLIRP",0.00276973187318007,"2.81067402750816","2.73024818667429","4.47515940484514","9.89889795854393",0.0817422391404514,1,-0.793881461338673
"ENSG00000164576","SAP30L",0.00286483382025436,"5.87787478927857","1.84907802433947","0.795956865766969","1.05738682603427",0.0823252575048025,1,-0.284010889253633
"ENSG00000049449","RCN1",0.00284471132993523,"3.56974289705291","2.70512768535568","2.57664447746527","2.24451865218563",0.0823252575048025,1,0.137996872923036
"ENSG00000135441","BLOC1S1",0.00282302427038189,"3.84096626261687","2.65563636800997","0.826266852781653","4.67890468538898",0.0823252575048025,1,-1.73390153226823
"ENSG00000173141","MRPL57",0.00287138466134655,"2.72671781292108","2.60443419621678","4.24410857213103","6.90370406602281",0.0823252575048025,1,-0.486526285804252
"ENSG00000172775","FAM192A",0.00283541149277876,"3.55313632046898","2.54192842750005","2.72184627364926","3.40642920691173",0.0823252575048025,1,-0.224354162129067
"ENSG00000229833","PET100",0.00287444569547212,"3.14565409063843","2.7145057259901","1.818821219391","5.29467001088595",0.0823252575048025,1,-1.06851204662202
"ENSG00000116661","FBXO2",0.00293721405063421,"3.45195645756588","2.50277596487167","5.75116287074589","4.43521860652125",0.0833685826762354,1,0.259825166994546
"ENSG00000135452","TSPAN31",0.00295389199024845,"2.7371005417618","2.71765181530683","2.47594026969274","4.63814900359691",0.0833685826762354,1,-0.627695134188319
"ENSG00000054803","CBLN4",0.00294401186981014,"2.19141184614907","2.13702062233136","13.9113961092321","19.6181087003535",0.0833685826762354,1,-0.343744684769347
"ENSG00000115226","FNDC4",0.00302331160406063,"2.66406152379731","2.45487151968679","3.50796141928038","5.78585696997974",0.0837025412667072,1,-0.500381409706247
"ENSG00000174473","GALNTL6",0.00301902435929615,"4.02449932774582","5.99535645775898","126.556843172991","229.737862915383",0.0837025412667072,1,-0.59624737210137
"ENSG00000189043","NDUFA4",0.00301640550795156,"2.83251566701896","2.73919516360321","17.0527633947318","40.6755879204752",0.0837025412667072,1,-0.869315840565613
"ENSG00000100461","RBM23",0.00298040244509851,"1.64216536487341","2.49867527740157","1.0060379043823","3.63830077093192",0.0837025412667072,1,-1.28549700220101
"ENSG00000174628","IQCK",0.00310550836809872,"1.09630515648532","2.15932909392039","8.06803654195682","1.65941076919223",0.0855707376878007,1,1.58144756828982
"ENSG00000119333","WDR34",0.00316178251957817,"3.22014677080951","1.02619620074017","1.33821177490878","0.253231139150975",0.0867103941925825,1,1.66478684023789
"ENSG00000148362","PAXX",0.0032739575646188,"3.16197688686114","2.36508570361936","1.94505566988654","4.49426646222964",0.0891915342065668,1,-0.837511866180932
"ENSG00000134153","EMC7",0.00328293572758949,"2.71398974444847","2.55646704206362","3.43784160359067","5.66219316962439",0.0891915342065668,1,-0.498967469315943
"ENSG00000163463","KRTCAP2",0.00333622779287264,"3.29515216239494","2.41802654152749","3.40952034395037","2.595731766946",0.0897931278524245,1,0.272703151821701
"ENSG00000197728","RPS26",0.00335141189266875,"3.16144841714269","2.61681960744912","8.98004941385124","12.4489332114431",0.0897931278524245,1,-0.326629548456604
"ENSG00000105372","RPS19",0.00335039236085934,"3.13937102419299","2.95463097744936","14.2608962364681","26.9648273700415",0.0897931278524245,1,-0.637012064074254
"ENSG00000100897","DCAF11",0.00339914799904959,"3.21509537097725","2.82322978717197","0.891067195768571","2.81162025016854",0.0899397800033744,1,-1.149096356887
"ENSG00000259494","MRPL46",0.00340757006834504,"3.43516225896962","2.76991758232574","1.02116117810487","1.96413144041822",0.0899397800033744,1,-0.654109742843711
"ENSG00000177427","MIEF2",0.0033739698239539,"2.00430814598197","2.75245601072192","0.756270499443495","1.84558930495544",0.0899397800033744,1,-0.892154796275337
"ENSG00000100316","RPL3",0.00343423308578416,"3.10090180088393","2.88391749515468","26.8242224921352","44.7325476174792",0.0899397800033744,1,-0.511396067630398
"ENSG00000198918","RPL39",0.00342224367652033,"3.08555309517887","2.79593997576792","12.5617759208916","22.5808877667218",0.0899397800033744,1,-0.586445328435194
"ENSG00000114125","RNF7",0.00357905596296879,"3.40617382190809","2.75609735600997","2.61779764638143","3.67215927397851",0.093312248290137,1,-0.338446475791619
"ENSG00000076067","RBMS2",0.00371608319616066,"1.22740561117031","1.0614721931175","4.86951252671608","2.5661413383801",0.09645226652892,1,0.640590489016209
"ENSG00000152082","MZT2B",0.00381387806186657,"2.91509237272868","2.58284409067361","6.58509739421489","13.2532235551638",0.0970630330178496,1,-0.699431684625434
"ENSG00000013293","SLC7A14",0.00376400338915321,"3.26175924973951","2.7424156423401","17.5542999165998","4.91232015735852",0.0970630330178496,1,1.27355256205868
"ENSG00000221932","HEPN1",0.00381076604388722,"6.07873334576669","3.73000392496422","1.48639946965177","0.486819047494023",0.0970630330178496,1,1.11621952294478
"ENSG00000131979","GCH1",0.00382308815980178,"1.70212483758785","0.251226211101584","1.52567056519194","0.895928839838759",0.0970630330178496,1,0.532328317277019
"ENSG00000099800","TIMM13",0.00378739921798836,"2.82124693429969","2.4020591812435","3.67475109801742","5.90088271245201",0.0970630330178496,1,-0.473616550060382
"ENSG00000173660","UQCRH",0.00392666847413053,"3.05293829258452","2.59802811325449","11.5131121434331","20.3454132805803",0.0992593500373691,1,-0.569368922630558
"ENSG00000188215","DCUN1D3",0.00395284123730837,"2.81878937050251","3.14717702820297","1.77920963688949","0.480342055667219",0.0994271739753095,1,1.30942605437369
"ENSG00000131171","SH3BGRL",0.00396751021022907,"5.83091090151616","5.60020780247128","21.922568810407","13.120450567263",0.0994271739753095,1,0.513344520526101
"ENSG00000187954","CYHR1",0.00398570567400574,"3.18664813330819","2.55650515373565","2.28173027252428","6.73569966842681",0.0994544754878514,1,-1.08248764329304
"ENSG00000124749","COL21A1",0.00408780336693573,"3.00992847589222","2.63543027267166","31.5607933332018","7.60812711979389",0.101315853177176,1,1.42269859915811
"ENSG00000140557","ST8SIA2",0.00409515402418927,"1.83619406467762","1.2375616115638","3.56211309888242","3.09051767296178",0.101315853177176,1,0.142015327293841
"ENSG00000198242","RPL23A",0.00411472363928646,"3.14858711250494","2.82098047635619","14.3970087275248","24.0763173768227",0.101368657791574,1,-0.51420821814056
"ENSG00000162630","B3GALT2",0.00417275085497373,"3.05027883402519","2.37273938778966","8.00185417942298","11.9554484294659",0.102230556409722,1,-0.401513822738033
"ENSG00000141431","ASXL3",0.00418487657817577,"3.83956300525247","4.85767999715408","18.6417603247551","7.17762111962446",0.102230556409722,1,0.954436235046956
"ENSG00000165895","ARHGAP42",0.0042200925482265,"2.81807896467818","3.98109738458281","11.1979674533744","3.00309467496441",0.102659489855184,1,1.31608896915584
"ENSG00000167136","ENDOG",0.00425349637534584,"3.29714451627052","2.6657044272896","2.77336908682661","2.9228222176546",0.102964220976879,1,-0.0524868044362472
"ENSG00000131174","COX7B",0.00426803874362363,"2.81555922047003","2.65302040480224","4.24236016186298","9.0954008487879",0.102964220976879,1,-0.762649128207434
"ENSG00000196159","FAT4",0.00430197142576206,"4.01907020305811","5.46664428026771","11.2326070607267","6.23825006512672",0.103268600995845,1,0.588121188482123
"ENSG00000111361","EIF2B1",0.00431617991778301,"0.290844060133874","2.65025376932567","0.689580080638835","1.98235932694222",0.103268600995845,1,-1.05596016003744
"ENSG00000172428","COPS9",0.00444552421345773,"2.75192998790579","2.85292688624545","4.1371870102593","12.4484363244587",0.104218862004207,1,-1.10157892781925
"ENSG00000113805","CNTN3",0.00443959910724352,"4.61929079591063","5.84986831606384","5.91836631296047","27.5933967413034",0.104218862004207,1,-1.53951604543192
"ENSG00000198856","OSTC",0.0044338786300381,"3.60914362329198","2.52469094087867","1.60930493294726","2.05095546287794",0.104218862004207,1,-0.242503396908939
"ENSG00000234745","HLA-B",0.00443345880785315,"2.92987713061437","2.53022893731652","2.34459486154011","5.65517521538729",0.104218862004207,1,-0.88045847320299
"ENSG00000090266","NDUFB2",0.00440564386436122,"3.01916921862459","2.66402019643798","5.97119039685993","12.3052364357629",0.104218862004207,1,-0.723078594280724
"ENSG00000138085","ATRAID",0.00461086666479169,"2.57261798159964","2.60476048709553","0.716660343072644","2.09960934950634",0.105958809443079,1,-1.07490457356719
"ENSG00000145425","RPS3A",0.00456665736715394,"3.14801082437839","2.95547815202495","10.6940295785817","21.5508657170732",0.105958809443079,1,-0.70073038580174
"ENSG00000106245","BUD31",0.00458829287983713,"4.58292711175974","2.63318811689327","0.374324500188487","1.76576382877337",0.105958809443079,1,-1.55121557114077
"ENSG00000119632","IFI27L2",0.00460567176280548,"3.4091005451824","2.80267890835073","3.37449969682144","4.21588711619468",0.105958809443079,1,-0.222612960427138
"ENSG00000167526","RPL13",0.00460551514475759,"3.05910657808988","2.90343387941806","22.5470198995147","43.5127420645952",0.105958809443079,1,-0.657450914243577
"ENSG00000237515","SHISA9",0.00469209700673762,"1.03371531877396","0.428395412193771","75.3666615109012","59.4378256264459",0.107400992114852,1,0.237434203448045
"ENSG00000117411","B4GALT2",0.00476220769341948,"4.0007219784964","1.59721447427744","1.98593914284612","0.632452892762122",0.107733367819225,1,1.1442414610755
"ENSG00000175197","DDIT3",0.00473152746482967,"3.18681904505073","2.98198215008932","3.54854021191014","5.6618322933454",0.107733367819225,1,-0.467211255560837
"ENSG00000130748","TMEM160",0.00475738930916488,"3.1339281905998","2.63521954972466","6.89327206551668","10.8441953208017",0.107733367819225,1,-0.453084070400419
"ENSG00000116212","LRRC42",0.00484621790789487,"2.84815196470279","2.45400765289094","1.46791409763593","0.178912225510933",0.107953681672417,1,2.1047023655648
"ENSG00000127184","COX7C",0.00480418201998889,"3.05002056394908","2.83606752593684","16.4705309634339","29.4074540062791",0.107953681672417,1,-0.57967539795104
"ENSG00000042753","AP2S1",0.00483434520855737,"1.7329182588752","2.24898649657546","0.337225870247672","3.75931960068562",0.107953681672417,1,-2.41124031877798
"ENSG00000101132","PFDN4",0.00483571892643474,"3.27321424194231","2.58467407625994","2.90548071175067","4.23037599494393",0.107953681672417,1,-0.375692022820665
"ENSG00000126698","DNAJC8",0.00487863371603599,"1.97802675776077","2.70707196618165","1.53856337260245","5.14242756842732",0.108260978721501,1,-1.20667615145731
"ENSG00000102445","RUBCNL",0.00489888261067052,"1.17023732395074","1.83478089401752","3.04726611734881","0.52640834625191",0.108296971476952,1,1.75592287744033
"ENSG00000139163","ETNK1",0.00499099431798068,"3.88960159040413","4.10099802572238","18.5250152255287","3.77231044258979",0.109674712741617,1,1.59143432983503
"ENSG00000204065","TCEAL5",0.0049989334152956,"2.73390442538259","2.28207376173811","3.26905889139104","5.95638589998682",0.109674712741617,1,-0.599961761838515
"ENSG00000135940","COX5B",0.00504384232106369,"3.14974827542846","2.67663779231959","4.62432999490226","12.563493256032",0.110156345535996,1,-0.999463753347364
"ENSG00000140090","SLC24A4",0.00505877954215873,"3.14369359315829","5.46012235905783","2.72739106750664","2.12522404065408",0.110156345535996,1,0.249468271626534
"ENSG00000084623","EIF3I",0.00517426994520011,"3.2899569081618","2.69853795295178","2.88727230823756","3.933298219661",0.111949767133185,1,-0.309166097110105
"ENSG00000108106","UBE2S",0.00517965038851509,"3.11833582893383","2.5634260541946","3.21286487045738","4.09825051595751",0.111949767133185,1,-0.243397157097155
"ENSG00000115350","POLE4",0.00521471973062636,"3.03947170675133","2.71900594459834","2.05708340960662","3.99648265956466",0.112290298199488,1,-0.664125480167956
"ENSG00000125630","POLR1B",0.0053137812924456,"1.56672809094973","2.67044906242712","1.733647354845","0.490740944027034",0.113166023568787,1,1.26206638609579
"ENSG00000186010","NDUFA13",0.00529497222959764,"2.8476987725889","2.48976388102032","8.55392639430217","18.0357881915127",0.113166023568787,1,-0.745967611899201
"ENSG00000128285","MCHR1",0.00530438512197864,"3.28568842028376","2.78294832864814","1.81093960207445","2.37409913517142",0.113166023568787,1,-0.270772226271793
"ENSG00000074071","MRPS34",0.00539608739334747,"3.02173714973772","2.47471618055988","3.66911119328398","4.76806419323947",0.114499460236942,1,-0.26199094195035
"ENSG00000156675","RAB11FIP1",0.00542121081534593,"0.0610544659831732","4.83925129888371","3.3122015262154","0.771192824904764",0.11461425338335,1,1.4574299214943
"ENSG00000181218","HIST3H2A",0.00544548804840358,"3.58520676245237","2.9806547699785","2.13379412884146","2.64326915265125",0.114710389541371,1,-0.214114790208516
"ENSG00000140988","RPS2",0.00549537217465584,"3.14411149871907","2.91327742098868","10.025621214081","19.1688279345388",0.115343299001621,1,-0.648141476815426
"ENSG00000169228","RAB24",0.00552873546074925,"3.35473113917891","2.63824200229167","2.63072469284432","1.20023498572191",0.115626143772648,1,0.78474199778477
"ENSG00000205981","DNAJC19",0.00565261382160787,"3.22429734508035","2.69828916005395","3.98793064293352","5.18567494012114",0.116954792736043,1,-0.262627544374828
"ENSG00000140262","TCF12",0.00564167950994026,"0.133208254613317","6.04147020507279","19.5260809562941","46.1677339973748",0.116954792736043,1,-0.860530098897144
"ENSG00000101084","RAB5IF",0.00562756544064321,"3.32707465469303","2.48928472162637","2.24105574196034","3.36538229151794",0.116954792736043,1,-0.406594496612627
"ENSG00000167770","OTUB1",0.00567376411430142,"2.50117656859932","2.53380332849507","5.21728703516112","9.47404399427748",0.116976115462938,1,-0.596578306450646
"ENSG00000164823","OSGIN2",0.00571407698682559,"2.15446053895222","2.41602812786175","0.319848236826784","2.22697096770732",0.117390966789413,1,-1.9405510072885
"ENSG00000125388","GRK4",0.00600348613646334,"0.770222938577628","0.636393567039481","13.1640327999727","4.01090310878449",0.119623980513091,1,1.1884718925975
"ENSG00000137207","YIPF3",0.00598020884602182,"3.39169726501425","2.58917342396772","2.94006229992462","4.03681140906266",0.119623980513091,1,-0.317024353588072
"ENSG00000185250","PPIL6",0.00591662967126478,"4.25753350656011","5.4409519674622","2.0252552654395","2.05699288442086",0.119623980513091,1,-0.0155494018413865
"ENSG00000122566","HNRNPA2B1",0.00600794673371559,"3.67469623735755","3.15594696769809","26.2686083372782","10.5733964361899",0.119623980513091,1,0.910033550739121
"ENSG00000120875","DUSP4",0.00592244055116553,"1.77021748324354","1.53611903711311","8.97242677496752","12.0077163714413",0.119623980513091,1,-0.291393291130566
"ENSG00000149115","TNKS1BP1",0.00598811677916294,"2.18249623505976","0.504129582955319","1.55415262033985","0.676056669156598",0.119623980513091,1,0.832408834749358
"ENSG00000135414","GDF11",0.00591902226750592,"1.84926679646093","2.37622136629711","1.41790232392803","3.41295855324283",0.119623980513091,1,-0.878400983307347
"ENSG00000198034","RPS4X",0.00597950293214939,"3.4074767388843","2.96127208054265","10.0289422777072","17.4229130363838",0.119623980513091,1,-0.552311040565756
"ENSG00000005022","SLC25A5",0.00592822731674387,"2.72485106493052","2.60334643360347","5.18721519183312","8.88188001040088",0.119623980513091,1,-0.537816266208605
"ENSG00000171222","SCAND1",0.00603008782841214,"3.10389389335429","2.28090739521905","0.425061380038252","2.74461377697452",0.119655053359687,1,-1.8651620613729
"ENSG00000140939","NOL3",0.00607183150456124,"0.755506396898102","3.55574593078203","0.642435097630883","1.24449882746621",0.120073565875915,1,-0.661222383328125
"ENSG00000163170","BOLA3",0.00609550904667236,"2.3956676213176","2.44322350818664","2.53954015291473","4.91198125126284",0.120133185075773,1,-0.659694351431459
"ENSG00000178719","GRINA",0.00618353024590247,"2.94952254254224","2.64777918587855","12.2536422824562","18.046334089178",0.12145623260026,1,-0.387119344622051
"ENSG00000196104","SPOCK3",0.00625358765290965,"4.20248728702227","5.60812490509669","40.7495670017767","73.603696560877",0.122007914812137,1,-0.591250035578365
"ENSG00000231500","RPS18",0.00625134981562126,"2.94770587671936","2.95249184475456","14.9667280636128","32.156801823645",0.122007914812137,1,-0.764794385265994
"ENSG00000197780","TAF13",0.00636879311892993,"2.83793567304658","2.4420889240542","2.616181747217","4.22540653294803",0.123840010680464,1,-0.479399570578797
"ENSG00000184508","HDDC3",0.00640401674035169,"2.64318700936674","2.71447653368039","1.04128343161703","2.33150703880709",0.124109844428016,1,-0.806060835086648
"ENSG00000178449","COX14",0.00644019038581721,"2.57450718753614","2.59016874058939","3.07557022645227","6.11660757179647",0.124396235558609,1,-0.687517300935742
"ENSG00000103024","NME3",0.0065052568307662,"2.5593017140108","2.47431387022659","4.56694327326616","9.49665185778129",0.125236964285016,1,-0.732095187343458
"ENSG00000167468","GPX4",0.0066303567331134,"3.0166679184505","2.53475473745118","13.714166306056","21.6392800227703",0.127224072760136,1,-0.456080847233458
"ENSG00000243709","LEFTY1",0.00665671201294474,"0.580815746688685","5.23808278435835","1.29681518387028","1.09301602265191",0.127309617247568,1,0.170970531671651
"ENSG00000119335","SET",0.00669638377345111,"3.07135404453606","2.83779945123293","13.8747622190494","19.7204163769933",0.127648443471622,1,-0.351582941283732
"ENSG00000155329","ZCCHC10",0.00678369262531024,"1.56582926411918","2.42290681421192","1.44067655557051","2.9322774336547",0.128890159880895,1,-0.710666568703746
"ENSG00000111907","TPD52L1",0.00683569151946582,"1.32701885004346","1.760747651724","21.4681491253405","23.6815668448369",0.129455083042913,1,-0.0981265745691928
"ENSG00000162631","NTNG1",0.00695762778828363,"5.88665896426359","5.44995892998646","64.887996186328","25.6426464215431",0.130397222935474,1,0.928405806699918
"ENSG00000136521","NDUFB5",0.00708729316264358,"2.92930676675932","2.69404108046675","5.13462734094777","8.03451613078305",0.130397222935474,1,-0.447739508797166
"ENSG00000113319","RASGRF2",0.00696706750768085,"0.943039110550795","1.0886312339036","60.8108029907578","30.0667518592844",0.130397222935474,1,0.704347482103999
"ENSG00000175602","CCDC85B",0.00694080159739278,"2.71028032264663","2.54703458898085","9.8374374773517","17.7462817720637",0.130397222935474,1,-0.589980758166776
"ENSG00000242173","ARHGDIG",0.00704675552968302,"3.02999223908602","2.49289939130691","4.18645456093006","8.2655804254401",0.130397222935474,1,-0.68024574683036
"ENSG00000131469","RPL27",0.00705401762850944,"3.2970811732073","2.92560845921336","7.87381259412017","15.1625377452029",0.130397222935474,1,-0.655285372001694
"ENSG00000197971","MBP",0.00703108995657365,"6.11141704086736","6.16617626845177","27.3187239390552","6.8724837669519",0.130397222935474,1,1.38004674664594
"ENSG00000174010","KLHL15",0.00706099822350637,"2.99701923029952","3.57933252229003","2.12563634247635","0.299359525935294",0.130397222935474,1,1.96018121288322
"ENSG00000125356","NDUFA1",0.00707443785855735,"3.01110187532225","2.80095567964899","3.69324818689107","9.02259866845097",0.130397222935474,1,-0.893226055002263
"ENSG00000127445","PIN1",0.00713657005831312,"1.87005524547155","2.50109153473297","1.81926485117756","9.5521876926257",0.130889647694109,1,-1.65833771445676
"ENSG00000106244","PDAP1",0.00725641843698648,"2.81313179866635","2.60845748251925","3.36865179993901","6.4273343882022",0.132669235196979,1,-0.646047288742493
"ENSG00000157349","DDX19B",0.00732236597400698,"0.37853764825511","6.27778648651294","4.66673184808904","1.39772017992677",0.133038236790239,1,1.20561654193986
"ENSG00000108107","RPL28",0.00731404626791843,"3.4721579686706","2.9791728415725","9.94748327244938","20.1509967718638",0.133038236790239,1,-0.705934173021346
"ENSG00000086065","CHMP5",0.00738321745713358,"3.48011622098389","2.6503278662909","3.75990270319982","5.46286081102796",0.13372593861612,1,-0.373579530344011
"ENSG00000249709","ZNF564",0.00741419878499392,"0.944796520773063","3.20120606642007","1.47090212499221","0.543787645473719",0.133870036447064,1,0.995072368951171
"ENSG00000105677","TMEM147",0.00745792373181036,"3.10920794517022","2.45525321514403","2.30650275278564","3.27429742947538",0.134242627172586,1,-0.350370903216892
"ENSG00000112357","PEX7",0.00751275447483945,"1.6040213060198","1.92531154087476","3.10627535762681","0.741684972626121",0.134705833214863,1,1.43225506541257
"ENSG00000137038","DMAC1",0.00754962953462499,"1.78263213759815","2.59153618684604","1.27458774139557","3.68025366131293",0.134705833214863,1,-1.06035889326709
"ENSG00000131620","ANO1",0.00759950349062177,"0.652738715426393","0.040330301332428","5.02904873800671","1.57459445305651",0.134705833214863,1,1.16123309953567
"ENSG00000103047","TANGO6",0.00757183110186409,"0.730444907620805","0.548745612897613","14.6467322454543","8.43929150330193",0.134705833214863,1,0.551318895686961
"ENSG00000105193","RPS16",0.00757928406090406,"3.31102211316812","2.97700464770266","11.6029198318967","19.3736643347112",0.134705833214863,1,-0.512657859214787
"ENSG00000058262","SEC61A1",0.00771815631960482,"3.32687497259744","2.38467176285125","3.51319519442412","3.78539023911329",0.136393194049187,1,-0.0746230478608483
"ENSG00000136897","MRPL50",0.00780599069940737,"3.52673421807231","2.65083169903459","3.32611067919194","2.40924871061033",0.136918899378305,1,0.322488696617874
"ENSG00000134575","ACP2",0.00777936267165591,"2.29828078652499","2.47085830852093","3.1039088616417","5.01502831012832",0.136918899378305,1,-0.47977682618295
"ENSG00000129932","DOHH",0.00784210414395862,"3.8035061408572","2.3453637937488","0.788217755665177","1.61941352191013",0.136918899378305,1,-0.720044947808109
"ENSG00000099977","DDT",0.00784202119758291,"2.88803129890655","2.68463113432151","2.82141209972522","4.91102862596795",0.136918899378305,1,-0.554245911786297
"ENSG00000117362","APH1A",0.00787947453567186,"1.59603168593711","2.76602331790796","1.59756184865743","2.27542128194675",0.13715947589939,1,-0.353686591712508
"ENSG00000084073","ZMPSTE24",0.00810466051870114,"1.22044707174515","2.30067637701727","1.6823673395306","2.24561013840516",0.137169738815254,1,-0.288775328646897
"ENSG00000164054","SHISA5",0.00818794681129268,"1.83918860981299","2.61388150454336","1.26241706295608","3.7895240164877",0.137169738815254,1,-1.09921223458864
"ENSG00000144827","ABHD10",0.00797491394874489,"3.78604035557941","4.39619300512162","3.36353268730251","0.581676580760922",0.137169738815254,1,1.75483250554783
"ENSG00000172115","CYCS",0.00821036620359619,"2.87457103548367","2.63118185100263","13.2371007263732","19.8585471066646",0.137169738815254,1,-0.405610951017827
"ENSG00000147669","POLR2K",0.00791796895465754,"3.14006162814724","2.7604299324095","3.71935671768369","5.83064136798914",0.137169738815254,1,-0.449576277995611
"ENSG00000119397","CNTRL",0.0080835793790041,"5.13540638619731","5.73696776273882","2.04735833737297","7.02824746662775",0.137169738815254,1,-1.23338703497896
"ENSG00000139372","TDG",0.00816297528781419,"1.67861969153539","2.62111818030579","6.09252724499426","7.39512955613163",0.137169738815254,1,-0.19375863703415
"ENSG00000166173","LARP6",0.00798253967273019,"3.25483509913416","2.73573232648726","2.06322260708904","3.39032931867158",0.137169738815254,1,-0.496657928006084
"ENSG00000103152","MPG",0.00821012280911912,"2.80799606000978","1.95011825746631","1.35058970959172","2.65416432146383",0.137169738815254,1,-0.675588529645665
"ENSG00000073605","GSDMB",0.00805177237628803,"0.342916465645649","5.0272646760168","1.53908360556096","1.06702683197792",0.137169738815254,1,0.366311058857971
"ENSG00000172809","RPL38",0.0080719043396556,"2.99828109273801","2.83795851798438","20.4522111276034","35.9426036457229",0.137169738815254,1,-0.563832322721083
"ENSG00000095059","DHPS",0.00793087941864319,"3.35609569259372","2.6660701478315","3.99269836461772","3.0885313212684",0.137169738815254,1,0.256771606827172
"ENSG00000105258","POLR2I",0.00810246554400304,"3.14524248821649","2.81924834370732","4.65030515054345","7.41597527844606",0.137169738815254,1,-0.466703653496221
"ENSG00000184905","TCEAL2",0.00815467034410409,"2.32990767968815","2.45208531701363","5.15989917924989","11.4517627803524",0.137169738815254,1,-0.797226632368859
"ENSG00000267673","FDX2",0.00825762907609391,"2.83798796118566","2.55687764541962","3.31085025823486","5.44120133695242",0.137564055726103,1,-0.49679483848448
"ENSG00000130726","TRIM28",0.00828978119512718,"3.53878807365375","2.54791188586833","4.03675977340346","2.69068477933258",0.137705108195627,1,0.405646607858332
"ENSG00000217930","PAM16",0.00833533952967135,"3.07832163205965","2.55308976920865","0.8177981552647","3.16223177952623",0.138067418876095,1,-1.35241776444209
"ENSG00000174521","TTC9B",0.00844931967481389,"3.26350636487285","2.62883875758274","4.46735956052028","7.07905215762065",0.139557797128886,1,-0.460342490953494
"ENSG00000140264","SERF2",0.00848476552404947,"3.38862292043715","2.87885183744982","9.31185063973009","13.623270852485",0.139746251435761,1,-0.380491571273644
"ENSG00000127554","GFER",0.00856788922040864,"3.90385797304042","2.54170501453034","0.761238133046389","1.05851692398866",0.14071668906061,1,-0.329677848970208
"ENSG00000145431","PDGFC",0.00867696803079267,"0.656638200386123","6.09487630880584","1.0220385380567","4.80092349893895",0.142106738397264,1,-1.54700909547955
"ENSG00000184178","SCFD2",0.00877740458252245,"1.13870299201113","0.971161890706061","20.9761005729503","12.3570036751556",0.142547011851356,1,0.529160720140696
"ENSG00000176101","SSNA1",0.00875480109916444,"3.28975682947075","2.49557555818821","1.6940369896","3.16828365587951",0.142547011851356,1,-0.626075576137939
"ENSG00000142089","IFITM3",0.00876104442862051,"6.14380681429152","5.75207783425922","3.28436604407161","1.33536702137237",0.142547011851356,1,0.899967471806357
"ENSG00000138413","IDH1",0.00884632355865259,"4.91810040025451","3.91913097723603","2.62304947836351","2.83262139009285",0.142951524222613,1,-0.0768650051894332
"ENSG00000160307","S100B",0.00885148756796368,"6.18526163680947","4.3646585721565","4.42079023980494","1.60497792507601",0.142951524222613,1,1.01320846475458
"ENSG00000147604","RPL7",0.00892916603290956,"3.19630849454128","2.93654603776765","9.15713764129168","17.5296542011698",0.143434260436443,1,-0.649360327344211
"ENSG00000099901","RANBP1",0.00894470719631368,"3.10270990310849","2.66709095816022","3.14638218115882","5.13391857525257",0.143434260436443,1,-0.489615943546956
"ENSG00000205560","CPT1B",0.00895538984149105,"4.57755087907234","6.05992536250773","2.14821358009397","1.52458533690308",0.143434260436443,1,0.342914140919522
"ENSG00000272047","GTF2H5",0.00910622842166454,"2.08710867045345","2.61970943212604","1.97365995709942","4.74832905832249",0.145449483636147,1,-0.877903113631712
"ENSG00000111832","RWDD1",0.00915637094748528,"3.61249343451452","2.69916803120138","1.84102294233633","3.2904470805766",0.14584970051693,1,-0.580702082236159
"ENSG00000198755","RPL10A",0.00927949753004147,"2.8474344263453","2.86411595725482","11.0872014258997","19.1218545218793",0.146292676934124,1,-0.545040478361614
"ENSG00000137040","RANBP6",0.00928710626771986,"3.09201803436092","2.70003729251172","1.75548763906893","4.00741158345977",0.146292676934124,1,-0.825398867148766
"ENSG00000233016","SNHG7",0.00929330533903101,"3.4414911957115","2.98597997754632","3.15766562629197","5.00148861514619",0.146292676934124,1,-0.459902562403181
"ENSG00000185088","RPS27L",0.00928825444273911,"4.37750663345868","3.26684955562491","2.50869645446849","3.1156859885101",0.146292676934124,1,-0.216686071634537
"ENSG00000141933","TPGS1",0.00930999148015582,"3.27395845112179","1.82273264284956","0.788818084681142","1.50372637776192",0.146292676934124,1,-0.645165828426383
"ENSG00000130332","LSM7",0.00936485466354322,"3.06711919857587","2.58318051279546","3.08548762089585","4.55682966176606",0.146758126721941,1,-0.389917425369889
"ENSG00000189195","BTBD8",0.00947319559220966,"2.06871706669268","2.08793968777121","18.6606939995626","33.0572285450152",0.147422317937675,1,-0.571820871256195
"ENSG00000136522","MRPL47",0.00946302734030257,"3.18061902859524","2.3244567550855","1.96050888151376","2.1512749515616",0.147422317937675,1,-0.0928565941415565
"ENSG00000112297","CRYBG1",0.00957263707555914,"2.11070687072091","2.94513939413996","2.89953542156098","2.14465386760267",0.147422317937675,1,0.301572352423484
"ENSG00000066651","TRMT11",0.0095118889577213,"6.10374676096677","5.41730755225847","20.28870735684","34.7358227568064",0.147422317937675,1,-0.537707067121785
"ENSG00000107937","GTPBP4",0.00953629853598811,"1.48781738997197","2.61120147071476","0.774310907865403","2.22607699608512",0.147422317937675,1,-1.05602263799097
"ENSG00000100804","PSMB5",0.00958473274517389,"3.51461068834741","2.52856922035029","0.884796014867879","3.24687010384461",0.147422317937675,1,-1.30008963956122
"ENSG00000131323","TRAF3",0.00952630026056876,"0.556047553490903","0.257944252243097","13.1919773862121","5.45001708461818",0.147422317937675,1,0.883990127588601
"ENSG00000119013","NDUFB3",0.00968412455091741,"2.70586698788777","2.63076455562625","2.26272443162718","4.94323407550467",0.148513005881284,1,-0.781450200179323
"ENSG00000116030","SUMO1",0.00970673241054147,"3.0650877163779","2.83755415015813","7.92682574221173","11.3741401302936",0.148513005881284,1,-0.361089698241845
"ENSG00000198258","UBL5",0.00973701144762847,"3.46368114539399","2.8207068608073","3.32153079970081","9.56075145164684",0.148585261303181,1,-1.057240566794
"ENSG00000155093","PTPRN2",0.00976593081048531,"0.394494064809416","6.10141803682384","65.7107613175595","60.4210317488194",0.14863644432503,1,0.0839254547730522
"ENSG00000196465","MYL6B",0.00981787756047538,"2.95858728657416","2.69054046881934","7.53012838118324","12.2365346802354",0.14903691941672,1,-0.485514031679503
"ENSG00000104112","SCG3",0.00985064621309524,"2.11107745045415","2.45594087212221","5.41462073056644","13.1144985447447",0.149144940320145,1,-0.884615539864823
"ENSG00000164776","PHKG1",0.0100016206262601,"2.04907265680795","2.81173917495222","1.22965674500911","2.06691912676584",0.150310418475696,1,-0.51932409269573
"ENSG00000167863","ATP5PD",0.010005182653955,"2.58730872924269","2.61897314085085","2.00150621332871","5.20326651235933",0.150310418475696,1,-0.955386600039711
"ENSG00000100348","TXN2",0.00996975211382497,"2.51647699933139","2.5717522399958","2.17414387215559","4.26460414927417",0.150310418475696,1,-0.673714397813189
"ENSG00000188042","ARL4C",0.0101452606156423,"2.8596186596802","2.57271069419038","51.7305268709282","62.7479393578469",0.151461426248623,1,-0.193077669573376
"ENSG00000197548","ATG7",0.0102120535069591,"0.656631397842123","0.127127932112174","23.6835292152161","14.1645905147269",0.151461426248623,1,0.514034612094657
"ENSG00000083099","LYRM2",0.0101887817772118,"2.78778473685656","2.80923005307108","4.90408682987004","9.68071170876331",0.151461426248623,1,-0.680066517813345
"ENSG00000159199","ATP5MC1",0.0102042719735598,"2.68604319528704","2.55482210399242","4.13261455914519","8.19589062484424",0.151461426248623,1,-0.684722613504205
"ENSG00000185222","TCEAL9",0.0101711462684303,"3.60321426942616","2.4632158614207","3.08261678447391","2.22051870874364",0.151461426248623,1,0.328038020444925
"ENSG00000101367","MAPRE1",0.010303956680615,"1.43306329590325","2.47786536540586","0.741168962681658","1.69457443896382",0.152304832496974,1,-0.826958300716842
"ENSG00000155959","VBP1",0.0103213113181644,"3.09434545003084","2.63412936580093","5.35928794965412","5.9524481940522",0.152304832496974,1,-0.104971475071621
"ENSG00000188290","HES4",0.010380883828914,"2.15476067773432","2.17416040577695","8.38957128708091","12.5367187211943",0.152796097674192,1,-0.401672414897751
"ENSG00000111775","COX6A1",0.0104352131117022,"3.04073431420382","2.68649533564635","2.85767280633157","11.6058047389285",0.153207901594537,1,-1.40149779196302
"ENSG00000135506","OS9",0.0105916669324024,"3.02604314637032","2.59697436643197","5.72618952234817","7.25305844713074",0.154098588171866,1,-0.236372930000466
"ENSG00000171435","KSR2",0.0105633549129411,"6.10441678274539","5.61016231854214","45.7823406893752","40.2277836747016",0.154098588171866,1,0.129340549212445
"ENSG00000171466","ZNF562",0.01060189805104,"0.949748145481986","1.48731677820162","4.81398564774284","2.01034015106159",0.154098588171866,1,0.873221420861305
"ENSG00000133142","TCEAL4",0.0105749309472134,"2.7982643172318","2.3025674784325","3.12525913499075","6.49560230981322",0.154098588171866,1,-0.731608177257857
"ENSG00000188243","COMMD6",0.0106873829562997,"3.91213659898736","2.82432127777661","0.452672280275226","3.98578076736372",0.154953726952435,1,-2.17532007802801
"ENSG00000102981","PARD6A",0.0107259870551978,"2.37135948795707","2.43609592845969","1.2431697628466","2.76621779075263",0.155126588902786,1,-0.799816590364261
"ENSG00000188211","NCR3LG1",0.0107707391496756,"0.608094729896864","0.082339345681549","4.16388035116065","0.894898731844403",0.15538728887398,1,1.53749213211491
"ENSG00000143977","SNRPG",0.0108396317987407,"3.39610401703321","2.61958935322268","1.68676266103829","2.64287832477131",0.155994107123461,1,-0.449057491104372
"ENSG00000111229","ARPC3",0.0109764276851404,"1.52900385031626","2.42096605830604","0.715799443130937","3.54802659314044",0.157572717435571,1,-1.60074681828531
"ENSG00000188186","LAMTOR4",0.011152342132687,"1.65663448129739","2.43125230654742","0.839770460564646","4.47216963025332",0.158532315793257,1,-1.67250035248429
"ENSG00000236279","CLEC2L",0.0111403111097272,"0.447485313451695","1.28049763628182","7.70874908295296","3.56492300538385",0.158532315793257,1,0.771213472096475
"ENSG00000121073","SLC35B1",0.0111070991805544,"2.22465859885922","2.65726488744307","1.63440012042362","3.13186567964548",0.158532315793257,1,-0.650353052559202
"ENSG00000264278","ZNF236-DT",0.0111076830383293,"0.924649237359757","4.81945570403992","1.17248051865702","0.47266846643108",0.158532315793257,1,0.908482658865677
"ENSG00000148834","GSTO1",0.0112066000358782,"3.6391065617318","2.87175748161546","2.70914840644815","3.95944766341815",0.158915055142917,1,-0.379470192259022
"ENSG00000100632","ERH",0.0112805332933771,"3.13561122469959","2.75748109977114","5.91650377321082","7.98402927002164",0.159574259288794,1,-0.299697509501307
"ENSG00000116005","PCYOX1",0.0113688101234584,"3.25839228038611","3.03412620358497","9.76925184832858","14.0748795568432",0.160432674897542,1,-0.365151730051219
"ENSG00000148290","SURF1",0.0114995156790176,"3.06492975250578","2.54248207764081","1.56698787408795","3.03552599329562",0.161840227760643,1,-0.661229493606996
"ENSG00000133112","TPT1",0.0115242267445659,"3.81731807221447","2.91976242039936","11.0167091845628","12.6855492280901",0.161840227760643,1,-0.141050352521136
"ENSG00000138231","DBR1",0.0115630138025925,"3.80557423176113","5.04441060835651","1.60720163956891","0.655105300723227",0.161993643971742,1,0.897453846463171
"ENSG00000114107","CEP70",0.011685526204074,"4.38769330593443","5.06335228357904","5.37897150267854","7.19122800535827",0.162381256226357,1,-0.290364765269941
"ENSG00000146540","C7orf50",0.0117453954166667,"1.70546774846617","2.12658244549449","3.81057243278479","7.08882505622638",0.162381256226357,1,-0.620740185688029
"ENSG00000084207","GSTP1",0.0117582574598033,"3.80872442735462","2.94211357913215","1.92491368870851","3.94275866625388",0.162381256226357,1,-0.716999517705787
"ENSG00000135503","ACVR1B",0.0116719359127847,"3.78363586265028","4.37159072423463","6.2236767881885","1.771030621202",0.162381256226357,1,1.2567992066126
"ENSG00000156218","ADAMTSL3",0.0116998452077549,"5.58777598630776","4.66655599749181","28.4622256562917","22.3252811955465",0.162381256226357,1,0.242858070337339
"ENSG00000213762","ZNF134",0.0117320135689403,"3.57788632490575","2.72973152570361","2.37028307924761","1.1417995092437",0.162381256226357,1,0.730403855996243
"ENSG00000258839","MC1R",0.0118614804899456,"4.4890701175959","5.85990595439989","1.24617743162874","0.991583648986802",0.16341859613399,1,0.228532779695616
"ENSG00000105404","RABAC1",0.0119878611180727,"3.60395816572206","2.87627364324468","4.96688429437171","6.47007981340402",0.164769325154786,1,-0.264395703374901
"ENSG00000134809","TIMM10",0.0120369496471356,"2.92094451014231","2.54813932397411","1.9921525351223","3.01117894777263",0.165053833133128,1,-0.41311594898889
"ENSG00000035115","SH3YL1",0.0121519947487446,"5.19035408347127","5.79799884999691","3.86598269289059","8.58993240651904",0.165992005868349,1,-0.798374963080589
"ENSG00000134825","TMEM258",0.012162468954234,"2.92449065025336","2.76140354788656","2.13201806708298","4.19388458648854",0.165992005868349,1,-0.676558432871894
"ENSG00000149273","RPS3",0.0123110724211116,"3.42112195839576","3.10907514808345","8.30816504970813","15.6488367180733",0.167626639476213,1,-0.633157810934703
"ENSG00000143870","PDIA6",0.0123717539269428,"3.67538600401238","2.82680357887622","4.4701209955976","3.8105925694584",0.167711161702289,1,0.159630769538848
"ENSG00000152133","GPATCH11",0.0124291023133076,"4.05364411252477","3.20187411641042","1.82583336960342","2.38658833556196",0.167711161702289,1,-0.267828347786255
"ENSG00000104375","STK3",0.0124076028387517,"1.22868458600409","4.503743272861","5.1610463795731","0.185008053458461",0.167711161702289,1,3.32849526831741
"ENSG00000196531","NACA",0.0124326643779991,"3.0793735596119","2.75634979324925","7.0117858606711","16.5680864755151",0.167711161702289,1,-0.859885915897092
"ENSG00000184752","NDUFA12",0.012489600397006,"2.79393730679994","2.48574406335975","2.30527466518255","5.46268743007134",0.168084752677436,1,-0.862741042024911
"ENSG00000111271","ACAD10",0.012537492860857,"1.06967672935594","0.364484097657534","2.32925672058995","4.21334104900128",0.168084752677436,1,-0.59270671865288
"ENSG00000132963","POMP",0.0125520072298182,"2.96379794358116","2.86795400547217","3.55005988093235","7.45274856528861",0.168084752677436,1,-0.741618428076446
"ENSG00000101460","MAP1LC3A",0.0125760005873211,"2.42433485076129","2.31022021911532","12.3749506924211","19.2441597342964",0.168084752677436,1,-0.44153330027945
"ENSG00000225921","NOL7",0.0126151855383381,"3.82181329618628","2.99804180457504","3.94964911273534","2.91974798089387",0.168221763119031,1,0.302129438105924
"ENSG00000103742","IGDCC4",0.0127825910977554,"2.61876406241964","4.93129379983989","0.830379128301632","0.646003975977585",0.170064038083181,1,0.2510767190565
"ENSG00000188760","TMEM198",0.0129483678793164,"0.938802156801714","2.2565435582683","0.666339548010125","1.13102088130662",0.170520963526433,1,-0.529076566172103
"ENSG00000164323","CFAP97",0.0130515701357521,"3.13569569282973","2.30417031148769","3.74343453643551","4.09065573011136",0.170520963526433,1,-0.0887017671406843
"ENSG00000180992","MRPL14",0.0130273332068337,"1.99917808471882","2.62928971597697","0.480147692456303","1.5523879349498",0.170520963526433,1,-1.17345587840349
"ENSG00000175348","TMEM9B",0.0129803056430332,"2.449296325191","2.58834820122328","3.22112604424378","5.84995259942666",0.170520963526433,1,-0.59670255694312
"ENSG00000213619","NDUFS3",0.0128679601607327,"3.23893419618397","2.5419596267321","2.57618663935594","3.57446697568243",0.170520963526433,1,-0.327505808534965
"ENSG00000089009","RPL6",0.0129438975669896,"3.09420694103206","2.84051492002027","11.12333958198","18.5506868122409",0.170520963526433,1,-0.511461247431407
"ENSG00000101361","NOP56",0.0130281165218009,"2.81341738734474","2.23129171773282","1.2088115689751","3.71857905814533",0.170520963526433,1,-1.12370391913913
"ENSG00000101391","CDK5RAP1",0.0130491942603397,"0.274229904133677","0.345114344537157","3.77846863570373","0.696592225722076",0.170520963526433,1,1.69087388614847
"ENSG00000139112","GABARAPL1",0.0131026337434309,"2.88407422836272","2.71541319201803","9.9716730960345","15.9672225203352",0.170804288305622,1,-0.47078964558766
"ENSG00000124659","TBCC",0.0132736646174294,"3.11494232654826","2.54628825337032","1.87794041654815","2.31109616002428",0.172327203480079,1,-0.20754628692477
"ENSG00000134461","ANKRD16",0.0132787387614509,"0.54166510923916","6.12194743931426","5.7680129175313","2.44277027096024",0.172327203480079,1,0.859194887270914
"ENSG00000171863","RPS7",0.0134204432688334,"3.15103359534433","2.90312228954734","12.3054065613219","19.2958464462062",0.173007665554318,1,-0.449851139076529
"ENSG00000221838","AP4M1",0.0134153924192267,"1.40500849236096","2.90526010173759","0.457605445747568","1.6447887587434",0.173007665554318,1,-1.27935990014901
"ENSG00000110955","ATP5F1B",0.0133984272430925,"2.86873355427066","2.64072156566904","9.16721471045316","17.8403682587307",0.173007665554318,1,-0.665830268432187
"ENSG00000166922","SCG5",0.0134514160373821,"3.02941549768598","2.79838752933787","13.9661274453345","20.0243210129901",0.173023302746326,1,-0.360312655630711
"ENSG00000113811","SELENOK",0.0135018485450367,"2.60015957220732","2.67477011557781","3.24001111478867","5.78237334839267",0.173288625697226,1,-0.579237452025547
"ENSG00000184313","MROH7",0.0136167625449466,"0.632039380359732","0.229435481587691","4.63762339366055","1.63356330390899",0.173964945216091,1,1.04343833052805
"ENSG00000167118","URM1",0.013644309428713,"1.31332442793777","2.17074131119185","0.857840361023474","1.99839005244545",0.173964945216091,1,-0.84567913883588
"ENSG00000108830","RND2",0.0136168607504211,"3.22708240376168","2.43590951601103","1.56686780668144","2.45233359355575",0.173964945216091,1,-0.447961459343745
"ENSG00000153237","CCDC148",0.0137788507139608,"6.03812236938136","5.27347564242299","3.35552815890991","8.26391643036019",0.174880034632319,1,-0.901289436825487
"ENSG00000165072","MAMDC2",0.0138063185236041,"1.46224505832384","0.410065482005631","4.23089540011124","1.54854577487045",0.174880034632319,1,1.00509736839485
"ENSG00000172766","NAA16",0.0138051038030702,"4.95284212994859","5.37293236588795","13.275729660337","18.9339632092544",0.174880034632319,1,-0.355019773985428
"ENSG00000044090","CUL7",0.0139278114301794,"5.88077844456932","3.52527549548129","0.618042219343735","1.087436643793",0.176035425337094,1,-0.565021731470154
"ENSG00000205220","PSMB10",0.0139936614368259,"2.52597379575726","2.70753217359065","1.31232724463206","3.14678720569634",0.176484051179405,1,-0.874579913967554
"ENSG00000138650","PCDH10",0.0140246258977554,"3.12895684855909","2.82460262713205","24.0479009576548","11.2251550160592",0.176491720713311,1,0.761890471047931
"ENSG00000164168","TMEM184C",0.0141127614068245,"3.58545583211494","3.03044406654257","2.52249697860301","4.65352014834184",0.177162341474554,1,-0.612374678885945
"ENSG00000120915","EPHX2",0.0141388590375289,"0.719102878705481","0.112302210689834","2.08466332221218","0.38132053789466",0.177162341474554,1,1.69872231680037
"ENSG00000122406","RPL5",0.0143621792449523,"3.14180469981317","2.96047991402944","7.13327452167868","14.9692324669763",0.177663213042878,1,-0.74122653700482
"ENSG00000143126","CELSR2",0.0143460512834174,"2.57555466745789","2.1979679311761","4.09490977353476","6.90732980976556",0.177663213042878,1,-0.52283845530403
"ENSG00000134207","SYT6",0.0143367797354628,"4.28681876337679","6.14095820065825","2.06264790742812","2.18823404311353",0.177663213042878,1,-0.059104296179403
"ENSG00000128524","ATP6V1F",0.014344130960807,"3.07197788521108","2.8387690599627","5.41249999531941","11.2162131833089",0.177663213042878,1,-0.728649244718818
"ENSG00000100353","EIF3D",0.0142373348070393,"2.65948274764514","2.81461656220654","1.07796190369214","2.73787176011071",0.177663213042878,1,-0.932108756643294
"ENSG00000126756","UXT",0.0143346540485731,"3.40302954529607","2.05888468236854","0.85252655012208","1.07554664915798",0.177663213042878,1,-0.232379969647641
"ENSG00000129116","PALLD",0.0144206617833091,"4.97626703162341","5.68880957107065","12.7550382676863","14.2181633741169",0.177740169638039,1,-0.108593906295275
"ENSG00000090861","AARS",0.0144295424955546,"3.01811857456042","2.67538113604258","7.4380793055722","10.7496789932854",0.177740169638039,1,-0.368263235374764
"ENSG00000109572","CLCN3",0.0145099506317461,"3.16203076118094","2.78933391271822","17.7114917019872","20.6287987143019",0.17834330572581,1,-0.152474417740171
"ENSG00000151422","FER",0.0145560990838578,"4.80121846434538","5.30165955574298","30.7509643931979","46.1803475331684",0.17834330572581,1,-0.406632973377672
"ENSG00000112139","MDGA1",0.0146318811199194,"0.0107035246890857","0.698845748100843","4.6162163706154","1.53164800996801",0.17834330572581,1,1.10323111574403
"ENSG00000128609","NDUFA5",0.0145881120561171,"2.91316117563291","2.59537401274266","7.60178644662687","12.2614632603361",0.17834330572581,1,-0.47807799734197
"ENSG00000083799","CYLD",0.0146081240467148,"3.67424948500157","3.90818476530673","11.6339221673593","5.23472018000182",0.17834330572581,1,0.798611764237406
"ENSG00000174748","RPL15",0.0146697810083007,"3.13686833987511","2.9558828959275","30.8772608972263","44.5962862889493",0.178355554636724,1,-0.367630568787536
"ENSG00000206579","XKR4",0.0146942398814914,"0.654305924167595","0.240273000528177","106.790842602033","65.6576047373806",0.178355554636724,1,0.486418747799246
"ENSG00000112294","ALDH5A1",0.0147939423824788,"1.6627444853877","2.42461652214782","4.31053300263642","6.80010259465082",0.178448093385336,1,-0.455876136542342
"ENSG00000065457","ADAT1",0.0147911866885149,"1.51430083090499","2.1238911934993","0.224556153647182","1.67898190919013",0.178448093385336,1,-2.01181707875675
"ENSG00000166681","BEX3",0.0147908901135153,"2.81348223337295","2.62804418845371","23.3192109263799","34.2832384139662",0.178448093385336,1,-0.38537903461956
"ENSG00000101363","MANBAL",0.0148733951044845,"2.8517030548508","2.42951213806246","2.41896560713871","3.88476744529833",0.17903502927013,1,-0.473723108662342
"ENSG00000109794","FAM149A",0.0149431378869139,"2.5099873996446","2.54510944834789","0.816078883682746","2.93447589365858",0.179099787287035,1,-1.27977312368938
"ENSG00000278259","MYO19",0.0150019945663547,"1.0771256904564","1.09695870322465","5.15636649725672","1.81686860775322",0.179099787287035,1,1.04311769019266
"ENSG00000267100","ILF3-DT",0.0149866698375585,"2.42421347097874","2.38520820227879","2.03627433424582","3.9856865001926",0.179099787287035,1,-0.671587737087414
"ENSG00000124098","FAM210B",0.0149808851178591,"3.72368149025","2.60636932554949","1.77116300507319","2.7340293203341",0.179099787287035,1,-0.434140066753925
"ENSG00000157005","SST",0.0151508319523156,"1.98124903595041","2.14460683380228","5.105629227191","8.1764797040191",0.18016722184912,1,-0.470918002892431
"ENSG00000080298","RFX3",0.0152627847187709,"4.73706746873547","5.67558017082825","22.740079053067","30.8660469148287",0.18016722184912,1,-0.305527809724651
"ENSG00000165698","SPACA9",0.0152257172168976,"2.84200941543557","2.75055898733161","0.200597394372713","1.25965570383135",0.18016722184912,1,-1.83729382540364
"ENSG00000111678","C12orf57",0.015286090511907,"3.09071585746608","2.69367717016358","5.08267502589795","6.98064530904977",0.18016722184912,1,-0.317303660757181
"ENSG00000086598","TMED2",0.0152890053139926,"2.97852160399524","2.67361620341034","5.92854163975156","7.38164990860455",0.18016722184912,1,-0.219218924928552
"ENSG00000119707","RBM25",0.0151947758293986,"0.440916661164344","6.16007592795429","13.6936181814611","17.3314877729694",0.18016722184912,1,-0.23559505147547
"ENSG00000100983","GSS",0.0153083260394677,"2.07840843848032","2.54647966450072","2.21600978982728","3.78338619488954",0.18016722184912,1,-0.534911240711818
"ENSG00000234741","GAS5",0.0156286901828845,"2.46629431074352","2.64333608108618","4.63857305636712","8.15845381235898",0.181730409446581,1,-0.564647879256699
"ENSG00000164609","SLU7",0.0155456719945121,"3.31669282348246","2.78661719533432","5.1958636769293","6.0890149019948",0.181730409446581,1,-0.158623449679302
"ENSG00000083642","PDS5B",0.015599254841019,"4.377584662276","5.07946978408439","31.0107660497669","22.2017577695865",0.181730409446581,1,0.334162971567268
"ENSG00000140319","SRP14",0.0156020983583122,"3.39325913724466","2.88374317508517","16.7458272236979","21.6129654779369",0.181730409446581,1,-0.255144281956139
"ENSG00000006015","REX1BD",0.0155886971704096,"2.31602427877418","2.46990888039296","7.10441664899288","12.9545325600198",0.181730409446581,1,-0.600729077658378
"ENSG00000167232","ZNF91",0.0155528908281398,"6.25249181867803","5.90640650025543","28.8056984392141","20.7412078440501",0.181730409446581,1,0.328450791518729
"ENSG00000185261","KIAA0825",0.0157559877136755,"6.23681339606275","5.61565901296621","14.8215070369016","19.8848733467831",0.182844935264091,1,-0.293880005257648
"ENSG00000174080","CTSF",0.0158817656670682,"3.31104671975861","2.85800086746571","11.4516328367794","12.1401216547037",0.183937421490706,1,-0.0583834808964124
"ENSG00000134294","SLC38A2",0.0159190222638467,"3.91931738809025","3.48037954507171","13.5219640278822","5.20107871094029",0.184002376624264,1,0.955449279913518
"ENSG00000138741","TRPC3",0.0163030050764537,"1.61239072109311","1.91361417438165","35.9256610252877","47.3872434852085",0.188066808560519,1,-0.276901235752831
"ENSG00000137154","RPS6",0.0164168790052095,"2.9492898426113","2.8972515725457","3.89293510589078","10.4938105441053",0.188729835334699,1,-0.991622212311887
"ENSG00000154127","UBASH3B",0.0164254036256205,"0.732950123175768","1.17845231352807","47.980000264472","32.7160224901802",0.188729835334699,1,0.382919320614453
"ENSG00000140937","CDH11",0.0164657397155937,"1.7767534069144","0.82984854157043","7.29652708982748","10.9929875581564",0.188820139460477,1,-0.40985908096505
"ENSG00000138794","CASP6",0.0167187807641842,"5.16499650113676","4.03915094519465","1.45547692365945","0.818847297342693",0.190221118127137,1,0.575191292142372
"ENSG00000086232","EIF2AK1",0.0166536945962885,"2.58425965355434","2.65817745819773","1.17382618494497","3.85978117457939",0.190221118127137,1,-1.19034183461099
"ENSG00000157219","HTR5A",0.0166522039918367,"3.30872278093525","2.89340064400402","4.06024485233074","1.937459150144",0.190221118127137,1,0.739865882024553
"ENSG00000161281","COX7A1",0.0167165736736836,"3.07291540663581","2.68957073299829","3.53486502005348","6.61325280855563",0.190221118127137,1,-0.626400522229714
"ENSG00000242485","MRPL20",0.0170726511273316,"1.88592793699596","2.2302653254202","0.750762998478105","3.4936333973799",0.190626233484463,1,-1.53760754101089
"ENSG00000204219","TCEA3",0.0170340829498575,"4.0585063498338","5.39969399339793","1.48758670822386","1.46065582924067",0.190626233484463,1,0.0182696150106857
"ENSG00000002549","LAP3",0.0171087130952458,"1.18618808280457","2.13543605655602","1.62281802192507","1.75812468692481",0.190626233484463,1,-0.0800835644496397
"ENSG00000145592","RPL37",0.0171860692870932,"3.02167456521798","2.82462613400656","14.4188749528975","27.8805144739915",0.190626233484463,1,-0.659389929975075
"ENSG00000112182","BACH2",0.0171984109524865,"1.13739935606477","0.863249250606445","65.9398758093632","51.3298576570661",0.190626233484463,1,0.250470750779326
"ENSG00000112319","EYA4",0.0171069483889698,"0.649535874719309","1.67031156703139","35.3007624545626","2.21059511374006",0.190626233484463,1,2.77064280147035
"ENSG00000183283","DAZAP2",0.0170075600320611,"3.20436996622752","2.87667027533235","6.2106446038849","9.13998358665099",0.190626233484463,1,-0.386393898187129
"ENSG00000092841","MYL6",0.0169197186925766,"2.85976732542638","2.63020361843172","2.35039735195061","8.21767529540129",0.190626233484463,1,-1.25170295849207
"ENSG00000111605","CPSF6",0.0170309387398141,"4.74648984276353","5.41827894270383","22.2273931664795","24.9760596946452",0.190626233484463,1,-0.116592299215809
"ENSG00000178741","COX5A",0.0172437471158803,"3.23963150158005","2.29442482195024","2.66986876763473","4.06295515360936",0.190626233484463,1,-0.419881258686004
"ENSG00000132872","SYT4",0.017109791582455,"3.31195483718936","2.79552193298946","15.4319527595907","9.82532521256102",0.190626233484463,1,0.451476956677997
"ENSG00000130520","LSM4",0.017056314462618,"2.98577454013489","2.76727862122886","2.2481394417798","5.10153579455977",0.190626233484463,1,-0.819438671216883
"ENSG00000105171","POP4",0.0169371409420987,"3.01916022626163","2.21920458473527","0.795668388628402","1.39194600347034",0.190626233484463,1,-0.559275547688441
"ENSG00000188158","NHS",0.0171237057414741,"0.305220331921619","6.25560491692064","16.3730406219954","31.1119163661079",0.190626233484463,1,-0.641954791004543
"ENSG00000196507","TCEAL3",0.0172461986262173,"2.34976803460154","2.35265041841952","3.63527013606963","7.16744733658622",0.190626233484463,1,-0.678866147707821
"ENSG00000125741","OPA3",0.0173615610943527,"0.822065894838876","1.3950791754602","3.47199998250036","1.81383429729387",0.191537222395762,1,0.649287790822812
"ENSG00000146476","ARMT1",0.0174459123116929,"4.34472040812494","3.24988417490144","1.11545029434276","1.85432457432296",0.192055914285859,1,-0.5082623440633
"ENSG00000075415","SLC25A3",0.0175401217890405,"2.87169833720339","2.33380775523294","5.13032589797573","8.9321258319192",0.192055914285859,1,-0.554485236608547
"ENSG00000073910","FRY",0.0175046300509842,"5.44000895652695","4.98377238791917","68.4661170323848","49.2563408476542",0.192055914285859,1,0.329300873523059
"ENSG00000100280","AP1B1",0.0175407104378726,"1.7600450733416","2.31636179940338","2.48895440770429","5.04306443466619",0.192055914285859,1,-0.70615121436123
"ENSG00000162585","FAAP20",0.0177358362192105,"3.13206211075353","2.39071134550683","2.52720391580576","3.58220821748467",0.192170890192384,1,-0.34886591081479
"ENSG00000115758","ODC1",0.0176278051784056,"2.73919738940594","2.39129503135614","0.928888418730605","2.03148117657615",0.192170890192384,1,-0.782531827017763
"ENSG00000187514","PTMA",0.0178276806479337,"3.41767433899005","2.73776337510303","13.8663897493159","23.7749134226971",0.192170890192384,1,-0.53916305849944
"ENSG00000188542","DUSP28",0.0176924914294383,"3.41168968783424","2.71295024148895","1.25185305008336","1.5209180143287",0.192170890192384,1,-0.194689215693511
"ENSG00000145247","OCIAD2",0.0178533706445663,"2.04370377986791","2.89798210703504","0.822309665320046","2.27462913055661",0.192170890192384,1,-1.01745525264548
"ENSG00000177432","NAP1L5",0.0177166812554418,"2.61961243416508","2.36871968559305","12.6289953214932","17.6880845565087",0.192170890192384,1,-0.336895837782039
"ENSG00000105835","NAMPT",0.0178817426202408,"3.21123042678948","2.8395463920062","6.34649417510275","3.18175376521525",0.192170890192384,1,0.690470018765098
"ENSG00000205060","SLC35B4",0.0178217900611036,"2.56842360093118","2.62999669671946","3.18585500965734","6.08664575407149",0.192170890192384,1,-0.647376448818383
"ENSG00000281344","HELLPAR",0.0177752606020879,"2.39242970572445","2.42953570855185","5.55648157519134","8.25065415179956",0.192170890192384,1,-0.395327390594223
"ENSG00000100003","SEC14L2",0.0175959244921216,"1.26796182751025","2.67876398480352","1.87535833960444","1.12892648628867",0.192170890192384,1,0.507532586575239
"ENSG00000135763","URB2",0.017927217183159,"0.964374647931179","2.29927599874712","0.374388626033506","1.19981919268804",0.192304134138167,1,-1.16463178670588
"ENSG00000126062","TMEM115",0.0181391554020891,"3.35785994445245","2.888447704201","2.67519356660636","1.50786037188296",0.192311892195072,1,0.573330065368836
"ENSG00000164106","SCRG1",0.0181110736493897,"2.79129195356666","2.65669400672092","6.57664905150213","10.516224327849",0.192311892195072,1,-0.469393885761881
"ENSG00000136848","DAB2IP",0.0180804569163095,"0.673361553441092","0.155176342341613","6.35412030747113","3.23009264642369",0.192311892195072,1,0.676592649872987
"ENSG00000126432","PRDX5",0.0179885941665491,"3.49772497810596","2.86670668570734","3.18456395640022","7.594313242654",0.192311892195072,1,-0.869084335379473
"ENSG00000256053","COA8",0.0181594820803396,"3.15417067166533","2.60468650348164","1.0919884133025","2.66318599242793",0.192311892195072,1,-0.891522880850164
"ENSG00000152234","ATP5F1A",0.0180129055959528,"3.11234054143196","2.70940597504749","3.60560486279288","10.2028208713736",0.192311892195072,1,-1.04017469700143
"ENSG00000178980","SELENOW",0.0180464214823546,"3.15568250427442","2.79836795834179","21.771088826215","30.8222393250763",0.192311892195072,1,-0.347653596451116
"ENSG00000125870","SNRPB2",0.0182640586989098,"3.06316092336965","2.53772344115911","3.46411617293346","4.25812259256244",0.193067704137203,1,-0.206370829811799
"ENSG00000186377","CYP4X1",0.0183147500166648,"2.12134660479894","2.15671919482445","3.05527834511469","0.792794752832676",0.193109623773249,1,1.34906161431783
"ENSG00000271601","LIX1L",0.0184340972126166,"0.826806963620731","3.5298844642433","1.25775012746828","0.528337341064459",0.193109623773249,1,0.867344807492236
"ENSG00000168118","RAB4A",0.0184083196036594,"3.71148998939611","2.99186855283706","4.60404170740643","4.23019854174915",0.193109623773249,1,0.0846856212283179
"ENSG00000204220","PFDN6",0.0183891648086436,"2.76380375661397","2.50144800713233","1.1913242843225","3.00983426561553",0.193109623773249,1,-0.926819483647475
"ENSG00000126456","IRF3",0.0183471368871851,"4.23755978666152","3.12683664813221","1.54255157262232","1.58532949118994",0.193109623773249,1,-0.0273543559243494
"ENSG00000163888","CAMK2N2",0.0186068057720538,"2.78294025488153","2.73427828707502","13.596918814149","19.0282654859606",0.193590121788391,1,-0.336082321565835
"ENSG00000164032","H2AFZ",0.0185154609349016,"3.28257985559918","2.90273384278809","10.5879992221667","12.8082949050377",0.193590121788391,1,-0.19037178959356
"ENSG00000085063","CD59",0.0185554796639352,"3.00548204831084","2.87507976575931","8.44507738649215","13.0701090702719",0.193590121788391,1,-0.436744158882378
"ENSG00000002330","BAD",0.0186131541244772,"3.37282491589117","2.07279015799487","2.76577667956762","1.61149707196183",0.193590121788391,1,0.540157886992389
"ENSG00000136169","SETDB2",0.0186864978296551,"5.46866913678412","4.65541245878076","2.49439027174528","4.60750246985124",0.194005889967169,1,-0.613641627336089
"ENSG00000155792","DEPTOR",0.0187467759543091,"0.673036345091448","6.1675773131336","4.18984037677913","2.19177975913118",0.194284768981022,1,0.647948747785349
"ENSG00000265241","RBM8A",0.0189236621423092,"2.97753803847057","2.18326352635417","0.961402202463475","2.8053293839769",0.194729507425461,1,-1.07088339215634
"ENSG00000118363","SPCS2",0.0188568944454371,"3.2509441684944","2.73382158849427","8.00168592255132","8.05500819129658",0.194729507425461,1,-0.00664177375303371
"ENSG00000053501","USE1",0.0189147718794412,"2.74117798122746","2.60558595358509","0.889394054436146","2.42655327098355",0.194729507425461,1,-1.00368672930175
"ENSG00000221983","UBA52",0.0189067857983314,"3.49718634558189","3.00358198639436","7.15035203792255","13.3241799025351",0.194729507425461,1,-0.622418830814967
"ENSG00000131238","PPT1",0.0192652561982925,"2.80633755952459","2.66680669443498","7.30566680701462","10.7099974450957",0.196550836004622,1,-0.382527323964166
"ENSG00000081052","COL4A4",0.0192643438061752,"1.75649740607134","5.04587422325857","1.64139542193207","0.436132229178305",0.196550836004622,1,1.32535655076637
"ENSG00000161204","ABCF3",0.0193921402343022,"3.82463733680497","2.2709987767164","0.860006870346327","1.17441522357743",0.196550836004622,1,-0.311585242641233
"ENSG00000174808","BTC",0.0193185399142901,"3.21761772012213","6.12972845694443","1.104972261721","0.361918520996741",0.196550836004622,1,1.11615640474991
"ENSG00000107223","EDF1",0.019156730569171,"3.82745898374255","2.4454498949349","0.72056570486857","4.88923950219175",0.196550836004622,1,-1.91475544463525
"ENSG00000183955","KMT5A",0.0194049156977387,"0.321441147478926","3.4527479286767","1.45552356966201","0.395050674481437",0.196550836004622,1,1.30410691007109
"ENSG00000099624","ATP5F1D",0.0192731834851166,"4.02050639057665","2.59579459316728","2.97728626775348","5.44701364694065",0.196550836004622,1,-0.604055266583046
"ENSG00000099995","SF3A1",0.0193480875590535,"3.07215748249358","2.76801051376946","2.41783125752567","4.03361523598645",0.196550836004622,1,-0.511792090924035
"ENSG00000049769","PPP1R3F",0.0192593896484342,"2.93084208288574","2.51432393557502","2.11358877983003","3.44771275832657",0.196550836004622,1,-0.489323696368421
"ENSG00000186575","NF2",0.0195382245560197,"5.75601785692368","4.95912249856631","6.88736662103614","5.45207853850054",0.197556934902084,1,0.233691889746548
"ENSG00000126583","PRKCG",0.0197267783380748,"0.143906790943746","6.11842398254946","0.262781553734302","3.56412418200748",0.198772078435991,1,-2.60735053854297
"ENSG00000067829","IDH3G",0.01971149035306,"3.26799334994799","2.38875203281536","1.41384186283825","3.47628988265782",0.198772078435991,1,-0.899654874924986
"ENSG00000168944","CEP120",0.0198262689974501,"4.55857711537844","5.58074879322226","3.26835008500914","3.85758337737725",0.199117002762238,1,-0.165755622961265
"ENSG00000213920","MDP1",0.0198295054350423,"2.61745419973214","2.12612590678775","0.838244592476961","1.87557610601576",0.199117002762238,1,-0.805361213394037
"ENSG00000075711","DLG1",0.0198937045201355,"5.40795387609074","5.93010141186716","14.3647020706885","22.6343514114351",0.199417238069082,1,-0.454694773973272
