"SHORT_NAME","CHEM_ID","SUPER_PATHWAY","SUB_PATHWAY","CHEMICAL_NAME","CHEMSPIDER","HMDB","PUBCHEM","KEGG_metaboAnalyst","acrophase","amplitude","p_statistic","amp_ratio","sin_coff","cos_coeff","BHQ","Bonf","HMDB_metabolon","Match_MetaboAnalyst","HMDB_MetaboAnalyst","PubChem","ChEBI","KEGGNA","METLIN","SMILES","Comment"
"(R)-3-hydroxybutyrylcarnitine","100003926","Lipid","Fatty Acid Metabolism (Acyl Carnitine, Hydroxy)","(R)-3-hydroxybutyrylcarnitine",NA,"HMDB0013127",53481617,NA,5.62889397449255,0.223907095055737,0.00079661747493558,0.217347684926613,-0.136269204974261,0.177665671957138,0.010545055049571,0.622158247924688,"HMDB0013127","3-Hydroxybutyrylcarnitine","HMDB0013127","53481617","72995",NA,NA,"C[C@@H](O)CC(=O)O[C@@H](CC([O-])=O)C[N+](C)(C)C",1
"(S)-3-hydroxybutyrylcarnitine","100009271","Lipid","Fatty Acid Metabolism (Acyl Carnitine, Hydroxy)","(S)-3-hydroxybutyrylcarnitine",NA,"HMDB0013127",71464477,NA,4.73194861454153,0.168733406244652,0.00964773758847083,0.175527449523981,-0.168701130320439,0.00330015325840987,0.060765185940288,1,"HMDB0013127","3-Hydroxybutyrylcarnitine","HMDB0013127","53481617","72995",NA,NA,"C[C@@H](O)CC(=O)O[C@@H](CC([O-])=O)C[N+](C)(C)C",1
"1-(1-enyl-palmitoyl)-GPE (P-16:0)*","100003000","Lipid","Lysoplasmalogen","1-(1-enyl-palmitoyl)-GPE (P-16:0)*",10471193,"HMDB0011152",NA,NA,5.6433269965378,0.0752165244702567,0.0112900932011355,0.0778698959664306,-0.0449104168377411,0.0603372191341718,0.067827406077591,1,"HMDB0011152","LysoPE(P-16:0/0:0)","HMDB0011152","42607469",NA,NA,NA,"[H][C@@](O)(CO\C=C/CCCCCCCCCCCCCC)COP(O)(=O)OCCN",1
"1-arachidonoyl-GPE (20:4n6)*","100001571","Lipid","Lysophospholipid","1-arachidonoyl-GPE (20:4n6)*",21403171,"HMDB0011517",42607465,NA,2.38680336064179,0.215314413367902,0.0166993307644903,0.188060061474695,0.147519483987839,-0.156838446969885,0.0851578610837133,1,"HMDB0011517","LysoPE(20:4(5Z,8Z,11Z,14Z)/0:0)","HMDB0011517","42607465","64395",NA,NA,"[H][C@@](O)(COC(=O)CCC\C=C/C\C=C/C\C=C/C\C=C/CCCCC)COP(O)(=O)OCCN",1
"1-carboxyethylisoleucine","100020427","Amino Acid","Leucine, Isoleucine and Valine Metabolism","1-carboxyethylisoleucine",NA,NA,NA,NA,6.18688090371762,0.195460608327615,0.00322322021203282,0.209237745589885,-0.0187946338947244,0.194554905218461,0.0292713370418329,1,NA,"1-Carboxyethylisoleucine","HMDB0242158","146171344","NA","NA","NA","[H]C(C)(N[C@]([H])(C(O)=O)[C@@]([H])(C)CC)C(O)=O",1
"1-carboxyethylleucine","100020425","Amino Acid","Leucine, Isoleucine and Valine Metabolism","1-carboxyethylleucine",NA,NA,NA,NA,5.50657278828577,0.182104328588887,3.31480965331361e-05,0.193772813312458,-0.127630947709387,0.129893524386758,0.0010786943080158,0.0258886633923793,NA,"1-Carboxyethylleucine","HMDB0240626","53752255","NA","NA","NA","CC(C)C[C@H](N[C@H](C)C(O)=O)C(O)=O",1
"1-carboxyethylphenylalanine","100020419","Amino Acid","Phenylalanine Metabolism","1-carboxyethylphenylalanine",19276386,NA,59100900,NA,5.42357781189653,0.254862473495353,4.4473104882984e-07,0.276950526724424,-0.193080348821806,0.166357624697576,8.48198894210702e-05,0.0003473349491361,NA,"1-Carboxyethylphenylalanine","HMDB0240628","127261991","NA","NA","NA","C[C@@H](N[C@@H](CC1=CC=CC=C1)C(O)=O)C(O)=O",1
"1-carboxyethyltyrosine","100020421","Amino Acid","Tyrosine Metabolism","1-carboxyethyltyrosine",NA,NA,NA,NA,5.25221303523912,0.218279407163021,3.15399431600669e-06,0.251331431883875,-0.187239885085361,0.112192357247098,0.00025358599781484,0.00246326956080123,NA,"1-Carboxyethyltyrosine","HMDB0242159","146171371","NA","NA","NA","[H]C(C)(N[C@@]([H])(CC1=CC=C(O)C=C1)C(O)=O)C(O)=O",1
"1-carboxyethylvaline","100020423","Amino Acid","Leucine, Isoleucine and Valine Metabolism","1-carboxyethylvaline",NA,NA,NA,NA,5.41208668065121,0.179841118457321,0.00182741417379323,0.196573405667699,-0.137585091607687,0.11581524275882,0.0192866279693583,1,NA,"1-Carboxyethylvaline","HMDB0240627","NA","NA","NA","NA","CC(C)[C@H](N[C@H](C)C(O)=O)C(O)=O",1
"1-methyl-4-imidazoleacetate","100001208","Amino Acid","Histidine Metabolism","1-methyl-4-imidazoleacetate",68319,"HMDB0002820",75810,"C05828",1.5381759675674,0.263234929076666,1.87287829597187e-06,0.219254602701236,0.263094888952206,0.00858529517397124,0.00018283974364425,0.00146271794915403,"HMDB0002820","Methylimidazoleacetic acid","HMDB0002820","75810","1606","C05828","3774","CN1C=NC(CC(O)=O)=C1",1
"1-oleoyl-2-linoleoyl-GPE (18:1/18:2)*","100009078","Lipid","Phosphatidylethanolamine (PE)","1-oleoyl-2-linoleoyl-GPE (18:1/18:2)*",7825703,"HMDB0005349",9546753,NA,5.55221044967078,0.148874494405603,0.0111243568888599,0.156179983096327,-0.0993879807715446,0.110840625957629,0.0673497886061983,1,"HMDB0005349","PE(18:1(9Z)/18:2(9Z,12Z))","HMDB0009060","9546753","74977","C00350","NA","[H][C@@](COC(=O)CCCCCCC\C=C/CCCCCCCC)(COP(O)(=O)OCCN)OC(=O)CCCCCCC\C=C/C\C=C/CCCCC",1
"1-palmitoyl-2-arachidonoyl-GPE (16:0/20:4)*","100008990","Lipid","Phosphatidylethanolamine (PE)","1-palmitoyl-2-arachidonoyl-GPE (16:0/20:4)*",7825750,"HMDB0005323",9546800,"C05210",1.59785969416523,0.0656129999043377,0.00037214515931,0.0642644372388377,0.0655889730421574,-0.00177549196612315,0.00631837759611119,0.290645369421115,"HMDB0005323","PE(16:0/20:4(5Z,8Z,11Z,14Z))","HMDB0008937","9546800","73009","C00350","NA","[H][C@@](COC(=O)CCCCCCCCCCCCCCC)(COP(O)(=O)OCCN)OC(=O)CCC\C=C/C\C=C/C\C=C/C\C=C/CCCCC",1
"1-palmitoyl-2-arachidonoyl-GPI (16:0/20:4)*","100008993","Lipid","Phosphatidylinositol (PI)","1-palmitoyl-2-arachidonoyl-GPI (16:0/20:4)*",24767674,"HMDB0009789",NA,NA,1.73300979598402,0.0581956396426142,0.00276742851173864,0.0570447147917182,0.057431660047088,-0.00939877107119458,0.0269633705422837,1,"HMDB0009789","PI(16:0/20:4(5Z,8Z,11Z,14Z))","HMDB0009789","52928411","73209",NA,NA,"CCCCCCCCCCCCCCCC(=O)OC[C@H](COP(O)(=O)O[C@H]1[C@H](O)[C@@H](O)[C@H](O)[C@@H](O)[C@H]1O)OC(=O)CCC\C=C/C\C=C/C\C=C/C\C=C/CCCCC",1
"1-palmitoyl-2-oleoyl-GPS (16:0/18:1)","1531","Lipid","Phosphatidylserine (PS)","1-palmitoyl-2-oleoyl-GPS (16:0/18:1)",4446618,"HMDB0012357",5283499,"C13880",2.15421136872021,0.0891902677055618,0.00444308231793395,0.0833428817192531,0.0744369711687931,-0.0491328930209289,0.037072158696841,1,"HMDB0012357","PS(16:0/18:1(9Z))","HMDB0012357","5283499","34086","C13880",NA,"[H][C@](N)(COP(O)(=O)OC[C@@]([H])(COC(=O)CCCCCCCCCCCCCCC)OC(=O)CCCCCCC\C=C/CCCCCCCC)C(O)=O",1
"1-palmitoyl-GPS (16:0)*","100005805","Lipid","Lysophospholipid","1-palmitoyl-GPS (16:0)*",7826050,NA,9547100,NA,2.0590095630772,0.278142324103006,0.00684815423741326,0.226132384080431,0.245647609175302,-0.130462272569045,0.0486218950856341,1,NA,"LysoPS(16:0/0:0)","HMDB0240605","9547100","NA","NA","NA","CCCCCCCCCCCCCCCC(=O)OC[C@@H](O)COP(O)(=O)OC[C@H](N)C(O)=O",1
"1-ribosyl-imidazoleacetate*","100001668","Amino Acid","Histidine Metabolism","1-ribosyl-imidazoleacetate*",4292299,"HMDB0002331",440569,"C05131",5.33448121728075,0.229357812185294,0.0024108898628497,0.243344585428793,-0.186390151987916,0.133655217826864,0.0247750655642844,1,"HMDB0002331","Imidazoleacetic acid riboside","HMDB0002331","440569",NA,"C05131","6626","OC[C@H]1O[C@H]([C@H](O)[C@@H]1O)N1C=NC(CC(O)=O)=C1",1
"1-stearoyl-GPG (18:0)","100001462","Lipid","Lysophospholipid","1-stearoyl-GPG (18:0)",21403138,NA,NA,NA,2.13330041504358,0.28417006417392,0.00578166950198459,0.242767888516355,0.240385799662186,-0.151549637721048,0.0438396493305822,1,NA,NA,NA,NA,NA,NA,NA,NA,0
"12-HETE","100002167","Lipid","Eicosanoid","12-HETE",21509475,"HMDB0006111",5283155,"C14777",2.51064164954093,0.218994116644292,0.00481269143158888,0.179695836377878,0.129187460749378,-0.176830492590904,0.039153250084072,1,"HMDB0006111","12-HETE","HMDB0006111","5283155","34146","C14777",NA,"CCCCC\C=C/C[C@H](O)\C=C\C=C/C\C=C/CCCC(O)=O",1
"2-aminoadipate","381","Amino Acid","Lysine Metabolism","2-aminoadipate",456,"HMDB0000510",92136,"C00956",4.66280997809988,0.364497162075906,0.00025224020749169,0.401826987724668,-0.364049272702204,-0.0180640030554008,0.0045813860942097,0.196999602051017,"HMDB0000510","Aminoadipic acid","HMDB0000510","92136","37023","C00956","5496","N[C@@H](CCCC(O)=O)C(O)=O",1
"2-hydroxybutyrate/2-hydroxyisobutyrate","100008928","Amino Acid","Glutathione Metabolism","2-hydroxybutyrate/2-hydroxyisobutyrate",NA,"HMDB0000729,HMDB00008",4408644277439,"C21297,C05984",5.07699225839074,0.267600842949676,5.76464295151423e-05,0.310138390385402,-0.250010181092553,0.0954207550664224,0.00170625093354997,0.0450218614513261,"HMDB0000729","alpha-Hydroxyisobutyric acid","HMDB0000729","11671","50129",NA,"3750","CC(C)(O)C(O)=O",1
"2-methylbutyrylcarnitine (C5)","100001509","Amino Acid","Leucine, Isoleucine and Valine Metabolism","2-methylbutyrylcarnitine (C5)",4932320,"HMDB0000378",6426901,NA,4.65909717964595,0.235513908136125,0.00593609580867662,0.262416680922493,-0.235179555641176,-0.0125450202857556,0.0445777964093889,1,"HMDB0000378","2-Methylbutyroylcarnitine","HMDB0000378","6426901","73026",NA,"5367","CCC(C)C(=O)OC(CC([O-])=O)C[N+](C)(C)C",1
"2,3-dihydroxy-5-methylthio-4-pentenoate (DMTPA)*","100020893","Amino Acid","Methionine, Cysteine, SAM and Taurine Metabolism","2,3-dihydroxy-5-methylthio-4-pentenoate (DMTPA)*",NA,"HMDB0240388",NA,NA,4.35798112008926,0.105640693714425,0.0186398855537729,0.114596926535497,-0.0990753513557399,-0.0366610272933224,0.0906712625235141,1,"HMDB0240388","2,3-Dihydroxy-5-methylthio-4-pentenoic acid","HMDB0240388","154603736",NA,NA,NA,"CS\C=C\[C@@H](O)[C@@H](O)C(O)=O",1
"2'-AMP","100001694","Nucleotide","Purine Metabolism, Adenine containing","adenosine 2'-monophosphate (2'-AMP)",NA,"HMDB0011617",94136,"C00946",5.27130081535656,0.180188104393369,0.0159960570978066,0.179709240112908,-0.152769353996522,0.0955472524165981,0.0846577597772558,1,"HMDB0011617","Adenosine 2'-phosphate","HMDB0011617","53481006","28223","C00946",NA,"NC1=NC=NC2=C1N=CN2C1O[C@H](CO)[C@@H](O)[C@H]1OP(O)(O)=O",1
"2'-deoxycytidine","100000125","Nucleotide","Pyrimidine Metabolism, Cytidine containing","2'-deoxycytidine",13117,"HMDB0000014",13711,"C00881",2.00243557657816,0.32208626516518,5.4468825689564e-06,0.281257930633036,0.29254489084403,-0.134748094788423,0.00028360101909033,0.00425401528635495,"HMDB0000014","Deoxycytidine","HMDB0000014","13711","15698","C00881","3367","NC1=NC(=O)N(C=C1)[C@H]1C[C@H](O)[C@@H](CO)O1",1
"2'-deoxyuridine","536","Nucleotide","Pyrimidine Metabolism, Uracil containing","2'-deoxyuridine",13118,"HMDB0000012",13712,"C00526",1.71375271085207,0.218132320193551,1.03332819001982e-05,0.195264835192561,0.215907179973961,-0.0310773027901947,0.00044834962022526,0.00807029316405479,"HMDB0000012","Deoxyuridine","HMDB0000012","13712","16450","C00526","5086","OC[C@H]1O[C@H](C[C@@H]1O)N1C=CC(=O)NC1=O",1
"2S,3R-dihydroxybutyrate","100002284","Lipid","Fatty Acid, Dihydroxy","2S,3R-dihydroxybutyrate",9139682,"HMDB0002453",10964471,NA,5.13581251237469,0.289691331578238,0.00019392155946511,0.304492844621189,-0.264107998050812,0.119029546572123,0.00369396921810368,0.151452737942251,"HMDB0002453","4-Deoxythreonic acid","HMDB0002453","10964471","86391",NA,"6686","C[C@@H](O)[C@H](O)C(O)=O",1
"3-(4-hydroxyphenyl)lactate (HPLA)","240","Amino Acid","Tyrosine Metabolism","3-(4-hydroxyphenyl)lactate",9010,"HMDB0000755",9378,"C03672",5.03364966724471,0.23521267125249,0.00033684445161486,0.251621205545728,-0.223178742660151,0.074271458463975,0.00584612259358249,0.263075516711212,"HMDB0000755","Hydroxyphenyllactic acid","HMDB0000755","9378","17385","C03672","5723","OC(CC1=CC=C(O)C=C1)C(O)=O",1
"3-hydroxy-2-ethylpropionate","100001170","Amino Acid","Leucine, Isoleucine and Valine Metabolism","3-hydroxy-2-ethylpropionate",164207,"HMDB0000396",188979,NA,5.11729959194283,0.210665550687869,0.00058807847851524,0.228846419414963,-0.193630631656924,0.0829888711259771,0.00875971953803896,0.459289291720408,"HMDB0000396","2-Ethylhydracrylic acid","HMDB0000396","188979","82956",NA,"3785","CCC(CO)C(O)=O",1
"3-hydroxyadipate","100004396","Lipid","Fatty Acid, Dicarboxylate","3-hydroxyadipate",133894,"HMDB0000345",151913,NA,4.89870623921082,0.304212466441798,0.00508509568040257,0.316187804358908,-0.298947489493025,0.0563526686539311,0.0397145972639441,1,"HMDB0000345","3-Hydroxyadipic acid","HMDB0000345","151913","89205",NA,"5334","OC(CCC(O)=O)CC(O)=O",1
"3-hydroxyhexanoylcarnitine (1)","100020825","Lipid","Fatty Acid Metabolism (Acyl Carnitine, Hydroxy)","3-hydroxyhexanoylcarnitine (1)",NA,NA,NA,NA,5.06282455252868,0.121035941726361,0.00952434457296365,0.12470506509916,-0.113679772613694,0.0415524787237277,0.060765185940288,1,NA,"3-Hydroxyhexanoylcarnitine","HMDB0013131","53481624","NA","NA","NA","CCC[C@H](O)CC(=O)O[C@H](CC([O-])=O)C[N+](C)(C)C",1
"3-hydroxyindolin-2-one","100003823","Xenobiotics","Food Component/Plant","3-hydroxyindolin-2-one",5872,NA,6097,"C11130",5.3621475469868,0.233390992690023,0.016434395990922,0.250880261836097,-0.185832883866168,0.141200193848372,0.0851578610837133,1,NA,"3-Hydroxy-2-oxoindole","HMDB0240741","6097","28536","C11130","NA","OC1C(=O)NC2=CC=CC=C12",1
"3-hydroxyisobutyrate","111","Amino Acid","Leucine, Isoleucine and Valine Metabolism","3-hydroxyisobutyrate",10140307,"HMDB0000023,HMDB0000336",11966314,"C01188,C06001",5.44905976433771,0.172798309873162,0.0144159128793366,0.167462414271272,-0.127993317263727,0.116090338232121,0.0781863052691797,1,"HMDB0000023","(S)-3-Hydroxyisobutyric acid","HMDB0000023","440873","37373","C06001","483","C[C@@H](CO)C(O)=O",1
"3-hydroxypalmitoylcarnitine","100019800","Lipid","Fatty Acid Metabolism (Acyl Carnitine, Hydroxy)","3-hydroxypalmitoylcarnitine",NA,"HMDB0013336",126456228,NA,4.82366885394466,0.200969981767112,0.0130284213437771,0.211187482260867,-0.199726938530499,0.0223177865548381,0.0726756907326219,1,"HMDB0013336","3-Hydroxyhexadecanoylcarnitine","HMDB0013336","126456228",NA,NA,NA,"CCCCCCCCCCCCCC(O)CC(=O)O[C@H](CC([O-])=O)C[N+](C)(C)C",1
"3-hydroxystearate","100008933","Lipid","Fatty Acid, Monohydroxy","3-hydroxystearate",4446034,"HMDB10737",5282907,NA,2.33921312080855,0.230665604446028,0.0167001277645476,0.190652508544258,0.165851313339027,-0.160312079826104,0.0851578610837133,1,"HMDB10737","(R)-3-Hydroxy-Octadecanoic acid","HMDB0010737","5312838",NA,NA,NA,"[H][C@@](O)(CCCCCCCCCCCCCCC)CC(O)=O",1
"3-methylglutaconate","100002458","Amino Acid","Leucine, Isoleucine and Valine Metabolism","3-methylglutaconate",1267861,"HMDB0000522",1551553,NA,4.50940534310197,0.140300465933814,0.00042280854988676,0.153009224753316,-0.137420021490966,-0.0282835364597134,0.00702581866939497,0.330213477461563,"HMDB0000522","3-Methylglutaconic acid","HMDB0000522","1551553","37245",NA,"5507","C\C(CC(O)=O)=C/C(O)=O",1
"3-methylhistidine","100000042","Amino Acid","Histidine Metabolism","3-methylhistidine",58494,"HMDB0000479",64969,"C01152",2.4514973855803,0.617683752645672,0.00170339753504833,0.456345623143478,0.393224057987673,-0.476348673244869,0.0187373728855316,1,"HMDB0000479","Methylhistidine","HMDB0000479","64969","27596","C01152","5466","[H][C@](N)(CC1=CN=CN1C)C(O)=O",1
"3-phosphoglycerate","132","Carbohydrate","Glycolysis, Gluconeogenesis, and Pyruvate Metabolism","3-phosphoglycerate",10669764,"HMDB0000807",724,"C00597",0.255352613592139,0.202004905402458,0.0123529054632306,0.190470229359782,0.0510237330825706,0.195454752996633,0.0709383762263463,1,"HMDB0000807","3-Phosphoglyceric acid","HMDB0000807","724","17050","C00597","150","OC(COP(O)(O)=O)C(O)=O",1
"3-ureidopropionate","1053","Nucleotide","Pyrimidine Metabolism, Uracil containing","3-ureidopropionate",109,"HMDB0000026",111,"C02642",4.76413149569419,0.188337143682336,0.00413686295002384,0.20568483566002,-0.188085083549265,0.00974068974388593,0.0351183691735719,1,"HMDB0000026","Ureidopropionic acid","HMDB0000026","111","18261","C02642","5097","NC(=O)NCCC(O)=O",1
"5-methylthioadenosine (MTA)","212","Amino Acid","Polyamine Metabolism","5-methylthioadenosine (MTA)",388321,"HMDB0001173",439176,"C00170",4.77945048089755,0.147875190952034,0.0122238129119169,0.157044334994434,-0.147542800079759,0.00990930086962393,0.0709280899582299,1,"HMDB0001173","5'-Methylthioadenosine","HMDB0001173","439176","17509","C00170","3425","CSC[C@H]1O[C@H]([C@H](O)[C@@H]1O)N1C=NC2=C1N=CN=C2N",1
"5,6-dihydrouridine","100001425","Nucleotide","Pyrimidine Metabolism, Uracil containing","5,6-dihydrouridine",85115,"HMDB0000497",94312,NA,5.0744980844043,0.200372741718303,0.00142999164051358,0.202580294004073,-0.187378922002558,0.0709815131768066,0.0164238745770751,1,"HMDB0000497","5,6-Dihydrouridine","HMDB0000497","94312","23774",NA,"5483","OC[C@H]1O[C@H]([C@H](O)[C@@H]1O)N1CCC(=O)NC1=O",1
"6-oxopiperidine-2-carboxylate","100004499","Amino Acid","Lysine Metabolism","6-oxopiperidine-2-carboxylate",2282737,"HMDB0061705",3014237,NA,4.96538619316393,0.424072418833038,0.0106183099229186,0.534886685878862,-0.410572730058965,0.106148244200421,0.0652984255889719,1,"HMDB0061705","6-Oxopiperidine-2-carboxylic acid","HMDB0061705","3014237","87998",NA,NA,"OC(=O)C1CCCC(O)=N1",1
"acisoga","100004541","Amino Acid","Polyamine Metabolism","acisoga",114601,"HMDB0061384",129397,NA,4.82278963236856,0.420364015061671,9.72061077148571e-06,0.431615560368573,-0.417804853771757,0.0463142453628468,0.00044657629485472,0.00759179701253034,"HMDB0061384","N-(3-acetamidopropyl)pyrrolidin-2-one","HMDB0061384","129397","133185",NA,NA,"CC(=O)NCCCN1CCCC1=O",1
"adenosine 3',5'-diphosphate","1214","Nucleotide","Purine Metabolism, Adenine containing","adenosine 3',5'-diphosphate",19951095,"HMDB0000061",159296,"C00054",3.43711933904449,0.159534894599304,0.0171604890399385,0.162879255532757,-0.0464635399293927,-0.152618878426101,0.0864667221947869,1,"HMDB0000061","Adenosine 3',5'-diphosphate","HMDB0000061","159296","17985","C00054",NA,"NC1=C2N=CN([C@@H]3O[C@H](COP(O)(O)=O)[C@@H](OP(O)(O)=O)[C@H]3O)C2=NC=N1",1
"alpha-hydroxyisovalerate","100001300","Amino Acid","Leucine, Isoleucine and Valine Metabolism","alpha-hydroxyisovalerate",90190,"HMDB0000407",99823,NA,4.66809077088338,0.292994295327627,0.0132137619513858,0.306147473162547,-0.292706866387061,-0.0129748782036674,0.0726756907326219,1,"HMDB0000407","2-Hydroxy-3-methylbutyric acid","HMDB0000407","99823","60645",NA,"5396","CC(C)C(O)C(O)=O",1
"arabinose","828","Carbohydrate","Pentose Metabolism","arabinose",59687,"HMDB0029942",66308,"C00216",5.0457358595195,0.146442197887459,0.00052765913389388,0.154979278774586,-0.138380923066081,0.047916985020857,0.00824203567142245,0.412101783571123,"HMDB0029942","D-Arabinose","HMDB0029942","444173","46996","C00216",NA,"O[C@@H]1CO[C@@H](O)[C@@H](O)[C@@H]1O",1
"arabonate/xylonate","100006115","Carbohydrate","Pentose Metabolism","arabonate/xylonate",NA,"HMDB0000539",1220456602431,"C00502,C05411",5.03495770067966,0.157550141038484,0.00136079450297295,0.157710648677878,-0.149424374947831,0.0499439997667021,0.0162505374166415,1,"HMDB0000539","Arabinonic acid","HMDB0000539","122045","20912","C00878","5524","OC[C@@H](O)[C@@H](O)[C@H](O)C(O)=O",1
"arachidonate (20:4n6)","229","Lipid","Long Chain Polyunsaturated Fatty Acid (n3 and n6)","arachidonate (20:4n6)",392692,"HMDB0001043",444899,"C00219",2.44806791756096,0.283922655470149,0.0164815004875482,0.237079745504186,0.18149802913874,-0.218335841556017,0.0851578610837133,1,"HMDB0001043","Arachidonic acid","HMDB0001043","444899","15843","C00219","193","CCCCC\C=C/C\C=C/C\C=C/C\C=C/CCCC(O)=O",1
"arachidoylcarnitine (C20)*","100015833","Lipid","Fatty Acid Metabolism (Acyl Carnitine, Long Chain Saturated)","arachidoylcarnitine (C20)*",28639199,"HMDB0006460",53477833,NA,5.31213573112673,0.168882486390766,0.00017883968400266,0.174110228521,-0.139408875682485,0.0953229226916202,0.00358137931297649,0.139673793206083,"HMDB0006460","Arachidyl carnitine","HMDB0006460","53477833","73100",NA,NA,"CCCCCCCCCCCCCCCCCCCC(=O)OC(CC([O-])=O)C[N+](C)(C)C",1
"arginine","231","Amino Acid","Urea cycle; Arginine and Proline Metabolism","arginine",227,"HMDB0000517",6322,"C00062",5.82853267221883,0.0949991072486826,0.00130410056362247,0.097408243671356,-0.0417188829160689,0.0853484925835367,0.0161667069871293,1,"HMDB0000517","L-Arginine","HMDB0000517","6322","16467","C00062","5502","N[C@@H](CCCNC(N)=N)C(O)=O",1
"asparagine","917","Amino Acid","Alanine and Aspartate Metabolism","asparagine",6031,"HMDB0000168",6267,"C00152",6.22034740956726,0.0716318467544563,0.0183026628650102,0.0714439126783164,-0.00449823299968515,0.0714904704791797,0.0904707575795757,1,"HMDB0000168","L-Asparagine","HMDB0000168","6267","17196","C00152","14","N[C@@H](CC(N)=O)C(O)=O",1
"behenoylcarnitine (C22)*","100015832","Lipid","Fatty Acid Metabolism (Acyl Carnitine, Long Chain Saturated)","behenoylcarnitine (C22)*",28639204,"HMDB0062468",71464577,NA,5.37133117215243,0.17253749597102,3.62569147341811e-06,0.188478164060727,-0.136415106107003,0.105641404485953,0.00025358599781484,0.00283166504073954,"HMDB0062468","Docosanoylcarnitine","HMDB0062468","71464577","73105",NA,NA,"CCCCCCCCCCCCCCCCCCCCCC(=O)OC(CC([O-])=O)C[N+](C)(C)C",1
"benzoate","100000008","Xenobiotics","Benzoate Metabolism","benzoate",238,"HMDB0001870",243,"C00180",2.14715190710429,0.111382011559103,0.0190865634920276,0.104958365668696,0.093388728746839,-0.0607000645963536,0.0920160869584787,1,"HMDB0001870","Benzoic acid","HMDB0001870","243","30746","C00180","1297","OC(=O)C1=CC=CC=C1",1
"beta-hydroxyisovaleroylcarnitine","100001594","Amino Acid","Leucine, Isoleucine and Valine Metabolism","beta-hydroxyisovaleroylcarnitine",21403176,NA,NA,NA,5.14841819027721,0.173435350882615,8.90168956021366e-05,0.177717776235843,-0.157208018363714,0.0732492996412258,0.00193117209625746,0.0695221954652687,NA,NA,NA,NA,NA,NA,NA,NA,0
"betaine","799","Amino Acid","Glycine, Serine and Threonine Metabolism","betaine",19951173242,"HMDB0000043",247,"C00719",1.71828343151298,0.326631970332879,8.58209588103558e-08,0.284246135709196,0.323085883178194,-0.0479995430655851,6.70261688308879e-05,6.70261688308879e-05,"HMDB0000043","Betaine","HMDB0000043","247","41139","C00719","287","C[N+](C)(C)CC(O)=O",1
"butyrylcarnitine (C4)","100001054","Lipid","Fatty Acid Metabolism (also BCAA Metabolism)","butyrylcarnitine (C4)",184820,"HMDB0002013",439829,"C02862",4.83862963406571,0.175246213899344,0.0184526591569899,0.185840306069034,-0.173851644046485,0.0220644816025369,0.0906385333434535,1,"HMDB0002013","Butyrylcarnitine","HMDB0002013","213144","21949","C02862","6436","CCCC(=O)O[C@H](CC([O-])=O)C[N+](C)(C)C",1
"carnitine","100000007","Lipid","Carnitine Metabolism","carnitine",10455,"HMDB0000062",288,"C00487,C00308",4.96356369153111,0.152949475639519,0.0111170916495708,0.159805227308119,-0.148150093172116,0.0380143655937749,0.0673497886061983,1,"HMDB0000062","L-Carnitine","HMDB0000062","10917","16347","C00487","52","C[N+](C)(C)C[C@H](O)CC(O)=O",1
"CDP-choline","1220","Lipid","Phospholipid Metabolism","cytidine 5'-diphosphocholine",21531769,"HMDB0001413",13804,"C00307",4.66323673042107,0.123437514346643,0.00677251986938293,0.126971700996133,-0.123288435323033,-0.00606478884019306,0.0486218950856341,1,"HMDB0001413","Citicoline","HMDB0001413","13805","49086","C00307","6229","C[N+](C)(C)CCOP(O)(=O)OP(O)(=O)OC[C@H]1O[C@H]([C@H](O)[C@@H]1O)N1C=CC(N)=NC1=O",1
"cortisol","356","Lipid","Corticosteroids","cortisol",NA,"HMDB0000063",5754,"C00735",5.08242577497928,0.278623344199221,0.0194397855929629,0.30843434289215,-0.259764455524277,0.100764058964162,0.0931440033626014,1,"HMDB0000063","Cortisol","HMDB0000063","5754","17650","C00735","5124","[H][C@@]12CC[C@](O)(C(=O)CO)[C@@]1(C)C[C@H](O)[C@@]1([H])[C@@]2([H])CCC2=CC(=O)CC[C@]12C",1
"creatinine","275","Amino Acid","Creatine Metabolism","creatinine",568,"HMDB0000562",588,"C00791",5.33006565891882,0.0706388965824582,0.00682671357191447,0.0707688495566521,-0.0575866785496224,0.0409100007823232,0.0486218950856341,1,"HMDB0000562","Creatinine","HMDB0000562","588","16737","C00791","8","CN1CC(=O)NC1=N",1
"cytidine","827","Nucleotide","Pyrimidine Metabolism, Cytidine containing","cytidine",5940,"HMDB0000089",6175,"C00475",2.08158857545724,0.154477018262221,0.00488857476243802,0.139517287227168,0.134759181754771,-0.0755189519522813,0.0393237415046907,1,"HMDB0000089","Cytidine","HMDB0000089","6175","17562","C00475","3376","NC1=NC(=O)N(C=C1)[C@@H]1O[C@H](CO)[C@@H](O)[C@H]1O",1
"dehydroascorbate","301","Cofactors and Vitamins","Ascorbate and Aldarate Metabolism","dehydroascorbate",812,"HMDB0001264",440667,"C05422",5.0985773077315,0.182385764965176,0.00137328485211055,0.184436867931532,-0.168953325350891,0.0686974607595396,0.0162505374166415,1,"HMDB0001264","Dehydroascorbic acid","HMDB0001264","440667","27956","C05422","342","[H][C@@]1(OC(=O)C(=O)C1=O)[C@@H](O)CO",1
"deoxycholate","302","Lipid","Secondary Bile Acid Metabolism","deoxycholate",389318,"HMDB0000626",222528440355,"C04483",5.22207972480558,0.606052512394532,0.012681588386946,0.52405877384847,-0.52902047292207,0.295697458577232,0.0717704386246727,1,"HMDB0000626","Deoxycholic acid","HMDB0000626","222528","28834","C04483","265","[H][C@@]1(CC[C@@]2([H])[C@]3([H])CC[C@]4([H])C[C@H](O)CC[C@]4(C)[C@@]3([H])C[C@H](O)[C@]12C)[C@H](C)CCC(O)=O",1
"dihomo-linoleoylcarnitine (C20:2)*","100015839","Lipid","Fatty Acid Metabolism (Acyl Carnitine, Polyunsaturated)","dihomo-linoleoylcarnitine (C20:2)*",NA,NA,NA,NA,4.96146029789124,0.231327347274311,0.00937380056188825,0.242957967078911,-0.22418899330254,0.0570231258259621,0.060765185940288,1,NA,NA,NA,NA,NA,NA,NA,NA,0
"dimethylarginine (ADMA + SDMA)","100001810","Amino Acid","Urea cycle; Arginine and Proline Metabolism","dimethylarginine (SDMA + ADMA)",110375,"HMDB0003334,HMDB0001539",123831169148,"C21189,C03626",5.36502419073379,0.187344223745489,0.00493434912606874,0.182550477686507,-0.148842408430312,0.113770803036033,0.0393237415046907,1,"HMDB0003334","Symmetric dimethylarginine","HMDB0003334","169148","25682",NA,"6891","CN\C(NCCC[C@H](N)C(O)=O)=N/C",1
"docosadienoylcarnitine (C22:2)*","100015848","Lipid","Fatty Acid Metabolism (Acyl Carnitine, Polyunsaturated)","docosadienoylcarnitine (C22:2)*",NA,NA,71464511,NA,5.12982746108673,0.236233463118711,0.00326957479616204,0.24894632760099,-0.215948197192495,0.0957738232836649,0.0293510105264661,1,NA,"(13Z,16Z)-Docosadienoylcarnitine","HMDB0240748","71464511","73120","NA","NA","[H]C(CCCCC)=C([H])C\C([H])=C(\[H])CCCCCCCCCCCC(=O)OC(CC([O-])=O)C[N+](C)(C)C",1
"docosahexaenoate (DHA; 22:6n3)","100000665","Lipid","Long Chain Polyunsaturated Fatty Acid (n3 and n6)","docosahexaenoate (DHA; 22:6n3)",393183,"HMDB0002183",445580,"C06429",2.38952712882278,0.314581375820713,0.0119446586695583,0.254664439442435,0.214905834770467,-0.229732288098258,0.0706725637948866,1,"HMDB0002183","Docosahexaenoic acid","HMDB0002183","445580","28125","C06429","3457","CC\C=C/C\C=C/C\C=C/C\C=C/C\C=C/C\C=C/CCC(O)=O",1
"docosatrienoylcarnitine (C22:3)*","100015849","Lipid","Fatty Acid Metabolism (Acyl Carnitine, Polyunsaturated)","docosatrienoylcarnitine (C22:3)*",NA,NA,NA,NA,4.87613166736277,0.210314151013828,0.0153140389718372,0.225920633951989,-0.207501008321638,0.0342837229916872,0.0824845823241714,1,NA,NA,NA,NA,NA,NA,NA,NA,0
"eicosapentaenoate (EPA; 20:5n3)","2050","Lipid","Long Chain Polyunsaturated Fatty Acid (n3 and n6)","eicosapentaenoate (EPA; 20:5n3)",393682,"HMDB0001999",446284,"C06428",2.46781721981822,0.277054634544136,0.0100633365446814,0.254577037003271,0.172865696156989,-0.216510326808086,0.0628757267311694,1,"HMDB0001999","Eicosapentaenoic acid","HMDB0001999","446284","28364","C06428","6423","CC\C=C/C\C=C/C\C=C/C\C=C/C\C=C/CCCC(O)=O",1
"eicosenoylcarnitine (C20:1)*","100015838","Lipid","Fatty Acid Metabolism (Acyl Carnitine, Monounsaturated)","eicosenoylcarnitine (C20:1)*",NA,NA,NA,NA,4.95798729251817,0.206745945933523,0.0015396351632778,0.215030424211707,-0.200541919158823,0.0502675324642387,0.0171860666397307,1,NA,NA,NA,NA,NA,NA,NA,NA,0
"erucoylcarnitine (C22:1)*","100015841","Lipid","Fatty Acid Metabolism (Acyl Carnitine, Monounsaturated)","erucoylcarnitine (C22:1)*",NA,NA,NA,NA,5.0305720747953,0.207625958979464,0.0005944495973317,0.213724928904133,-0.19720425467858,0.0649539897066204,0.00875971953803896,0.464265135516065,NA,NA,NA,NA,NA,NA,NA,NA,0
"erythritol","100000846","Xenobiotics","Food Component/Plant","erythritol",13835932,"HMDB0002994",222285,"C00503",5.03846737363976,0.0842579105772494,0.00950554009046788,0.0861323031149413,-0.0798180103359141,0.0269903820065532,0.060765185940288,1,"HMDB0002994","Erythritol","HMDB0002994","222285","17113","C00503","140","OC[C@H](O)[C@H](O)CO",1
"ethylmalonate","2054","Amino Acid","Leucine, Isoleucine and Valine Metabolism","ethylmalonate",11263,"HMDB0000622",11756,NA,4.83318297229243,0.129152892255033,0.00280404244289296,0.13325066894201,-0.128211790309805,0.0155629818285164,0.0269633705422837,1,"HMDB0000622","Ethylmalonic acid","HMDB0000622","11756","741548",NA,"4180","CCC(C(O)=O)C(O)=O",1
"fructose","878","Carbohydrate","Fructose, Mannose and Galactose Metabolism","fructose",5764,"HMDB0000660",2723872,"C00095",5.30687277780896,0.207498853541137,0.00026217787170708,0.23592108643599,-0.171899878075018,0.116216204286151,0.00465365722280083,0.204760917803236,"HMDB0000660","D-Fructose","HMDB0000660","439709","28645","C00095","135","OC[C@H]1O[C@](O)(CO)[C@@H](O)[C@@H]1O",1
"gamma-aminobutyrate (GABA)","141","Amino Acid","Glutamate Metabolism","gamma-aminobutyrate (GABA)",116,"HMDB0000112",119,"C00334",1.95039775956552,0.0597522528413222,0.00090864068440121,0.0566825422518304,0.0554986332805842,-0.0221412154951018,0.0116335799101205,0.709648374517348,"HMDB0000112","gamma-Aminobutyric acid","HMDB0000112","119","16865","C00334",NA,"NCCCC(O)=O",1
"gamma-glutamyl-alpha-lysine","100010901","Peptide","Gamma-glutamyl Amino Acid","gamma-glutamyl-alpha-lysine",58747,NA,65254,NA,0.644926745059867,0.279891342553144,0.0122602972398989,0.263009910641072,0.168253853364096,0.223673432629659,0.0709280899582299,1,NA,"gamma-Glutamyllysine","HMDB0029154","65254","NA","NA","NA","NCCCC[C@H](NC(=O)CC[C@H](N)C(O)=O)C(O)=O",1
"glucose","572","Carbohydrate","Glycolysis, Gluconeogenesis, and Pyruvate Metabolism","glucose",71358,"HMDB0000122",5793,"C00031",5.7279314801697,0.306586506303644,0.00374790625736166,0.299214174845445,-0.161619839422439,0.260526991600754,0.0328889301910051,1,"HMDB0000122","D-Glucose","HMDB0000122","5793","15903","C00031","133","OC[C@H]1O[C@@H](O)[C@H](O)[C@@H](O)[C@@H]1O",1
"glutamine","563","Amino Acid","Glutamate Metabolism","glutamine",5746,"HMDB0000641",5961,"C00064",4.83851393821538,0.175125395418959,0.00018997705665326,0.173239969037173,-0.1737343368586,0.0220291696836137,0.00369396921810368,0.1483720812462,"HMDB0000641","Glutamine","HMDB0000641","5961","18050","C00064","5614","N[C@@H](CCC(N)=O)C(O)=O",1
"glutamine_degradant*","100001540","Partially Characterized Molecules","Partially Characterized Molecules","glutamine_degradant*",NA,NA,NA,NA,5.06112037277037,0.142991784108431,0.00095136590233153,0.146450934641568,-0.134384673871204,0.0488611271978268,0.0119841414471117,0.743016769720928,NA,NA,NA,NA,NA,NA,NA,NA,0
"glycerophosphoethanolamine","100001620","Lipid","Phospholipid Metabolism","glycerophosphoethanolamine",110410,"HMDB0000114",123874,"C01233",4.88677740603628,0.108101041920653,0.00073374603125432,0.105053650084625,-0.106461455561045,0.0187561654970958,0.00988026983464877,0.573055650409629,"HMDB0000114","Glycerylphosphorylethanolamine","HMDB0000114","123874","52330","C01233","5151","NCCOP(O)(=O)OCC(O)CO",1
"glycerophosphorylcholine (GPC)","100000269","Lipid","Phospholipid Metabolism","glycerophosphorylcholine (GPC)",571409,"HMDB0000086",71920,"C00670",4.76544094247055,0.209251643592646,5.01830311607236e-05,0.206134924209701,-0.208957242159058,0.0110960035825721,0.00156771789346101,0.0391929473365251,"HMDB0000086","Glycerophosphocholine","HMDB0000086","657272","16870","C00670","370","C[N+](C)(C)CCOP([O-])(=O)OC[C@H](O)CO",1
"glycylvaline","100000487","Peptide","Dipeptide","glycylvaline",2006926,"HMDB0028854",2724807,NA,5.48857357480236,0.294225224650771,0.00216435447291977,0.297732517357895,-0.209956664481219,0.206122977517592,0.0225381445780045,1,"HMDB0028854","Glycylvaline","HMDB0028854","2724807","73922",NA,NA,"CC(C)[C@H](NC(=O)CN)C(O)=O",1
"guanosine 2'-monophosphate (2'-GMP)*","100002733","Nucleotide","Purine Metabolism, Guanine containing","guanosine 2'-monophosphate (2'-GMP)*",392466,"HMDB0240586",135460966,NA,5.3373103695628,0.218779483311197,0.0167916909179153,0.249871375479836,-0.177432154478989,0.127993331368704,0.0851578610837133,1,"HMDB0240586","Guanosine 2'-monophosphate","HMDB0240586","444571","74948",NA,NA,"NC1=NC2=C(N=CN2[C@@H]2O[C@H](CO)[C@@H](O)[C@H]2OP(O)(O)=O)C(=O)N1",1
"histidine","355","Amino Acid","Histidine Metabolism","histidine",752,"HMDB0000177",6274,"C00135",5.61320071594093,0.0651210680540472,0.0161479766935369,0.0674396985466314,-0.0404384842035264,0.0510439271590755,0.0846577597772558,1,"HMDB0000177","Histidine","HMDB0000177","6274","15971","C00135","21","N[C@@H](CC1=CN=CN1)C(O)=O",1
"homocarnosine","41","Amino Acid","Histidine Metabolism","homocarnosine",8418848,"HMDB0000745",8923510243361,"C00884",1.58739012283795,0.223092094356316,0.00403854097419096,0.204789728171639,0.223061380403332,-0.00370177482398261,0.0349013065324633,1,"HMDB0000745","Homocarnosine","HMDB0000745","10243361","85981","C00884","270","NCCCC(=O)N[C@@H](CC1=CNC=N1)C(O)=O",1
"isobutyrylcarnitine (C4)","100001055","Amino Acid","Leucine, Isoleucine and Valine Metabolism","isobutyrylcarnitine (C4)",NA,"HMDB0000736",168379,NA,4.93866622049055,0.286086448081669,0.00292207790113615,0.31476481994388,-0.278793632947044,0.0641838453520403,0.0271683671522302,1,"HMDB0000736","Isobutyryl-L-carnitine","HMDB0000736","168379","84838",NA,"5704","CC(C)C(=O)O[C@H](CC(O)=O)C[N+](C)(C)C",1
"isoleucine","376","Amino Acid","Leucine, Isoleucine and Valine Metabolism","isoleucine",769,"HMDB0000172",6306,"C06418,C00407,C16424",6.01734201377251,0.0978437123597335,7.54884423406314e-05,0.101259857934212,-0.025705796682164,0.0944065890987992,0.00173401392553039,0.0589564734680331,"HMDB0000172","Isoleucine","HMDB0000172","6306","17191","C00407","5193","CC[C@H](C)[C@H](N)C(O)=O",1
"isovalerylcarnitine (C5)","100001393","Amino Acid","Leucine, Isoleucine and Valine Metabolism","isovalerylcarnitine (C5)",4932271,"HMDB0000688",169235,"C20826",4.7998356783004,0.299551787673636,0.00653539945531119,0.352914309821378,-0.298407192315397,0.0261614424853204,0.0477023081738134,1,"HMDB0000688","Isovalerylcarnitine","HMDB0000688","6426851","73025",NA,"5657","CC(C)CC(=O)OC(CC([O-])=O)C[N+](C)(C)C",1
"kynurenate","98","Amino Acid","Tryptophan Metabolism","kynurenate",3712,"HMDB0000715",3845,"C01717",4.79146683107583,0.247228038504095,0.00051783094415085,0.285825795871939,-0.246455444889032,0.0195298926554069,0.00824203567142245,0.404425967381821,"HMDB0000715","Kynurenic acid","HMDB0000715","3845","18344","C01717","5683","OC(=O)C1=CC(=O)C2=CC=CC=C2N1",1
"kynurenine","100000265","Amino Acid","Tryptophan Metabolism","kynurenine",141580,"HMDB0000684",161166,"C00328",4.79176654431836,0.349245713762276,1.91728076716274e-07,0.420749109632398,-0.348146028064988,0.0276931710696689,7.4869813957705e-05,0.00014973962791541,"HMDB0000684","Kynurenine","HMDB0000684","161166","16946","C00328","72","N[C@@H](CC(=O)C1=CC=CC=C1N)C(O)=O",1
"lactate","482","Carbohydrate","Glycolysis, Gluconeogenesis, and Pyruvate Metabolism","lactate",592,"HMDB0000190",612,"C00186",4.77369557433357,0.0679259873306881,0.00781261877213901,0.0706317533751735,-0.0677983774472199,0.00416170282133452,0.0539969492127484,1,"HMDB0000190","Lactic acid","HMDB0000190","107689","422","C00186","5205","C[C@H](O)C(O)=O",1
"lanthionine","100003892","Amino Acid","Methionine, Cysteine, SAM and Taurine Metabolism","lanthionine",88959,NA,98504,NA,4.74707052690064,0.119486362534127,0.00956535322192953,0.12917554441668,-0.119414510060562,0.00414314115530886,0.060765185940288,1,NA,"Lanthionine","HMDB0240656","98504","21347","NA","NA","N[C@@H](CSC[C@H](N)C(O)=O)C(O)=O",1
"laurylcarnitine (C12)","100001392","Lipid","Fatty Acid Metabolism (Acyl Carnitine, Medium Chain)","laurylcarnitine (C12)",8602997,"HMDB000225",168381,NA,5.16568225760769,0.22059458268518,0.00154036448755589,0.223054752315151,-0.19831668281105,0.0966046749845481,0.0171860666397307,1,"HMDB000225","Dodecanoylcarnitine","HMDB0002250","168381","77086","NA","6573","CCCCCCCCCCCC(=O)O[C@H](CC(O)=O)C[N+](C)(C)C",1
"leucine","397","Amino Acid","Leucine, Isoleucine and Valine Metabolism","leucine",NA,"HMDB0000687",6106,"C00123",5.77355925136955,0.0946073951078385,6.39117029717634e-05,0.0986042842849009,-0.0461542985946312,0.0825853493685671,0.00170625093354997,0.0499150400209472,"HMDB0000687","Leucine","HMDB0000687","6106","15603","C00123","24","CC(C)C[C@H](N)C(O)=O",1
"lignoceroylcarnitine (C24)*","100015834","Lipid","Fatty Acid Metabolism (Acyl Carnitine, Long Chain Saturated)","lignoceroylcarnitine (C24)*",NA,NA,NA,NA,5.7768315626141,0.213888026845632,4.91391632238536e-06,0.236603638109066,-0.103733930439938,0.187049083674312,0.00028360101909033,0.00383776864778297,NA,"Lignoceroylcarnitine","HMDB0240665","145720495","165601","NA","NA","CCCCCCCCCCCCCCCCCCCCCCCC(=O)O[C@H](CC(O)=O)C[N+](C)(C)C",1
"linoleoylcarnitine (C18:2)*","100003151","Lipid","Fatty Acid Metabolism (Acyl Carnitine, Polyunsaturated)","linoleoylcarnitine (C18:2)*",4952667,"HMDB0006469",6450015,NA,4.80373889639432,0.268350931285249,0.0053146625183409,0.279928142201691,-0.267232041301048,0.0244797553855272,0.0410965487804381,1,"HMDB0006469","Linoleyl carnitine","HMDB0006469","6450015","84098",NA,NA,"CCCCC\C=C/C\C=C/CCCCCCCC(=O)O[C@H](CC(O)=O)C[N+](C)(C)C",1
"lysine","407","Amino Acid","Lysine Metabolism","lysine",5747,"HMDB0003405",5962,"C00739,C00047",5.7661781787393,0.100498041289864,0.0001136688236012,0.103984836063924,-0.0496742366733752,0.0873631874076072,0.00239933381709573,0.0887753512325419,"HMDB0003405","D-Lysine","HMDB0003405","57449","16855","C00739","6919","NCCCC[C@@H](N)C(O)=O",1
"maltotetraose","100000275","Carbohydrate","Glycogen Metabolism","maltotetraose",393830,"HMDB0001296",439639,"C02052",5.57549821047978,0.536371769639344,0.0161510962955328,0.499427135735065,-0.348683493378787,0.407571462091259,0.0846577597772558,1,"HMDB0001296","Maltotetraose","HMDB0001296","439639","143180","C02052","4199","OC[C@H]1O[C@H](O[C@H]2[C@H](O)[C@@H](O)[C@@H](O[C@H]3[C@H](O)[C@@H](O)[C@@H](O[C@H]4[C@H](O)[C@@H](O)C(O)O[C@@H]4CO)O[C@@H]3CO)O[C@@H]2CO)[C@H](O)[C@@H](O)[C@@H]1O",1
"maltotriose","100000276","Carbohydrate","Glycogen Metabolism","maltotriose",388669,"HMDB0001262",439586,"C01835",5.83306327067878,0.459788973300453,0.0204915207960235,0.436267206713035,-0.200042879881773,0.413991239251861,0.0975846203761851,1,"HMDB0001262","Maltotriose","HMDB0001262","439586","140999","C01835","3585","OC[C@H]1O[C@H](O[C@H]2[C@H](O)[C@@H](O)[C@@H](O[C@H]3[C@H](O)[C@@H](O)C(O)O[C@@H]3CO)O[C@@H]2CO)[C@H](O)[C@@H](O)[C@@H]1O",1
"mannitol/sorbitol","100001740","Carbohydrate","Fructose, Mannose and Galactose Metabolism","mannitol/sorbitol",440,"HMDB0000247,HMDB0000765",57806251,"C00392,C00794",5.30189724333518,0.169575061676664,6.80518335049469e-07,0.191173718315305,-0.140953192779878,0.0942756542687616,8.85808032789392e-05,0.00053148481967363,"HMDB0000247","Sorbitol","HMDB0000247","5780","17924","C00794","143","OC[C@H](O)[C@@H](O)[C@H](O)[C@H](O)CO",1
"mannonate*","100003695","Xenobiotics","Food Component/Plant","mannonate*",2496757,NA,3246006,NA,5.32840417005403,0.227808715350663,0.00088502094660154,0.232164736503764,-0.185934581160221,0.131625006433019,0.0115200226549302,0.69120135929581,NA,"D-Mannonate","HMDB0242119","3246006","33076","C00514","NA","OC[C@@H](O)[C@@H](O)[C@H](O)[C@H](O)C(O)=O",1
"methionine","415","Amino Acid","Methionine, Cysteine, SAM and Taurine Metabolism","methionine",5907,"HMDB0000696",6137,"C00073",5.90237168580648,0.0906310890325085,0.00023237877088939,0.0940642107788136,-0.033685394117699,0.0841385079636772,0.00432113857296708,0.181487820064617,"HMDB0000696","Methionine","HMDB0000696","6137","16643","C00073","5664","CSCC[C@H](N)C(O)=O",1
"methionine sulfoxide","100000039","Amino Acid","Methionine, Cysteine, SAM and Taurine Metabolism","methionine sulfoxide",139840,"HMDB0002005",158980,"C02989",5.63031907984863,0.174388543211337,0.00753001375536299,0.16397768056674,-0.105935053917623,0.138524829380305,0.0525083994905223,1,"HMDB0002005","Methionine sulfoxide","HMDB0002005","158980","17016","C02989","6428","CS(=O)CC[C@H](N)C(O)=O",1
"myristoleoylcarnitine (C14:1)*","100006051","Lipid","Fatty Acid Metabolism (Acyl Carnitine, Monounsaturated)","myristoleoylcarnitine (C14:1)*",34999520,"HMDB0240588",129691961,NA,4.92427415618685,0.244864409329343,0.00363643621317282,0.241103142120087,-0.239388309058516,0.0514957905300256,0.0322733713919088,1,"HMDB0240588","Myristoleoylcarnitine","HMDB0240588","90659872","84647",NA,NA,"CCCC\C=C/CCCCCCCC(=O)O[C@H](CC(O)=O)C[N+](C)(C)C",1
"myristoylcarnitine (C14)","100001270","Lipid","Fatty Acid Metabolism (Acyl Carnitine, Long Chain Saturated)","myristoylcarnitine (C14)",4932274,"HMDB000506",6426854,NA,5.05603076694274,0.202591940717694,0.00266487977092659,0.208432411767705,-0.190747185667729,0.0682569088342162,0.0266829628345342,1,"HMDB000506","Myristoylcarnitine","HMDB0254979","6426854","73061","NA","NA","CCCCCCCCCCCCCC(=O)OC(CC([O-])=O)C[N+](C)(C)C",1
"N-acetyl-3-methylhistidine*","100002204","Amino Acid","Histidine Metabolism","N-acetyl-3-methylhistidine*",19993498,NA,193270,NA,1.84713028682569,0.748187242324248,2.95576768181401e-05,0.465551502070867,0.719802596039405,-0.204128323149178,0.00104929752704397,0.0230845455949674,NA,"N-Acetyl-3-methylhistidine","HMDB0240341","193270","133183","NA","NA","CN1C=NC=C1C[C@H](NC(C)=O)C(O)=O",1
"N-acetylglucosamine/N-acetylgalactosamine","100006435","Carbohydrate","Aminosugar Metabolism","N-acetylglucosamine/N-acetylgalactosamine",NA,"HMDB0000212,HMDB0000215",43917484265,"C01074",1.34009317269817,0.120126131474768,0.00599417524303977,0.121781345939659,0.116943491847014,0.0274682940445966,0.0445852463315625,1,"HMDB0000212","N-Acetylgalactosamine","HMDB0000212","84265","40356","C01132","5222","CC(=O)N[C@H]1[C@@H](O)O[C@H](CO)[C@H](O)[C@@H]1O",1
"N-acetylhistidine","100001293","Amino Acid","Histidine Metabolism","N-acetylhistidine",68142,"HMDB0032055",75619,"C02997",0.953321692253851,0.410932797808424,0.00066249605945399,0.301987111188531,0.335051256591314,0.237921036840462,0.00925408355055054,0.517409422433566,"HMDB0032055","N-Acetylhistidine","HMDB0032055","75619","16437","C02997",NA,"CC(=O)N[C@@H](CC1=CNC=N1)C(O)=O",1
"N-formylanthranilic acid","100004561","Amino Acid","Tryptophan Metabolism","N-formylanthranilic acid",91624,"HMDB0004089",101399,"C05653",5.5266805505966,0.141089410813977,0.00052072319353347,0.138463552572143,-0.0968414808262423,0.102605796304183,0.00824203567142245,0.406684814149646,"HMDB0004089","Formylanthranilic acid","HMDB0004089","101399","36575","C05653",NA,"OC(=O)C1=CC=CC=C1NC=O",1
"N-formylmethionine","194","Amino Acid","Methionine, Cysteine, SAM and Taurine Metabolism","N-formylmethionine",388809,"HMDB0001015",439750,"C03145",4.91774587341233,0.0951778854550556,0.0158698101416826,0.100407256637839,-0.0931780334684686,0.0194083476536418,0.0846577597772558,1,"HMDB0001015","N-Formyl-L-methionine","HMDB0001015","439750","16552","C03145","5945","CSCC[C@H](NC=O)C(O)=O",1
"N1-Methyl-2-pyridone-5-carboxamide","100001468","Cofactors and Vitamins","Nicotinate and Nicotinamide Metabolism","N1-Methyl-2-pyridone-5-carboxamide",62899,"HMDB0004193",69698,"C05842",4.84025085492402,0.287265795089886,0.00957404545288344,0.301353151794686,-0.284920787256735,0.0366303428543468,0.060765185940288,1,"HMDB0004193","Nudifloramide","HMDB0004193","69698","27410","C05842","7025","CN1C=C(C=CC1=O)C(N)=O",1
"N1-methylinosine","100001409","Nucleotide","Purine Metabolism, (Hypo)Xanthine/Inosine containing","N1-methylinosine",513976,"HMDB0002721",650095,NA,4.58792184439982,0.175064492585034,0.00065269382941999,0.193201046933002,-0.173710186850039,-0.0217335581205636,0.00925408355055054,0.509753880777018,"HMDB0002721","1-Methylinosine","HMDB0002721","65095","19065",NA,"3780","CN1C=NC2=C(N=CN2[C@@H]2O[C@H](CO)[C@@H](O)[C@H]2O)C1=O",1
"N2,N2-dimethylguanosine","100001412","Nucleotide","Purine Metabolism, Guanine containing","N2,N2-dimethylguanosine",83878,"HMDB0004824",135501639,NA,4.86396889276053,0.179818716512764,0.00299622444708092,0.196397766515069,-0.177756869225324,0.0271526472283799,0.027530015213767,1,"HMDB0004824","N2,N2-Dimethylguanosine","HMDB0004824","92919","19289",NA,"7086","CN(C)C1=NC(=O)C2=C(N1)N(C=N2)[C@@H]1O[C@H](CO)[C@@H](O)[C@H]1O",1
"N6-acetyllysine","100001734","Amino Acid","Lysine Metabolism","N6-acetyllysine",83801,"HMDB0000206",92832,"C02727",5.57937510228277,0.211003414309677,6.44671281971477e-05,0.232683437175518,-0.136546050670245,0.160865213444984,0.00170625093354997,0.0503488271219724,"HMDB0000206","N6-Acetyl-L-lysine","HMDB0000206","92832","17752","C02727","5216","CC(=O)NCCCC[C@H](N)C(O)=O",1
"nervonoylcarnitine (C24:1)*","100015846","Lipid","Fatty Acid Metabolism (Acyl Carnitine, Monounsaturated)","nervonoylcarnitine (C24:1)*",NA,NA,NA,NA,5.29413529460577,0.196023724199624,0.00066354504331732,0.210452868563836,-0.163778674852959,0.10771186616385,0.00925408355055054,0.51822867883083,NA,NA,NA,NA,NA,NA,NA,NA,0
"nicotinamide riboside","100001310","Cofactors and Vitamins","Nicotinate and Nicotinamide Metabolism","nicotinamide riboside",NA,"HMDB0000855",439924,"C03150",1.52922595790151,0.199023639411247,6.87632959794617e-05,0.187444846386368,0.198851698239496,0.00827110341893352,0.00170625093354997,0.0537041341599596,"HMDB0000855","Nicotinamide riboside","HMDB0000855","439924","15927","C03150","5818","NC(=O)C1=C[N+](=CC=C1)[C@@H]1O[C@H](CO)[C@@H](O)[C@H]1O",1
"o-Tyrosine","100004290","Amino Acid","Tyrosine Metabolism","o-Tyrosine",82607,"HMDB0006050",91482,NA,5.32877584188124,0.108598898242253,0.00071907003629382,0.110833855305228,-0.0886137145082442,0.0627800151360488,0.00985252102360489,0.561593698345479,"HMDB0006050","o-Tyrosine","HMDB0006050","91482","91038",NA,NA,"NC(CC1=CC=CC=C1O)C(O)=O",1
"oleoylcarnitine (C18:1)","100001501","Lipid","Fatty Acid Metabolism (Acyl Carnitine, Monounsaturated)","oleoylcarnitine (C18:1)",21403150,"HMDB0005065",6441392,NA,4.81523053827615,0.207176748539067,0.0040666054986609,0.216556544792096,-0.20608212318005,0.0212688420188442,0.0349013065324633,1,"HMDB0005065","Oleoylcarnitine","HMDB0005065","46907933","84651",NA,NA,"CCCCCCCC\C=C/CCCCCCCC(=O)O[C@H](CC(O)=O)C[N+](C)(C)C",1
"ophthalmate","100001311","Amino Acid","Glutathione Metabolism","ophthalmate",7993181,"HMDB0005765",7018721,NA,5.05728966156867,0.301710105368228,0.0049952800693743,0.295896746948611,-0.283942106794263,0.102009154836919,0.039407209436175,1,"HMDB0005765","Ophthalmic acid","HMDB0005765","7018721","84058","C21016",NA,"CC[C@H](NC(=O)CC[C@H](N)C(O)=O)C(=O)NCC(O)=O",1
"palmitoleoylcarnitine (C16:1)*","100009406","Lipid","Fatty Acid Metabolism (Acyl Carnitine, Monounsaturated)","palmitoleoylcarnitine (C16:1)*",28639183,NA,71464547,NA,4.64506111602034,0.277583503891928,0.00181221039408621,0.28343042075972,-0.276954592772698,-0.0186749879525854,0.0192866279693583,1,NA,"O-Palmitoleoylcarnitine","HMDB0240782","71464547","73066","NA","NA","[H]\C(CCCCCC)=C(/[H])CCCCCCCC(=O)OC(CC([O-])=O)C[N+](C)(C)C",1
"palmitoylcarnitine (C16)","100000776","Lipid","Fatty Acid Metabolism (Acyl Carnitine, Long Chain Saturated)","palmitoylcarnitine (C16)",448,"HMDB0000222",461,"C02990",4.97391290500294,0.168523012542822,0.0104056790261237,0.173843855593036,-0.162792738831069,0.0435721234321609,0.0644986930111318,1,"HMDB0000222","Palmitoylcarnitine","HMDB0000222","11953816","17490","C02990","5231","CCCCCCCCCCCCCCCC(=O)O[C@H](CC(O)=O)C[N+](C)(C)C",1
"phenylacetylglutamine","100001417","Peptide","Acetylated Peptides","phenylacetylglutamine",270643,"HMDB0006344",92258,"C04148",4.98020506208184,0.464284719940131,0.0014123956938399,0.516271237558315,-0.447733488381532,0.122861810794041,0.0164238745770751,1,"HMDB0006344","Phenylacetylglutamine","HMDB0006344","92258","17884","C04148",NA,"NC(=O)CC[C@H](NC(=O)CC1=CC=CC=C1)C(O)=O",1
"phenylalanine","460","Amino Acid","Phenylalanine Metabolism","phenylalanine",5910,"HMDB0000159",6140,"C00079",5.29906713799096,0.164540661451315,5.4302105903374e-07,0.176798423728259,-0.137026868835817,0.0910893324593393,8.48198894210702e-05,0.00042409944710535,"HMDB0000159","Phenylalanine","HMDB0000159","6140","17295","C00079","28","N[C@@H](CC1=CC=CC=C1)C(O)=O",1
"phenylalanylglycine","100003588","Peptide","Dipeptide","phenylalanylglycine",88678,"HMDB0028995",6992304,NA,5.60316687526004,0.315660536913906,0.0140027073637475,0.303785712040883,-0.198489667632296,0.245445363386633,0.0764763248327748,1,"HMDB0028995","Phenylalanylglycine","HMDB0028995","6992303","73635",NA,NA,"N[C@@H](CC1=CC=CC=C1)C(=O)NCC(O)=O",1
"phosphoenolpyruvate (PEP)","463","Carbohydrate","Glycolysis, Gluconeogenesis, and Pyruvate Metabolism","phosphoenolpyruvate (PEP)",980,"HMDB0000263",1005,"C00074",0.382703597705935,0.201555515405723,0.0186915150656668,0.18851713382809,0.0752668451434913,0.186974671580437,0.0906712625235141,1,"HMDB0000263","Phosphoenolpyruvic acid","HMDB0000263","1005","44897","C00074","5264","OC(=O)C(=C)OP(O)(O)=O",1
"pseudouridine","821","Nucleotide","Pyrimidine Metabolism, Uracil containing","pseudouridine",21403010,"HMDB0000767",15047,"C02067",5.08147570866667,0.19927487307954,0.0026255345783793,0.205154364203854,-0.185855147128754,0.0718911630634533,0.0266304221521329,1,"HMDB0000767","Pseudouridine","HMDB0000767","15047","17802","C02067","5734","OC[C@H]1O[C@H]([C@H](O)[C@@H]1O)C1=CNC(=O)NC1=O",1
"pyruvate","823","Carbohydrate","Glycolysis, Gluconeogenesis, and Pyruvate Metabolism","pyruvate",96901,"HMDB0000243",1060,"C00022",1.49117119749203,0.221605960397403,0.004594881139482,0.182474471607059,0.220903822729473,0.0176267633773428,0.037774759683531,1,"HMDB0000243","Pyruvic acid","HMDB0000243","1060","32816","C00022","117","CC(=O)C(O)=O",1
"quinate","100000442","Xenobiotics","Food Component/Plant","quinate",10246715,"HMDB0003072",6508,"C00296",1.97483903593781,0.388459068946705,0.0125405016397978,0.303797298056567,0.357180020945998,-0.152718305660969,0.0714900129976794,1,"HMDB0003072","Quinic acid","HMDB0003072","6508","17521","C00296","3329","O[C@@H]1C[C@@](O)(C[C@@H](O)[C@H]1O)C(O)=O",1
"ribulose/xylulose","100006122","Carbohydrate","Pentose Metabolism","ribulose/xylulose",NA,"HMDB0000621,HMDB0000751,HMDB0001644,HMDB0003371",5289590151261,NA,4.93324211243112,0.136642673626228,0.0130719143634363,0.149944200805703,-0.133323748183284,0.0299332328037574,0.0726756907326219,1,"HMDB0000621","D-Ribulose","HMDB0000621","12358756","17173","C00309","5594","OC[C@@]1(O)OC[C@@H](O)[C@H]1O",1
"S-adenosylhomocysteine (SAH)","197","Amino Acid","Methionine, Cysteine, SAM and Taurine Metabolism","S-adenosylhomocysteine (SAH)",16788012,"HMDB00939",439155,"C00021",5.1899209333897,0.165968164229368,6.78262898192238e-05,0.183380693274194,-0.14740162317315,0.0762770805916621,0.00170625093354997,0.0529723323488138,"HMDB00939","S-Adenosylhomocysteine","HMDB0000939","439155","16680","C00021","296","N[C@@H](CCSC[C@H]1O[C@H]([C@H](O)[C@@H]1O)N1C=NC2=C1N=CN=C2N)C(O)=O",1
"sphingosine","297","Lipid","Sphingosines","sphingosine",4510275,"HMDB0000252",5280335,"C00319",5.49141713940296,0.0934525118448829,0.00794892795819491,0.0986918792674072,-0.0665004969745192,0.0656586313614588,0.0544571292574581,1,"HMDB0000252","Sphingosine","HMDB0000252","5280335","16393","C00319","392","CCCCCCCCCCCCC\C=C\[C@@H](O)[C@@H](N)CO",1
"stachydrine","100001296","Xenobiotics","Food Component/Plant","stachydrine",103115,"HMDB0004827",115244,"C10172",1.18436014067625,0.530898229225291,0.0181178296173741,0.331289100677811,0.491748787335153,0.200090129564046,0.0901275473322877,1,"HMDB0004827","Proline betaine","HMDB0004827","115244","35280","C10172","7089","C[N+]1(C)CCC[C@H]1C([O-])=O",1
"stearoylcarnitine (C18)","100001391","Lipid","Fatty Acid Metabolism (Acyl Carnitine, Long Chain Saturated)","stearoylcarnitine (C18)",21233653,"HMDB0000848",3006797,NA,5.13527267128478,0.139797779596004,0.00905462686866595,0.145936198685177,-0.127482893985588,0.0573718652392647,0.0604415690976761,1,"HMDB0000848","Stearoylcarnitine","HMDB0000848","52922056","84644",NA,"5811","CCCCCCCCCCCCCCCCCC(=O)O[C@H](CC(O)=O)C[N+](C)(C)C",1
"sucrose","935","Carbohydrate","Disaccharides and Oligosaccharides","sucrose",5768,"HMDB0000258",5988,"C00089",5.54845748750278,0.321618039697675,0.0121317925489484,0.300069393633609,-0.215607979998599,0.23864484578532,0.0709280899582299,1,"HMDB0000258","Sucrose","HMDB0000258","5988","17992","C00089","137","OC[C@H]1O[C@@](CO)(O[C@H]2O[C@H](CO)[C@@H](O)[C@H](O)[C@H]2O)[C@@H](O)[C@@H]1O",1
"sulfate*","100002528","Xenobiotics","Chemical","sulfate*",1086,"HMDB01448",5152822,"C00059",4.60804767947309,0.14981650510734,0.00173468961757992,0.15289259316556,-0.149001710573107,-0.0156036998454125,0.0188165637684711,1,"HMDB01448","Sulfate","HMDB0001448","1117","26836","C00059","3233","OS(O)(=O)=O",1
"threonine","564","Amino Acid","Glycine, Serine and Threonine Metabolism","threonine",6051,"HMDB0000167",6288,"C00188",5.59775463800301,0.0886082348590437,0.0074667581968425,0.0889464158445006,-0.0560895860715136,0.068595755110369,0.0525083994905223,1,"HMDB0000167","L-Threonine","HMDB0000167","6288","16857","C00188","32","C[C@@H](O)[C@H](N)C(O)=O",1
"trigonelline (N'-methylnicotinate)","100001092","Cofactors and Vitamins","Nicotinate and Nicotinamide Metabolism","trigonelline (N'-methylnicotinate)",5369,"HMDB0000875",5570,"C01004",1.7585095219931,0.666212527051795,7.47401629762472e-05,0.425281803721587,0.654509538329728,-0.124323752501862,0.00173401392553039,0.0583720672844491,"HMDB0000875","Trigonelline","HMDB0000875","5570","18123","C01004","273","C[N+]1=CC=CC(=C1)C([O-])=O",1
"tryptophan","565","Amino Acid","Tryptophan Metabolism","tryptophan",6066,"HMDB0000929",6305,"C00078",5.30677223174533,0.157945540783898,6.18329902620217e-06,0.170053160247756,-0.130856938287579,0.0884491693319872,0.00030182228371649,0.00482915653946389,"HMDB0000929","L-Tryptophan","HMDB0000929","6305","16828","C00078","5879","N[C@@H](CC1=CNC2=C1C=CC=C2)C(O)=O",1
"tyrosine","815","Amino Acid","Tyrosine Metabolism","tyrosine",5833,"HMDB0000158",6057,"C00082",5.45288871904629,0.13764799386852,1.34726557920436e-06,0.145688871366984,-0.101602320020023,0.092865164526731,0.00015031634533694,0.00105221441735861,"HMDB0000158","L-Tyrosine","HMDB0000158","6057","17895","C00082","34","N[C@@H](CC1=CC=C(O)C=C1)C(O)=O",1
"tyrosylglycine","100003598","Peptide","Dipeptide","tyrosylglycine",227627,"HMDB0029105",7021854,NA,5.53766050329327,0.215417152290874,0.00841116007421747,0.24025167996118,-0.146129839606174,0.158273874906074,0.0571227479822943,1,"HMDB0029105","Tyrosylglycine","HMDB0029105","7021853","74990",NA,NA,"N[C@@H](CC1=CC=C(O)C=C1)C(=O)NCC(O)=O",1
"UDP-glucose","1096","Carbohydrate","Nucleotide Sugar","UDP-glucose",8308,"HMDB0000286",8629,"C00029",4.96479151560264,0.296133116252037,0.00272327802326745,0.340640835928097,-0.286750206335047,0.0739536456704486,0.0269225333692643,1,"HMDB0000286","Uridine diphosphate glucose","HMDB0000286","8629","46229","C00029","5278","OC[C@H]1O[C@H](OP(O)(=O)OP(O)(=O)OC[C@H]2O[C@H]([C@H](O)[C@@H]2O)N2C=CC(=O)NC2=O)[C@H](O)[C@@H](O)[C@@H]1O",1
"urate","1134","Nucleotide","Purine Metabolism, (Hypo)Xanthine/Inosine containing","urate",NA,"HMDB0000289",1175,"C00366",4.63562720024025,0.29322511492886,5.32869486864094e-06,0.335547537852167,-0.292361643479124,-0.0224863835960468,0.00028360101909033,0.00416171069240857,"HMDB0000289","Uric acid","HMDB0000289","1175","17775","C00366","88","O=C1NC2=C(N1)C(=O)NC(=O)N2",1
"urea","533","Amino Acid","Urea cycle; Arginine and Proline Metabolism","urea",1143,"HMDB0000294",1176,"C00086",5.01669732443528,0.314041680634626,6.99104095692691e-05,0.312632501126148,-0.299612854716648,0.0940973669363857,0.00170625093354997,0.0546000298735992,"HMDB0000294","Urea","HMDB0000294","1176","16199","C00086","6","NC(N)=O",1
"valine","566","Amino Acid","Leucine, Isoleucine and Valine Metabolism","valine",6050,"HMDB0000883",6287,"C00183",5.65625163223731,0.0997998402108,0.00017512468274061,0.103332971268267,-0.0585490051098077,0.0808209261686163,0.00358137931297649,0.136772377220423,"HMDB0000883","L-Valine","HMDB0000883","6287","16414","C00183","5842","CC(C)[C@H](N)C(O)=O",1
"ximenoylcarnitine (C26:1)*","100015836","Lipid","Fatty Acid Metabolism (Acyl Carnitine, Monounsaturated)","ximenoylcarnitine (C26:1)*",NA,NA,NA,NA,5.16299910457591,0.190047524728201,0.00555615365823744,0.21785116702083,-0.171077275721406,0.0827685168832825,0.0425427059517984,1,NA,NA,NA,NA,NA,NA,NA,NA,0
