"Ensembl","Gene_Symbols","p_val","acrophase_AD","acrophase_CTL","amplitude_AD","amplitude_CTL","BHQ","Bonf","Log_AD_CTL_ampRatio"
"ENSG00000188290","HES4",0.0140972787398747,"2.16219000135953","2.17810950334788","8.79600756281429","13.0747785838124",0.0660222554317465,1,-0.396387142997469
"ENSG00000157881","PANK4",0.0332469115548692,"3.14903987762567","2.95545064003285","2.74670303401844","1.03864855999113",0.118258001859725,1,0.972480889132312
"ENSG00000241563","CORT",6.71827686733215e-07,"1.77799498942546","1.88698480975983","3.41532382938337","7.16609060626963",0.000188783579972033,0.000188783579972033,-0.741087948599109
"ENSG00000187010","RHD",0.801043023724143,"2.99959702149635","3.07418683489655","2.16471096794891","2.87398328222257",0.938190780414726,1,-0.283412120297404
"ENSG00000175130","MARCKSL1",0.457795777759019,"3.06743804730958","2.90118962912209","14.7030837422906","15.3535478590763",0.710721621824775,1,-0.0432893280396308
"ENSG00000162520","SYNC",0.123759950696478,"2.84582807145475","2.84337172089334","10.6170020996407","14.0397401156592",0.307757045537259,1,-0.279435200352102
"ENSG00000214114","MYCBP",0.325209720837622,"2.991275038525","2.77757102171903","5.35770035159206","6.43993902387915",0.58206325831447,1,-0.183984227592573
"ENSG00000116678","LEPR",0.647814628017115,"4.62606289603447","4.68153479964891","8.92867918929899","11.0862133676377",0.838820135989919,1,-0.216433820581377
"ENSG00000116717","GADD45A",0.623811992201504,"3.23774566884992","3.06072264326029","2.83685427753826","2.97451740331195",0.835654369971269,1,-0.0473860189420606
"ENSG00000116455","WDR77",0.00109899232566511,"2.17460221034415","2.67109210162676","2.48635166848271","1.48878222334368",0.0175216576175917,0.308816843511896,0.512857956634238
"ENSG00000131781","FMO5",0.783659945679063,"2.6993594779644","2.49126317051444","2.60518057023639","2.40927402631699",0.938190780414726,1,0.0781765213632781
"ENSG00000143443","C1orf56",0.310734697574729,"2.68666435843234","2.93593911157079","2.43530121423912","3.05746272206576",0.566989935185057,1,-0.227514945382041
"ENSG00000177954","RPS27",0.00061386022811061,"2.97391686571862","2.81399477956175","31.4978460371293","58.4091641256159",0.0143745603415901,0.172494724099081,-0.617553633762798
"ENSG00000143552","NUP210L",0.388253523325548,"3.6144310432359","3.47015958664785","6.52240442171079","3.98623067502506",0.649400238419518,1,0.492396992871333
"ENSG00000163463","KRTCAP2",0.00309744024640776,"3.29648318265997","2.44182176799561","3.81296620304241","2.74845484237961",0.0266452030605191,0.870380709240581,0.32736853895386
"ENSG00000248485","PCP4L1",0.00117281903364978,"2.43781136576045","2.38891570542141","13.1319258740109","21.2029306589892",0.0175216576175917,0.329562148455588,-0.479093055815948
"ENSG00000143199","ADCY10",0.925441904467378,"4.81331911387718","4.78252250830614","6.2202992349558","5.61931170381608",0.979864258458224,1,0.101608830333081
"ENSG00000116194","ANGPTL1",0.0325509213615656,"3.25314115576389","2.97710751906814","4.60367582540612","6.27771835121481",0.117266780802563,1,-0.31015151772297
"ENSG00000143333","RGS16",0.0897770919020783,"2.84755552986623","2.59801875474436","4.84781089743166","6.90913957398326",0.254880414981573,1,-0.354317869365098
"ENSG00000118194","TNNT2",0.742895219002363,"6.01837768337939","6.23777926770708","2.18634875633454","2.62577500102609",0.899799812670966,1,-0.183143173059685
"ENSG00000181218","HIST3H2A",0.0163798461280589,"3.55554117893323","3.00288858599927","2.23379692446287","2.81194192181685",0.0730593136822945,1,-0.230172525737528
"ENSG00000117009","KMO",0.296908501889589,"1.72989202811949","1.6213661491619","13.2119227489642","10.3024149468338",0.559337853564935,1,0.24874133186415
"ENSG00000197454","OR2L5",0.110859404058672,"5.66213917978729","5.90510704863527","2.12629374943693","0.929072897280965",0.29668088133797,1,0.827948515082054
"ENSG00000203663","OR2L2",0.805568202434147,"5.57477430507572","5.63342930518572","1.90854517959108","1.51845263160946",0.938190780414726,1,0.228649454931804
"ENSG00000071575","TRIB2",0.250431414963089,"1.60942039800061","1.60219548864905","4.21145743229408","5.3774237990068",0.495572025384704,1,-0.244400640491833
"ENSG00000228474","OST4",0.113288342910808,"3.17529008052131","2.90468007975642","3.82733526062516","5.0341527471109",0.29751424633586,1,-0.274076432704785
"ENSG00000115226","FNDC4",0.00377984667953732,"2.66261500056032","2.45839806203197","3.68192317203301","6.11599749546246",0.028956603435634,1,-0.50747266179255
"ENSG00000213626","LBH",0.12955718194258,"2.27434970198323","1.86122608823599","5.73964683915647","5.38676891293732",0.316570157616217,1,0.0634519365524732
"ENSG00000115825","PRKD3",0.939766221464662,"2.87103305378892","2.83348361088012","5.81748429148832","6.10677618705185",0.983851645119995,1,-0.0485310890041573
"ENSG00000138079","SLC3A1",0.465358335783118,"2.6679942862542","2.86659309316235","5.23132428028524","6.47846314958625",0.718492815137671,1,-0.213818859469095
"ENSG00000143947","RPS27A",0.00209244700322768,"2.94767807532423","2.78107975892646","19.4434908113485","40.1182371695896",0.0217769484409992,0.587977607906978,-0.724318671788154
"ENSG00000198369","SPRED2",0.300569451559805,"1.48309998897944","1.44028224784298","40.3021110694425","35.655434529181",0.559337853564935,1,0.122502274984212
"ENSG00000185674","LYG2",0.955076404536545,"2.78906872621659","2.78185036626692","2.84925754304567","3.04162957214719",0.983851645119995,1,-0.065334966138049
"ENSG00000153086","ACMSD",0.82467303474177,"2.89438106419651","2.78308148494644","2.4956588164886","2.66731257830018",0.938190780414726,1,-0.0665186914925016
"ENSG00000115963","RND3",0.976659441753786,"1.95002878382961","1.95328283188796","8.71300730658492","8.97388080252044",0.987674493623452,1,-0.0295012230963229
"ENSG00000241399","CD302",0.468819048392118,"3.17259939519022","3.08401771943973","3.53571096859589","4.58777774573781",0.719880615290629,1,-0.260481353793967
"ENSG00000172878","METAP1D",0.419655355891939,"2.1390324601064","2.35146050753384","17.5221087405181","20.5786419208538",0.673846600032199,1,-0.160790297821061
"ENSG00000204262","COL5A2",0.367427086481418,"2.57710718406621","2.31040853193826","15.4290348637997","10.1798315880659",0.622920710745422,1,0.415842647512751
"ENSG00000115414","FN1",0.388020865656431,"2.53561101848775","2.53925005315981","4.01117845997449","5.41384908668154",0.649400238419518,1,-0.299875237723359
"ENSG00000115461","IGFBP5",0.0367318582395778,"4.11406792846067","4.24890087394974","15.2538909848533","8.27313108758319",0.121431201944957,1,0.611821571744878
"ENSG00000115649","CNPPD1",0.711843171863239,"3.03742771695396","3.07698900397699","2.2106270163725","1.82837183408462",0.875043074976214,1,0.189850330427347
"ENSG00000163273","NPPC",0.765182623470914,"3.85279411290687","3.85353573463579","3.34042926690436","4.26461391154948",0.922816811997111,1,-0.244252330248675
"ENSG00000132326","PER2",0.892960497207264,"1.66621266659637","1.65205553419781","6.58822287576014","7.01825147914209",0.973940598629647,1,-0.0632304676597568
"ENSG00000225526","MKRN2OS",0.903220081596799,"2.74670891635117","2.66042682555501","5.02841138090949","5.20190512220948",0.973940598629647,1,-0.0339208227638935
"ENSG00000170860","LSM3",8.80011042254783e-05,"3.06780144904161","2.86829739058483","1.41024299249664","4.86093839056783",0.00412138504789323,0.0247283102873594,-1.23746947910688
"ENSG00000126062","TMEM115",0.0238444545026445,"3.34686422946295","2.86089074323701","2.69935418918133","1.51336427526502",0.0930596071561542,1,0.578677385821395
"ENSG00000163932","PRKCD",0.0441318272118487,"2.2387182604183","2.09389621515035","2.12915824851632","3.22717230675412",0.139337566814938,1,-0.415879593858054
"ENSG00000170837","GPR27",0.14647871111536,"3.328353850584","3.16001137271802","4.98719796176445","3.41355556564386",0.348817947656069,1,0.379119785391387
"ENSG00000283434","CSNKA2IP",0.686690612622247,"3.83609843333231","4.07649192747291","1.59554893209372","2.46575183417503",0.86529175850606,1,-0.435278929632097
"ENSG00000168386","FILIP1L",0.256510761236718,"2.65261736867575","2.58816670966355","17.8990893689605","23.6217927747212",0.49741769529664,1,-0.277419870286637
"ENSG00000154175","ABI3BP",0.0393864164606885,"3.40134110354261","3.4592951020904","6.1567870087784","0.444222255810917",0.128692825877366,1,2.62898531763193
"ENSG00000051341","POLQ",0.822668723402919,"3.2578644147353","3.08774851082853","3.08336951473893","2.76295278177897",0.938190780414726,1,0.109723040977627
"ENSG00000206384","COL6A6",0.481589971659062,"3.45723571454592","3.15252923349515","2.6567655900618","2.0563844926236",0.731496119114575,1,0.256160099208948
"ENSG00000206199","ANKUB1",0.875160701441326,"2.74091121155703","2.7227460780749","17.0709674414175","18.7763776588123",0.964392772960834,1,-0.0952203621068566
"ENSG00000174944","P2RY14",0.0627239523024993,"2.78192871679198","2.60476767697929","7.39773005280254","10.7493734964811",0.187504580819173,1,-0.373674269946698
"ENSG00000152580","IGSF10",0.117756304163046,"2.86561170220091","2.80518350741695","4.30692076818241","5.88511098627132",0.298103797025369,1,-0.312202389868159
"ENSG00000118849","RARRES1",0.343345296071257,"2.49221005414315","2.58186415123991","3.890809583542","5.25727627283045",0.603000176225145,1,-0.300995818642575
"ENSG00000163584","RPL22L1",0.568644599458124,"2.89637635468405","2.94510132993018","1.92195623564804","2.45810718630778",0.798945662238664,1,-0.246048077241338
"ENSG00000176597","B3GNT5",0.690739941973228,"2.61821639546061","2.78130304471054","3.10774360518322","3.83869669735749",0.866508587921773,1,-0.211235973272315
"ENSG00000163888","CAMK2N2",0.0345347299585241,"2.76812198657708","2.73899894618263","14.5412264554774","20.1302115073085",0.119805668127719,1,-0.325233927672412
"ENSG00000244405","ETV5",0.650757258525987,"1.50399313780677","1.54099253515548","13.1380118815931","13.8382299942508",0.838820135989919,1,-0.0519253525836568
"ENSG00000157005","SST",0.00880705359654275,"1.94216187440036","2.081789687691","5.32465515641992","9.11053608097281",0.0465866641838261,1,-0.537083604731611
"ENSG00000185112","FAM43A",0.19982257570282,"3.63776080847426","3.28352640732314","2.82404134361339","1.72329670979806",0.425379877064337,1,0.493929811555004
"ENSG00000270170","NCBP2AS2",0.00409075242562739,"2.85928658110056","2.78319105018868","2.91954195959344","4.90081121892549",0.0297820413089674,1,-0.517974005473689
"ENSG00000182899","RPL35A",0.000931620015548425,"3.0178854522924","2.8398516587927","14.6993963774709","29.0880728496126",0.0163615765230692,0.261785224369107,-0.6825217922633
"ENSG00000152969","JAKMIP1",0.105366567652623,"3.45445328263024","2.99173639406281","4.84366625838931","3.84193734026284",0.284692360676799,1,0.231695170311646
"ENSG00000163145","C1QTNF7",0.122303023817519,"2.75242349866994","2.75436307436247","4.76167021465542","7.53118176465916",0.306849550827883,1,-0.458453478226421
"ENSG00000153012","LGI2",0.269516068558884,"2.294090778255","1.95058882968861","5.62930040989762","5.70819802475492",0.515197382755418,1,-0.0139182181955553
"ENSG00000145248","SLC10A4",0.0115890225326869,"2.91428796825903","2.44608399517553","4.88145331262933","5.44909167623175",0.0571318479242986,1,-0.11000594437991
"ENSG00000196503","ARL9",0.0903948142596518,"3.3657894489232","2.7783281159713","2.03118655011153","0.788959541946072",0.254880414981573,1,0.945660366825755
"ENSG00000163453","IGFBP7",0.635273627101769,"6.11742041188154","5.97569341721739","5.60923403941123","3.78270817141859",0.838083986927686,1,0.393973974777799
"ENSG00000153802","TMPRSS11D",0.672296828097035,"2.70732708132326","2.95606632352057","2.28267421995758","2.33662018099947",0.858695053715373,1,-0.0233578590291145
"ENSG00000187054","TMPRSS11A",0.9752714691253,"2.74035903550212","2.78208195199618","2.62979149871715","2.54604654342486",0.987674493623452,1,0.0323627840250149
"ENSG00000152595","MEPE",0.591329120219979,"5.9193662877948","5.13423089996477","1.68818666739274","1.53844149096854",0.810553574545435,1,0.0928850898709037
"ENSG00000177432","NAP1L5",0.0563496609468417,"2.60934522726447","2.40156426551559","13.502071318079","18.09150227675",0.170260803506049,1,-0.292599235911783
"ENSG00000269893","SNHG8",0.00336315989038732,"2.79956391880044","2.85463734885985","3.39885906557931","7.15235260750581",0.0277955273293776,0.945047929198837,-0.744001532241241
"ENSG00000138735","PDE5A",0.64741437972379,"2.8947355787324","2.77922053275393","36.2958771097718","39.9399293802313",0.838820135989919,1,-0.0956724032625619
"ENSG00000173376","NDNF",0.358601567628235,"3.17171059782198","2.91817207899631","7.33915196375899","4.50289483993875",0.618202702475669,1,0.488502811965847
"ENSG00000138741","TRPC3",0.0137352837769518,"1.65054900781887","1.96345247534059","36.0279626116623","48.4033261273831",0.0654171990054823,1,-0.295273156838342
"ENSG00000189184","PCDH18",0.977129926075871,"2.96262616081181","2.97947303407122","4.14175967311945","4.01095961170386",0.987674493623452,1,0.0320902219948425
"ENSG00000183090","FREM3",0.638954584621594,"2.50099238971319","2.55535291628827","1.84814845669317","1.42388872651862",0.838820135989919,1,0.260792635254493
"ENSG00000164161","HHIP",0.627484242220419,"2.70177496434119","2.68967938113633","5.71210142301811","6.95672247484926",0.835654369971269,1,-0.197121473637672
"ENSG00000052802","MSMO1",0.623527820149556,"4.0791198412932","4.01417876554233","13.9943578392705","17.7723036953507",0.835654369971269,1,-0.238987036441241
"ENSG00000164106","SCRG1",0.0179818528983062,"2.82850033339539","2.61024253956008","7.00367734680719","10.9671583768484",0.0765591009761219,1,-0.44846985851954
"ENSG00000164512","ANKRD55",0.399343062286337,"1.34571895861948","1.43826010817926","54.8548920892046","50.1859054031749",0.656230412295092,1,0.0889571546531312
"ENSG00000145741","BTF3",3.81417520540753e-06,"3.39464922311775","2.9695361351079","6.05701829046652","11.0698856075727",0.000535891616359758,0.00107178323271952,-0.60301076539659
"ENSG00000186468","RPS23",0.00178492591929503,"3.18557512591999","2.93343091279306","21.291570040004","37.729446524782",0.0208985076384126,0.501564183321903,-0.572129642894693
"ENSG00000230561","CCDC192",0.363320657669636,"2.72840971308359","2.75619760103883","4.43786893583807","6.12206972151231",0.622518931738828,1,-0.321725937324443
"ENSG00000223442","TH2LCRR",0.787686781372331,"2.74678084458186","2.62740958632621","4.4358019018628","4.6234893858665",0.938190780414726,1,-0.0414412867786534
"ENSG00000081059","TCF7",0.572345196682689,"2.98465103372562","2.70632219175436","2.41263281343817","2.50736165460344",0.800144279939481,1,-0.0385124617731481
"ENSG00000145824","CXCL14",0.307732444918847,"3.12342024557982","2.80028999941913","101.794435738394","96.9132277974633",0.565181810602588,1,0.0491394245063176
"ENSG00000069018","TRPC7",0.92141109308118,"1.16955709546764","1.21091758846029","4.14379784343432","3.7818090345127",0.979864258458224,1,0.0914102451049555
"ENSG00000078795","PKD2L2",0.500175587433015,"2.69983227406877","2.5362216754513","2.78430528815175","3.29180371764637",0.75160074903036,1,-0.167437262432354
"ENSG00000187678","SPRY4",0.539860018799566,"1.79198155271281","1.68086575316009","6.62172824239479","7.06179961894599",0.781962192178753,1,-0.0643435228726405
"ENSG00000113578","FGF1",0.00673692197229899,"1.57858230101963","1.99452738213139","4.37607187687146","6.6028757668498",0.039439064046167,1,-0.411353786153339
"ENSG00000120129","DUSP1",0.19318705594263,"2.63103673490418","1.76833702746003","5.83444545089156","6.7054405484685",0.422299267719799,1,-0.139139996230305
"ENSG00000169228","RAB24",0.00296325399163332,"3.3251564781983","2.40818607829584","2.79315961083861","1.42195117566867",0.0266452030605191,0.832674371648963,0.675143436249219
"ENSG00000278970","HEIH",0.218892503798289,"2.85444169797887","2.67573821497127","2.73456284526958","3.42023570632798",0.452270540936171,1,-0.22373788277573
"ENSG00000111837","MAK",0.803396862977109,"2.74570439049669","2.84162687023174","15.8866962063019","17.9730305566371",0.938190780414726,1,-0.123390289510919
"ENSG00000204642","HLA-F",0.810886357908862,"3.15851350222684","3.00786436097702","3.006102727696","2.91443907627711",0.938190780414726,1,0.030967090340771
"ENSG00000206503","HLA-A",0.253877160223502,"2.85308242171963","2.77450517280326","11.6496993057771","14.9963996272114",0.49741769529664,1,-0.252529778423363
"ENSG00000204525","HLA-C",0.494760588057271,"3.26617743177787","2.94116628470142","3.87584778197348","4.61156122382442",0.747460888409103,1,-0.173802038621024
"ENSG00000234745","HLA-B",0.00205301484165362,"2.99751032954968","2.48954040493731","2.35323913548065","6.11968771414325",0.0217769484409992,0.576897170504667,-0.955718333501763
"ENSG00000204387","SNHG32",0.199421829243521,"3.0639395658512","3.02680034049042","5.7370643762076","7.55103420464369",0.425379877064337,1,-0.274736887838727
"ENSG00000204386","NEU1",0.806827330687601,"3.03495901778074","2.94887300558269","3.39238782167402","3.5948329654758",0.938190780414726,1,-0.0579634814687338
"ENSG00000204308","RNF5",0.213031302903572,"3.14732729610085","2.77732461632705","2.52448183816239","2.50409947832398",0.446729821760476,1,0.00810664884548703
"ENSG00000198755","RPL10A",0.0342769904422281,"2.87202015632952","2.84544412536959","12.6663709015101","19.9987227992637",0.119805668127719,1,-0.456717890573155
"ENSG00000096060","FKBP5",0.960196543640237,"5.87453670771087","5.81185596049386","9.66619517462189","9.15214012820546",0.983994367101795,1,0.0546470193582211
"ENSG00000221821","C6orf226",0.181491524822927,"2.87604180687517","2.75298720158341","1.71200885964217","2.42719365882769",0.41170888049867,1,-0.349068264331655
"ENSG00000112667","DNPH1",0.00028630350193165,"2.91595492950213","2.51170368401818","0.840197204826285","2.60429852800689",0.00893903156031041,0.0804512840427937,-1.13128200691521
"ENSG00000112782","CLIC5",0.116533774151911,"5.69559192978993","4.97253335583701","1.49015865984165","1.7113241869206",0.298103797025369,1,-0.138384851750874
"ENSG00000146147","MLIP",0.367988747273096,"0.0545264223632307","0.242648351755057","3.46922077680089","5.0969527653036",0.622920710745422,1,-0.384712855416867
"ENSG00000137252","HCRTR2",0.114883888824907,"1.57898827283836","1.1708226860589","4.56556911441296","5.16663468015374",0.298103797025369,1,-0.123678368929807
"ENSG00000056972","TRAF3IP2",0.507512420026966,"2.9881850205453","2.93924959636278","8.45066381012284","10.1198191878759",0.754588033860843,1,-0.180250801194427
"ENSG00000227954","TARID",0.456794621355402,"2.3582550766365","2.68089373563891","2.19983145966459","2.47300696109968",0.710721621824775,1,-0.117054055189199
"ENSG00000146386","ABRACL",0.00281312093911371,"2.3987391185148","2.01140318303529","1.70610988624882","3.00820219592227",0.0263495661296984,0.790486983890953,-0.567126764587664
"ENSG00000135577","NMBR",0.885115375955463,"2.22525599154245","2.09920040003038","2.90013397538354","2.73339656336478",0.971552424388614,1,0.0592119360605624
"ENSG00000146469","VIP",0.036165550097717,"2.75138724650578","2.48059027805474","10.8243149274053","16.8660265491917",0.120982375922125,1,-0.443506349542213
"ENSG00000120437","ACAT2",0.713113395621185,"4.20958814221597","4.21480450662792","7.44536631299996","9.69248897677106",0.875043074976214,1,-0.263759385789985
"ENSG00000106399","RPA3",0.346123577173145,"2.98309584533666","2.83678905579901","3.75097649398763","4.78787452776217",0.604103883140707,1,-0.244070377307656
"ENSG00000196683","TOMM7",0.000164198699859769,"2.94004291670245","2.77883593773389","9.74915886799436","24.0262785457756",0.00576747933257439,0.0461398346605951,-0.901967159407329
"ENSG00000172115","CYCS",0.0255910812062292,"2.85207039919298","2.66362786133984","14.511481107363","20.9183929599596",0.0985081345061699,1,-0.365688681262795
"ENSG00000050344","NFE2L3",0.538273969457109,"2.67484133660032","2.65712446218849","2.4113243748148","3.19425889117636",0.781962192178753,1,-0.281178972296917
"ENSG00000106483","SFRP4",0.990140314313104,"2.64547619795715","2.60478985799066","2.3764821774791","2.38307322332396",0.990140314313104,1,-0.00276960745405874
"ENSG00000106571","GLI3",0.510219667023346,"5.43334336842756","5.87577977544308","1.97486186870412","2.07071114773972",0.754588033860843,1,-0.0473936418998017
"ENSG00000062582","MRPS24",0.0163610147660388,"3.17131620517547","2.88880518893293","5.18857971798091","7.75280868600722",0.0730593136822945,1,-0.401595186502939
"ENSG00000136206","SPDYE1",0.927558337188212,"2.55070842986953","2.50045437522177","4.24962716973152","3.96949603584263",0.979864258458224,1,0.0681921107907761
"ENSG00000232956","SNHG15",0.042121162455326,"2.65976336338468","2.592956185906","1.64461614123546","2.84829791758107",0.136046513217777,1,-0.549214585776908
"ENSG00000042813","ZPBP",0.821763924893237,"2.53965864548514","2.5222730230744","8.58691676113187","9.52936746633414",0.938190780414726,1,-0.104138604518691
"ENSG00000164776","PHKG1",0.0170905086466552,"2.08918140211031","2.80989195754977","1.2516271240888","2.11001993527529",0.0738835835340017,1,-0.522252991331865
"ENSG00000230358","SPDYE21P",0.0432427541281026,"2.46190314587679","2.5423288038643","4.17561025822145","6.54673145672329",0.138081976249964,1,-0.44970539360244
"ENSG00000170092","SPDYE5",0.818474470115389,"2.50709789541576","2.50886785332285","4.45895633250969","5.00657260923189",0.938190780414726,1,-0.115836838568529
"ENSG00000085563","ABCB1",0.955841633871027,"2.85986933987665","2.79647356111784","3.57137703109834","3.31061505094125",0.983851645119995,1,0.0758172562946372
"ENSG00000242265","PEG10",0.348484629300166,"3.34621376631994","3.08130899498344","23.155388866681","19.2519700528756",0.604470252057695,1,0.184614137954778
"ENSG00000066923","STAG3",0.679848025534866,"2.75475291504232","2.81569233371098","7.85864442238219","9.62314280119296",0.860528356645484,1,-0.202556779613806
"ENSG00000214300","SPDYE3",0.5757994032806,"2.49801412530322","2.66978504317602","7.59026714913434","9.14057681025151",0.800988278821033,1,-0.185856703514901
"ENSG00000128564","VGF",0.0488911365543872,"1.84550544205885","1.84893614280234","22.4394632019775","31.5968724600489",0.149469613690297,1,-0.342236984023606
"ENSG00000205238","SPDYE2",0.0206815597909041,"2.67772954322742","2.38067096952921","6.04682952286031","10.5432161462161",0.0854635044300596,1,-0.555948544905937
"ENSG00000170615","SLC26A5",0.732023071019088,"2.6885953722079","2.77015797583448","2.3213844385622","2.74771773393975",0.890469623187722,1,-0.168606903718606
"ENSG00000189056","RELN",0.583008693760535,"2.40075248635145","2.18497432079204","217.934886976199","180.324769474174",0.805458516456988,1,0.189436834580751
"ENSG00000091138","SLC26A3",0.6993310924959,"0.25646466753463","0.0489099727746667","3.50120532203933","3.20254952319729",0.873386831072657,1,0.0891600683493381
"ENSG00000128590","DNAJB9",0.0455946834265238,"3.22242283442652","2.80960844275335","5.23533053564207","5.02802363312701",0.14235673380948,1,0.0404029908773115
"ENSG00000128573","FOXP2",0.448666079936972,"5.98276006006306","0.0617932160390912","3.71521255615512","5.16376364462556",0.710721621824775,1,-0.329229809925179
"ENSG00000001626","CFTR",0.201987552764206,"2.53470828628218","2.5920556466526","2.58964314232329","3.82366570598233",0.426755656592044,1,-0.389689488052353
"ENSG00000164675","IQUB",0.322086753676274,"4.64429893699896","4.99685637963641","6.08773214478894","5.06763546896096",0.58206325831447,1,0.183401290464419
"ENSG00000004059","ARF5",0.56293536633149,"3.01123869261783","2.76410590487828","3.10837503836686","2.78021998107849",0.7948986831113,1,0.111570039484433
"ENSG00000157219","HTR5A",0.0232328898498738,"3.31807903590052","2.90508509959908","4.2226775805084","2.05379015308901",0.0919999653912168,1,0.720782483303449
"ENSG00000186480","INSIG1",0.846067838045626,"4.03283190405292","3.99079039022274","11.180772294963","13.1085434567615",0.95288322495726,1,-0.159068646304448
"ENSG00000091879","ANGPT2",0.535342408732685,"2.69786936026016","2.62776819600801","7.17681696776215","8.78038026903156",0.781962192178753,1,-0.20166375202086
"ENSG00000253649","PRSS51",0.858792626535537,"2.71500467321639","2.76935954431671","5.27900132064067","6.11936670137302",0.955374771952001,1,-0.147721674991818
"ENSG00000147459","DOCK5",0.926676425857171,"6.18884366051618","6.24610097327515","5.39663944106499","5.85383960671243",0.979864258458224,1,-0.081321354856158
"ENSG00000168081","PNOC",0.169300729511544,"2.67598832888398","2.42821982612385","5.3232007682423","7.04017139400761",0.395667022603745,1,-0.279557745011612
"ENSG00000120875","DUSP4",0.00939430388255918,"1.80045385991013","1.55294073798901","9.30569348748943","13.8249019246542",0.0471392748392702,1,-0.395845037530392
"ENSG00000133863","TEX15",0.0320090872192906,"5.67252022966343","5.17415415243896","7.28191815059971","4.96759176817932",0.11681238322884,1,0.382459140740275
"ENSG00000176907","TCIM",0.0489366706744033,"2.32207192438824","2.15288186703388","6.02259382276578","7.92047285600636",0.149469613690297,1,-0.273932873992307
"ENSG00000147571","CRH",6.85615831074278e-06,"1.87885062593459","1.77762554317221","19.8659820379102","34.3009741389488",0.000642193495106241,0.00192658048531872,-0.546164930690672
"ENSG00000178460","MCMDC2",0.711316416042409,"3.69966407619686","3.68579524391559","3.06477431526498","2.31616814800092",0.875043074976214,1,0.280059773971826
"ENSG00000245910","SNHG6",0.00437019208708707,"2.98800091146747","2.73898885703143","9.92389110717914","16.9762627756054",0.0307005994117867,1,-0.536870967898482
"ENSG00000147592","LACTB2",0.536621443242934,"4.24513737986985","4.53290750408338","1.69750441172131","1.2786286924151",0.781962192178753,1,0.283371009807216
"ENSG00000104432","IL7",0.932190813224797,"2.78501557925659","2.88143795646407","4.55001798607853","4.54752002839035",0.981069732270292,1,0.000549150274938643
"ENSG00000133742","CA1",0.551612184814237,"3.01372352472827","2.79419688601734","3.61418362605689","3.72143926109961",0.782843555216165,1,-0.029244491080092
"ENSG00000253250","C8orf88",0.341368765320122,"4.95427933639924","5.01897110852977","2.63039103226154","1.67578792962073",0.603000176225145,1,0.450849056191293
"ENSG00000174226","SNX31",0.962983811220618,"5.0122625246525","5.08355748785016","9.07645749239556","8.89133444382169",0.983994367101795,1,0.0206068280502487
"ENSG00000136999","CCN3",0.0232455428568555,"1.85589306071815","2.03323142907696","3.11827358491675","4.64825223213221",0.0919999653912168,1,-0.399211774381455
"ENSG00000104549","SQLE",0.943794411930278,"3.9329898085163","3.87492722097646","11.5434144304123","11.9312768439495",0.983851645119995,1,-0.0330481632063988
"ENSG00000107099","DOCK8",0.953893264048996,"5.93996056103386","5.92573823987956","3.65322272772513","4.11025018267809",0.983851645119995,1,-0.117874181217634
"ENSG00000198680","TUSC1",0.169314650054739,"3.16054866681716","2.76058298429973","2.1499015849475","2.14714593365117",0.395667022603745,1,0.00128257910212023
"ENSG00000175768","TOMM5",0.00125505404037526,"2.91981826637248","2.59395220369716","5.62484852113998","8.61155787224579",0.0176335092672724,0.352670185345448,-0.42591122146272
"ENSG00000083067","TRPM3",0.82047376397859,"5.90302352203067","6.06724447543941","89.8575452784269","93.9293343440291",0.938190780414726,1,-0.0443171511661065
"ENSG00000187753","C9orf153",0.908086963846859,"4.84775291371783","4.93519216549126","3.19491128155377","2.84418796444825",0.973940598629647,1,0.11628171820698
"ENSG00000156345","CDK20",0.183144519794782,"3.24169261013041","3.01269035176827","1.94141215924072","1.12030646081465",0.41170888049867,1,0.549813351800769
"ENSG00000165030","NFIL3",0.218655010474072,"4.27317766743059","4.06883187350669","2.487711950632","1.50275288269067",0.452270540936171,1,0.504064711492749
"ENSG00000165181","SHOC1",0.94747560489514,"3.20982837192841","3.14377786746666","8.24253559428652","8.20782619966611",0.983851645119995,1,0.00421990063958681
"ENSG00000182752","PAPPA",0.323464845731088,"2.40575884724008","2.72909886878101","6.21712570281815","9.07896250831732",0.58206325831447,1,-0.378652230595242
"ENSG00000167081","PBX3",0.303831356967157,"5.96157142671877","5.87115744353464","21.2034807732452","14.2897858350451",0.561688232287968,1,0.394620350839173
"ENSG00000152457","DCLRE1C",0.000811568835158437,"3.11968912198629","2.83388263631942","3.17946829489453","7.38280325648078",0.0160880420974259,0.228050842679521,-0.842439431592336
"ENSG00000198682","PAPSS2",0.544790084754728,"1.72812112558519","1.54610750555326","9.37351288017206","10.5655678932967",0.782130522570639,1,-0.119712468787772
"ENSG00000173124","ACSM6",0.193866923615139,"2.43417582967921","2.85234001947368","3.60739084436435","3.239616610684",0.422299267719799,1,0.107529760468762
"ENSG00000171314","PGAM1",0.0814449831479139,"2.93311696508087","2.74281755772044","36.2690067580385","41.5932300255994",0.238396252755873,1,-0.13697384600404
"ENSG00000142089","IFITM3",0.0276336880622302,"6.19189745293092","5.92464357923203","3.71657657524111","1.63531896046886",0.104933328993063,1,0.820965100920184
"ENSG00000158042","MRPL17",0.0986014038428493,"2.8603681313285","2.95009491157568","1.59585076504953","2.72716201048368",0.274326678018224,1,-0.535854522836123
"ENSG00000110700","RPS13",0.00188526067453874,"3.16973693021583","2.91933526837829","9.04055635435385","16.907403990567",0.0211903299818154,0.529758249545386,-0.626030915805779
"ENSG00000182255","KCNA4",0.140245453393859,"3.70477013124628","3.95849522583127","2.09689243853523","1.17374837611136",0.336828823963029,1,0.580254089548698
"ENSG00000134575","ACP2",0.00906871562045213,"2.33270275998325","2.50413972268857","3.19116457850998","5.17335632175951",0.0465866641838261,1,-0.483135747908629
"ENSG00000123444","KBTBD4",0.0353466604771686,"3.10617769851338","2.51031464972291","2.28441384278527","2.13332506309274",0.120383659659397,1,0.0684276424783715
"ENSG00000134809","TIMM10",0.0192587583932758,"2.92360262726197","2.55652907263021","2.11262722047761","3.14233881326783",0.080771807589709,1,-0.397035066503384
"ENSG00000156587","UBE2L6",0.116905733556216,"3.17791303705914","2.94632594686097","3.17925303347218","4.02391241002935",0.298103797025369,1,-0.235608391603854
"ENSG00000211450","SELENOH",0.00085879228278074,"2.6319673547478","2.49440868964153","8.03987127623624","15.1168443466492",0.0160880420974259,0.241320631461388,-0.631396569092477
"ENSG00000149806","FAU",0.000422545950977961,"3.13845486596751","2.87545957026749","14.5774473912185","29.7956859473835",0.0107941283840734,0.118735412224807,-0.714887980960501
"ENSG00000149380","P4HA3",0.185828500341553,"2.47738427694563","2.64538911656972","4.62911533548366","6.92061912563751",0.414427052349019,1,-0.40213945705846
"ENSG00000255501","CARD18",0.241687360118378,"3.39967412170518","3.87109007430554","1.22211944918123","2.18388886914914",0.492131508646842,1,-0.580520567605699
"ENSG00000118181","RPS25",0.00662806279770767,"3.18524699612297","2.84396398345075","19.8327156277169","27.6155893689346",0.039439064046167,1,-0.331047566895742
"ENSG00000053702","NRIP2",0.022979668331597,"3.92302695917994","3.76916277736853","2.49143940636113","0.846279664452618",0.0919999653912168,1,1.07976601966353
"ENSG00000111652","COPS7A",0.00162810009656636,"2.45279507726735","2.52579379597922","5.64230300754935","9.68138734760108",0.0198911359623977,0.457496127135147,-0.539912895216253
"ENSG00000134539","KLRD1",0.613694747461086,"4.62347254863562","4.60334912591985","5.31882822774878","7.21683326651757",0.833083207906112,1,-0.30516322979236
"ENSG00000121380","BCL2L14",0.455515783648219,"2.5417214555351","2.58907932653469","8.9360995328826","11.1021499307666",0.710721621824775,1,-0.217039576899188
"ENSG00000178878","APOLD1",0.267510528754163,"5.59072467288758","5.61109507384507","6.74812920490948","4.95570343572644",0.514866154656985,1,0.308726189107071
"ENSG00000139155","SLCO1C1",0.545542997949627,"5.9815499482902","6.20129034388163","1.88185549293458","3.42754556893522",0.782130522570639,1,-0.599586173020409
"ENSG00000180116","C12orf40",0.675343796694297,"2.78705289913235","2.68822385021158","15.7049308062605","17.7117909141609",0.858695053715373,1,-0.120255844001073
"ENSG00000177875","CCDC184",0.256674611452003,"2.58788899650487","2.46277911249514","6.88372991341601","8.31473594664998",0.49741769529664,1,-0.188868712255729
"ENSG00000139537","CCDC65",0.0907047740147945,"2.26474523382833","2.44725279019076","5.18722416009617","7.60592165837216",0.254880414981573,1,-0.382728399289991
"ENSG00000178449","COX14",0.0296109960010338,"2.57178769066526","2.60487933703307","3.57132714255018","6.24318827808336",0.109482761530138,1,-0.558553718571809
"ENSG00000197728","RPS26",0.00368782580478607,"3.17853230506465","2.62368743476134","9.43767687907839","12.9595332101905",0.028956603435634,1,-0.317121815989747
"ENSG00000166863","TAC3",0.902389823046448,"3.31564011118982","3.20766164228323","9.50745295118536","10.6649521552639",0.973940598629647,1,-0.114886853560263
"ENSG00000175197","DDIT3",0.00858266658643154,"3.18655091814708","2.99361988811376","3.81341708807158","5.99401816766971",0.0465866641838261,1,-0.452236339168326
"ENSG00000135452","TSPAN31",0.00118473841542435,"2.62423320430666","2.69817314402681","2.47850226570807","5.08189331786461",0.0175216576175917,0.332911494734242,-0.718029439898962
"ENSG00000133773","CCDC59",0.631317607736502,"4.33731393214828","4.31408629681495","11.0811953669036","15.2403644810386",0.836793621575269,1,-0.318697905451602
"ENSG00000139351","SYCP3",0.707844297405176,"3.00066786465747","2.78621039324327","2.91393745516794","2.87975869788262",0.875043074976214,1,0.0117987387961815
"ENSG00000281344","HELLPAR",0.00876454581255324,"2.3993374648403","2.34066893093363","5.80828595721646","9.21329229933686",0.0465866641838261,1,-0.461361745090742
"ENSG00000132958","TPTE2",0.834240811837282,"4.16100726759323","4.3287824006395","3.11241771681671","2.32413092331564",0.945248661799501,1,0.292053652340628
"ENSG00000150893","FREM2",0.986652409804423,"5.75658284610951","5.82827577265534","3.82413429222954","3.64334583142982",0.990140314313104,1,0.048429668917335
"ENSG00000197168","NEK5",0.226919067009736,"2.71496487653104","2.78511707284265","2.95544185687228","4.61131076985164",0.465432538903181,1,-0.444863980216774
"ENSG00000179399","GPC5",0.873927258765565,"0.0480514593057534","6.16410246773795","89.7501701319408","93.8633632061896",0.964392772960834,1,-0.0448102188935057
"ENSG00000165821","SALL2",0.285032008551045,"2.92266869637004","2.78097687001277","4.0526244370412","4.88317858476728",0.541175637857052,1,-0.186431676769546
"ENSG00000165502","RPL36AL",0.00135819324956694,"2.84550451131581","2.76285455304096","6.811273358078","14.0353629376405",0.0181739191965862,0.38165230312831,-0.723000982700778
"ENSG00000165527","ARF6",0.125214270247442,"3.13413395575306","2.77933012677566","3.17078817128139","2.22230463481533",0.308642192452028,1,0.355435410261372
"ENSG00000027075","PRKCH",0.627316673175417,"4.80256106939968","4.30754047235658","3.14227778957747","3.98153578782384",0.835654369971269,1,-0.236719673572408
"ENSG00000119669","IRF2BPL",0.418728945261074,"2.98839654670884","2.81728676206092","6.34419289384347","4.94740971089911",0.673846600032199,1,0.248675740694564
"ENSG00000170270","GON7",0.189711270990378,"3.13947293967088","2.85680150206012","2.24239280151242","1.55379302727882",0.419754859435403,1,0.366844454696228
"ENSG00000134138","MEIS2",0.584745684545287,"6.21501358040167","5.97749892433091","15.54656551077","11.1413767542339",0.805458516456988,1,0.333173933336878
"ENSG00000137857","DUOX1",0.723065649879589,"3.10437420672256","3.10102720686958","3.845515917336","4.75256256138956",0.88339759833115,1,-0.211776186466864
"ENSG00000174446","SNAPC5",0.00580294631248839,"2.81920874241744","2.60792546398661","2.98829362997331","4.79132850398738",0.0388244741383152,1,-0.472105190264879
"ENSG00000213578","CPLX3",0.0870156242913918,"2.31811244696347","2.54697696409225","11.4286883040866","17.4702804247112",0.252076189957537,1,-0.424374463629842
"ENSG00000169783","LINGO1",0.900110825769759,"0.0132566441570923","0.0517489912363028","39.6887599939488","35.6729758097472",0.973940598629647,1,0.106674602015635
"ENSG00000184508","HDDC3",0.00645804042374068,"2.51348523209259","2.75349381255616","1.06153043188971","2.47289649809345",0.039439064046167,1,-0.845678464379717
"ENSG00000140557","ST8SIA2",0.0153496677502884,"1.83523623920001","1.26480363835541","3.56728615058227","3.47860535364023",0.0707091252103449,1,0.0251736717847943
"ENSG00000185551","NR2F2",0.0120647709927557,"3.47468147199672","2.80854623963898","18.3779112871459","11.548593691665",0.0584517353269716,1,0.46458579868746
"ENSG00000260260","SNHG19",0.171784258924046,"3.00949382872429","2.94859403410885","2.9330976694967","4.19079387164595",0.395667022603745,1,-0.356831094516159
"ENSG00000133392","MYH11",0.814119260224758,"1.45020402822063","1.41168870496372","5.63394041378301","6.64587249610007",0.938190780414726,1,-0.165186891474792
"ENSG00000134419","RPS15A",0.00147544795185016,"3.02720079973269","2.86939544460997","8.74751253366339","17.0302828754497",0.0188454942940861,0.414600874469895,-0.666223726869743
"ENSG00000166828","SCNN1G",0.112234650241447,"4.63968672724644","4.50898841966483","2.80691203773896","1.63430664323843",0.29751424633586,1,0.540866317145688
"ENSG00000168701","TMEM208",0.00381279119970982,"2.59640586987476","2.66142754050887","2.15080131462424","4.21959539686712",0.028956603435634,1,-0.673898768752836
"ENSG00000172137","CALB2",0.422139141470091,"3.20223745426839","2.89271302405314","14.7120873976019","14.8300341173696",0.673983515642589,1,-0.00798502886153517
"ENSG00000205078","SYCE1L",0.243966751853533,"2.26283531093774","2.52531655604908","3.14368409962721","3.90507862496277",0.493198973171531,1,-0.216882525221464
"ENSG00000185669","SNAI3",0.989345200281892,"3.02238914262227","3.00608539386387","2.57449385580169","2.47002016280852",0.990140314313104,1,0.0414266402544298
"ENSG00000158792","SPATA2L",0.847760876296495,"1.91717349879134","1.90162608959695","2.40872356052039","2.16484487222138",0.95288322495726,1,0.106748257920949
"ENSG00000181031","RPH3AL",0.00911838622815102,"0.778335962138454","6.13791969402902","2.87769375128393","0.907494471075479",0.0465866641838261,1,1.15405699788795
"ENSG00000127774","EMC6",0.000372295169955434,"3.21744927189977","2.60563574839929","2.34904043584184","3.51376343061921",0.0104614942757477,0.104614942757477,-0.402680745939923
"ENSG00000161970","RPL26",0.0062903612681576,"2.86846014762309","2.74075049763779","19.4088569666459","37.8655140266082",0.039439064046167,1,-0.668311271160547
"ENSG00000109084","TMEM97",0.853949274225479,"4.27415549821896","4.24840681985091","2.3783574433315","2.95354249456426",0.955374771952001,1,-0.216595195968713
"ENSG00000175906","ARL4D",0.182816517722673,"2.98098814100058","2.7380098203359","3.06148927548407","3.79952612098249",0.41170888049867,1,-0.215974865048278
"ENSG00000175832","ETV4",0.41286815986227,"2.23026007986913","2.48573138723403","1.93084854090059","2.50423310122183",0.672541982296126,1,-0.260022975654337
"ENSG00000108932","SLC16A6",0.137660763755532,"1.59609771596616","2.13515021369015","2.66195928112083","2.15411667797871",0.333471332890556,1,0.21168167819093
"ENSG00000125458","NT5C",0.197071494246417,"2.42982845020181","2.50264440044343","1.48027757192983","2.28722101413107",0.425379877064337,1,-0.43510793090187
"ENSG00000035862","TIMP2",0.249733950820042,"3.14540396709984","2.94446404566033","36.3263551860298","30.150520395945",0.495572025384704,1,0.186341332760639
"ENSG00000204237","OXLD1",0.0294238876626466,"2.60429588085676","2.55911503135974","1.48563963261934","2.8235174490219",0.109482761530138,1,-0.642138021483823
"ENSG00000166960","CCDC178",0.0168146428442372,"4.48663508215697","5.39282532908848","4.83401125975452","3.50840362950249",0.0738267912379789,1,0.320515483949259
"ENSG00000228300","FAM174C",0.299982978560694,"2.75271651339853","2.7144065566496","1.35771208904059","1.95238587456964",0.559337853564935,1,-0.363251154455516
"ENSG00000130164","LDLR",0.648114048683984,"4.71953830329168","4.50280177904507","4.64919902881535","6.13467622827842",0.838820135989919,1,-0.277262349348964
"ENSG00000130158","DOCK6",0.391957427138383,"2.26516303919188","2.45915747465265","4.84059273163323","6.0816437899785",0.651716195419442,1,-0.228237841187411
"ENSG00000171223","JUNB",0.54964653916476,"2.49617113223703","1.52428429677912","4.53057753951474","5.52467166738962",0.782843555216165,1,-0.198374395386052
"ENSG00000130307","USHBP1",0.455789063052979,"2.37728455672362","2.58362641561436","1.87963751468855","2.46891152990741",0.710721621824775,1,-0.272698430447285
"ENSG00000205138","SDHAF1",0.250268830143375,"3.08151782951743","2.93293890574786","2.07876477244935","2.66309596743187",0.495572025384704,1,-0.247715485611218
"ENSG00000160396","HIPK4",0.509363163522142,"2.8685819995868","2.88015293916684","2.92843796956936","4.01910012092976",0.754588033860843,1,-0.316588862373596
"ENSG00000105329","TGFB1",0.077756433350102,"3.02050221859487","2.67533081920412","3.66660399880394","5.30207353892941",0.229995344961881,1,-0.368832085057455
"ENSG00000182013","PNMA8A",0.414056095862028,"2.96094898855123","2.83594209280804","23.7902722897713","25.5718121143598",0.672541982296126,1,-0.0722138857534217
"ENSG00000108106","UBE2S",0.00660440869524294,"3.12698076908291","2.5980697860441","3.43690040310165","4.42794957084548",0.039439064046167,1,-0.253366606493876
"ENSG00000089199","CHGB",0.00219732148763025,"2.66303080829274","2.58958169943884","5.4697403202933","9.91669835187951",0.0220516906437179,0.6174473380241,-0.594988896597101
"ENSG00000125869","LAMP5",0.104416158316921,"2.47119661571613","2.66553998926241","17.7693809321569","23.8918261506254",0.284692360676799,1,-0.296059594623544
"ENSG00000232388","SMIM26",0.000146624841521586,"3.25207780822297","2.76864826410729","2.45798998564242","5.72342282903615",0.00576747933257439,0.0412015804675657,-0.845223086162315
"ENSG00000101438","SLC32A1",0.00509109656768575,"2.73682541763508","2.66677583002151","10.7600062916086","15.3871770472233",0.0348926374516999,1,-0.357698363839628
"ENSG00000054803","CBLN4",0.00614419987982895,"2.24389890793328","2.16272233796619","14.9006197373686","20.7050879528971",0.039439064046167,1,-0.32897665969624
"ENSG00000188992","LIPI",0.476869547329767,"2.7380511315183","2.97808025329155","4.09925108606224","5.44533247489645",0.728262732606872,1,-0.283954520018345
"ENSG00000154736","ADAMTS5",0.171598562533012,"1.5121084981736","1.82527661265844","4.85764325937694","3.58599039418391",0.395667022603745,1,0.303518697763669
"ENSG00000278558","TMEM191B",0.609818904248928,"3.02225112369487","3.15383431179239","2.20386120154697","3.11742011134001",0.831840349970625,1,-0.34679485876744
"ENSG00000099977","DDT",0.00703498969493169,"2.87872732019551","2.68036273333319","2.91353605226778","5.32993760099771",0.0403435123321593,1,-0.603972049242523
"ENSG00000100219","XBP1",0.658004739937136,"2.88965636454834","2.7072118814346","3.2724918945013","3.20253332767203",0.844289186859978,1,0.021609580444864
"ENSG00000198832","SELENOM",6.80517160323689e-05,"2.89167875271958","2.65215207158179","5.05826470723171","11.8172562957435",0.00382450644101913,0.0191225322050957,-0.848537379907411
"ENSG00000100234","TIMP3",0.907877914115216,"2.91894930779805","2.85756283636516","11.6901689719392","12.4704032187058",0.973940598629647,1,-0.0646098644900957
"ENSG00000187051","RPS19BP1",0.00413345057313071,"2.8201829767615","2.77408337490164","4.81637908034808","8.93350452679727",0.0297820413089674,1,-0.617786344506842
"ENSG00000128285","MCHR1",0.00796347718561464,"3.32847781694127","2.84700372355812","1.89640445011833","2.50889000539591",0.0447547417831543,1,-0.27988072774888
"ENSG00000173698","ADGRG2",0.3314443876805,"2.58023951315638","2.9668072739545","2.35209855323844","2.72845385438618",0.589467550241902,1,-0.148427164007721
"ENSG00000147123","NDUFB11",0.00312915196084388,"3.31229805747547","2.72269692252407","5.60933728219741","7.22118410427117",0.0266452030605191,0.87929170099713,-0.252586361778397
"ENSG00000198455","ZXDB",0.0355581628175443,"3.16025928404535","2.57775470546185","2.59268110641581","1.90216421716852",0.120383659659397,1,0.309700216906831
"ENSG00000270641","TSIX",0.804760599605641,"2.88872222236258","2.85905811980673","9.0847969785666","6.94723502665191",0.938190780414726,1,0.268258612188891
"ENSG00000241343","RPL36A",0.000666010449318108,"3.06015209377388","2.9116958044997","5.13009117827036","13.0108234846938",0.014396072019876,0.187148936258388,-0.930658154241572
"ENSG00000180964","TCEAL8",1.5670123493429e-05,"3.0519920280292","2.51747155379944","3.77312510941333","6.67106694933692",0.00110082617541339,0.00440330470165355,-0.569876209987617
"ENSG00000182916","TCEAL7",0.00274898714110331,"2.97853741070415","2.70613991011516","9.45850308994201","14.086613337358",0.0263495661296984,0.77246538665003,-0.398310802904534
"ENSG00000243978","RTL9",0.860177285778848,"2.67088326243347","2.75212283455288","4.2696652431007","4.77167266696721",0.955374771952001,1,-0.111161480599455
"ENSG00000125355","TMEM255A",0.399215429922727,"4.43503003176926","4.75571047003909","2.68439662428185","2.90192786009609",0.656230412295092,1,-0.0779193136985639
"ENSG00000071553","ATP6AP1",0.100803098515942,"2.96925011680526","2.77016220318851","19.8937549921032","23.5346490537633",0.277702653754703,1,-0.168067900081884
